,sku,Tên,Trạng thái,Nhãn hàng,Loại,Nhóm,Đặc điểm nổi bật,Giá gốc,Giá hiện tại,Giảm giá,Thời gian kết thúc giảm giá,Khuyến mãi,Link đặt hàng,Ảnh,Màu,Thông tin hàng hóa,Thiết kế và Trọng lượng,Thông số cơ bản,Màn hình,Giao tiếp và kết nối,Phụ kiện trong hộp
0,00905453,Màn hình Viewsonic VA2215-H/21.5 inch/FHD (1920x1080)/VA 100Hz,Mua ngay,Viewsonic,Màn hình,Màn hình văn phòng,"['21.5 inch ', 'FHD 1920x1080 ', 'Tấm nền VA ']",2490000,1690000,32,2024-10-24T23:59:00.000+07:00,"['Giảm 5% cho đơn từ 53,000đ', 'Giảm ngay 1 triệu khi mở thẻ tín dụng VPBank', 'Nhập mã FPTLAP giảm 5% tối đa 200.000đ', 'Giảm đến 700.000đ khi thanh toán trả góp qua Kredivo', 'Giảm đến 1 triệu trả góp qua thẻ Visa']",https://fptshop.com.vn/man-hinh/man-hinh-vewsonic-va2215-h-21-5-inch?sku=00905453,/,,"{'Model': 'VA2215-H 100hz', 'Xuất xứ': ['Trung Quốc'], 'Thời gian bảo hành (tháng)': 36}","{'Trọng lượng sản phẩm có chân đế': [{'displayValue': '5 kg', 'value': 5}], 'Kiểu chân đế': 'Vuông'}","{'Góc nhìn': ['178°(Dọc) / 178°(Ngang)'], 'Thời gian phản hồi': ['1ms'], 'Điện áp': '220 - 240 V'}","{'Loại màn hình': 'Màn hình phẳng', 'Kích thước màn hình': {'displayValue': '21.5 inch', 'value': 21.5}, 'Công nghệ màn hình': 'Anti-Glare LED-Backlit Display', 'Độ phân giải': ['1920 x 1080 Pixels'], 'Chuẩn màn hình': 'FHD', 'Độ sáng': '250 nits', 'Độ tương phản': '3000:1', 'Tấm nền': 'VA', 'Tần số quét': {'displayValue': '100 ', 'value': 100}, 'Tỷ lệ màn hình': '16:09', 'Màu màn hình': '16.7 Triệu'}","{'Cổng giao tiếp': ['Đầu vào: VGA', 'Đầu vào: HDMI', 'Đầu ra: Jack 3.5 mm']}",{'Phụ kiện trong hộp': ['Dây nguồn']}
1,00906492,Màn hình Gaming Xiaomi G27i EU(ELA5375EU)/27 inch/FullHD (1920x1080)/FastIPS 165Hz,Mua ngay,Xiaomi,Màn hình,Màn hình Gaming,"['27 inch ', 'Tần số quét 165Hz ', 'Tấm nền IPS ']",3990000,3090000,23,2024-10-24T23:59:00.000+07:00,"['Giảm 5% cho đơn từ 53,000đ', 'Giảm ngay 1 triệu khi mở thẻ tín dụng VPBank', 'Nhập mã FPTLAP giảm 5% tối đa 200.000đ', 'Giảm đến 700.000đ khi thanh toán trả góp qua Kredivo', 'Giảm đến 1 triệu trả góp qua thẻ Visa']",https://fptshop.com.vn/man-hinh/man-hinh-gaming-xiaomi-g27i-eu-ela5375eu-27-inch?sku=00906492,https://cdn2.fptshop.com.vn/unsafe/2024_2_19_638439406181582599_man-hinh-gaming-xiaomi-g27i-eu-ela5375eu-27-inch-3.jpg,Đen,"{'Model': 'G27i', 'Xuất xứ': ['Trung Quốc'], 'Thời gian bảo hành (tháng)': 36, 'Màu sắc': ['Đen']}","{'Kích thước có chân đế': '612.3 x 170 x 451.7 mm', 'Kích thước không chân đế': '612.3 x 37.3 x 361.6 mm', 'Trọng lượng sản phẩm có chân đế': [{'displayValue': '3.6 kg', 'value': 3.6}], 'Kiểu chân đế': 'Vuông'}","{'Góc nhìn': ['178°(Dọc) / 178°(Ngang)'], 'Thời gian phản hồi': ['1ms'], 'Đầu ra âm thanh': '1 x 3.5mm Audio-out (Headphone)'}","{'Loại màn hình': 'Màn hình phẳng', 'Kích thước màn hình': {'displayValue': '27 inch', 'value': 27}, 'Công nghệ màn hình': 'IPS LCD', 'Độ phân giải': ['1920 x 1080 Pixels'], 'Chuẩn màn hình': 'FHD', 'Độ sáng': '250 nits', 'Độ tương phản': '1000:1', 'Tấm nền': 'IPS', 'Tần số quét': {'displayValue': '165 ', 'value': 165}, 'Tỷ lệ màn hình': '16:09', 'Màu màn hình': '16.7 Triệu'}","{'Cổng giao tiếp': ['Đầu vào: HDMI', 'Đầu vào: DisplayPort']}","{'Phụ kiện trong hộp': ['Dây nguồn', 'Dây HDMI']}"
2,00907761,Màn hình Cong MSI Pro MP272C/27 inch FHD (1920x1080)/VA 75Hz,Mua ngay,MSI,Màn hình,Màn hình văn phòng,"['27 inch ', 'FHD 1920x1080 ', 'Tấm nền VA ']",3000000,2490000,17,2024-10-24T23:59:00.000+07:00,"['Giảm 5% cho đơn từ 53,000đ', 'Giảm ngay 1 triệu khi mở thẻ tín dụng VPBank', 'Nhập mã FPTLAP giảm 5% tối đa 200.000đ', 'Giảm đến 700.000đ khi thanh toán trả góp qua Kredivo', 'Giảm đến 1 triệu trả góp qua thẻ Visa']",https://fptshop.com.vn/man-hinh/man-hinh-cong-msi-pro-mp272c-27-inch?sku=00907761,https://cdn2.fptshop.com.vn/unsafe/2024_4_26_638497524136255848_man-hinh-cong-msi-pro-mp272C-27-inch-2.jpg,Đen,"{'Model': 'MP272C', 'Xuất xứ': ['Trung Quốc'], 'Thời gian bảo hành (tháng)': 24, 'Màu sắc': ['Đen']}","{'Kích thước có chân đế': '610.5 x 250 x 462.5 mm', 'Trọng lượng sản phẩm có chân đế': [{'displayValue': '5 kg', 'value': 5}], 'Kiểu chân đế': 'Chân tròn'}","{'Góc nhìn': ['178°(Dọc) / 178°(Ngang)'], 'Thời gian phản hồi': ['1ms'], 'Điện áp': '220 - 240 V'}","{'Loại màn hình': 'Màn hình cong', 'Kích thước màn hình': {'displayValue': '27 inch', 'value': 27}, 'Công nghệ màn hình': 'IPS LCD', 'Độ phân giải': ['1920 x 1080 Pixels'], 'Chuẩn màn hình': 'FHD', 'Độ sáng': '250 nits', 'Độ tương phản': '1300:1', 'Tấm nền': 'VA', 'Tần số quét': {'displayValue': '75 ', 'value': 75}, 'Tỷ lệ màn hình': '16:09', 'Màu màn hình': '16.7 Triệu'}","{'Cổng giao tiếp': ['Đầu vào: HDMI', 'Đầu vào: VGA/D-sub']}","{'Phụ kiện trong hộp': ['Dây nguồn', 'Dây HDMI']}"
3,00907086,Màn hình Gaming Acer VG240Y E/23.8inch/FullHD (1920x1080)/IPS 100Hz,Mua ngay,Acer,Màn hình,Màn hình Gaming,"['Tần số quét 100Hz ', 'Tấm nền IPS ', '24 inch ']",3190000,2290000,28,2024-10-24T23:59:00.000+07:00,"['Giảm 5% cho đơn từ 53,000đ', 'Giảm ngay 1 triệu khi mở thẻ tín dụng VPBank', 'Nhập mã FPTLAP giảm 5% tối đa 200.000đ', 'Giảm đến 700.000đ khi thanh toán trả góp qua Kredivo', 'Giảm đến 1 triệu trả góp qua thẻ Visa']",https://fptshop.com.vn/man-hinh/acer-gaming-vg240y-e-23-8-inch-fullhd-1920x1080-ips-100hz?sku=00907086,https://cdn2.fptshop.com.vn/unsafe/2024_5_21_638518964146185631_nitro-vg240y-e.jpg,Đen,"{'Model': 'VG240Y E', 'Xuất xứ': ['Trung Quốc'], 'Thời gian bảo hành (tháng)': 36, 'Màu sắc': ['Đen']}","{'Kích thước có chân đế': '540 x 414 x 240 mm', 'Trọng lượng sản phẩm có chân đế': [{'displayValue': '5 kg', 'value': 5}], 'Kiểu chân đế': 'Vuông'}","{'Góc nhìn': ['178°(Dọc) / 178°(Ngang)'], 'Thời gian phản hồi': ['1ms'], 'Điện áp': '220 - 240 V'}","{'Loại màn hình': 'Màn hình phẳng', 'Kích thước màn hình': {'displayValue': '24 inch', 'value': 24}, 'Công nghệ màn hình': 'IPS LCD', 'Độ phân giải': ['1920 x 1080 Pixels'], 'Chuẩn màn hình': 'FHD', 'Độ sáng': '250 nits', 'Độ tương phản': '1000:1', 'Tấm nền': 'IPS', 'Tần số quét': {'displayValue': '100 ', 'value': 100}, 'Tỷ lệ màn hình': '16:09', 'Màu màn hình': '16.7 Triệu'}","{'Cổng giao tiếp': ['Đầu vào: HDMI', 'Đầu vào: DisplayPort']}","{'Phụ kiện trong hộp': ['Dây nguồn', 'Dây HDMI']}"
4,00908831,Màn hình Gaming Asus VY249HF-R/23.8 inch FullHD (1920x1080)/IPS 100hz,Mua ngay,Asus,Màn hình,Màn hình Gaming,"['24 inch ', 'Tần số quét 100Hz ', 'Tấm nền IPS ']",3000000,2290000,24,2024-10-24T23:59:00.000+07:00,"['Giảm 5% cho đơn từ 53,000đ', 'Giảm ngay 1 triệu khi mở thẻ tín dụng VPBank', 'Nhập mã FPTLAP giảm 5% tối đa 200.000đ', 'Giảm đến 700.000đ khi thanh toán trả góp qua Kredivo', 'Giảm đến 1 triệu trả góp qua thẻ Visa']",https://fptshop.com.vn/man-hinh/asus-vy249hf-r-gaming-24-inch-fhd-ips-100hz,https://cdn2.fptshop.com.vn/unsafe/00908831_asus_vy249hf_r_68e27750b6.png,Đen,"{'Model': 'VY249HF-R', 'Xuất xứ': ['Trung Quốc'], 'Thời gian bảo hành (tháng)': 36, 'Màu sắc': ['Đen']}","{'Kích thước có chân đế': '541 x 398 x 185 mm', 'Trọng lượng sản phẩm có chân đế': [{'displayValue': '4 kg', 'value': 4}], 'Kiểu chân đế': 'Chân chữ V'}","{'Góc nhìn': ['178°(Dọc) / 178°(Ngang)'], 'Thời gian phản hồi': ['1ms'], 'Điện áp': '220 - 240 V'}","{'Loại màn hình': 'Màn hình phẳng', 'Kích thước màn hình': {'displayValue': '23.8 inch', 'value': 23.8}, 'Công nghệ màn hình': 'IPS LCD', 'Độ phân giải': ['1920 x 1080 Pixels'], 'Chuẩn màn hình': 'FHD', 'Độ sáng': '250 nits', 'Độ tương phản': '1000:1', 'Tấm nền': 'IPS', 'Tần số quét': {'displayValue': '100 ', 'value': 100}, 'Tỷ lệ màn hình': '16:09', 'Màu màn hình': '16.7 Triệu'}",{'Cổng giao tiếp': ['Đầu vào: HDMI']},{'Phụ kiện trong hộp': ['Dây nguồn']}
5,00908531,Màn hình Gaming Samsung Odyssey G5 LS27CG552EEXXV/27 inch QHD (2560x1440)/VA 165Hz,Mua ngay,Samsung,Màn hình,Màn hình Gaming,"['Tần số quét 165Hz ', 'Tấm nền VA ', '27 inch ']",7789000,5290000,32,2024-10-24T23:59:00.000+07:00,"['Giảm 5% cho đơn từ 53,000đ', 'Giảm ngay 1 triệu khi mở thẻ tín dụng VPBank', 'Nhập mã FPTLAP giảm 5% tối đa 200.000đ', 'Giảm đến 700.000đ khi thanh toán trả góp qua Kredivo', 'Giảm đến 1 triệu trả góp qua thẻ Visa']",https://fptshop.com.vn/man-hinh/samsung-odyssey-g5-ls27cg552eexxv?sku=00908531,https://cdn2.fptshop.com.vn/unsafe/samsung_odyssey_g5_g55c_ls27cg552eexxv_5d0a72f4b6.png,Đen,"{'Model': 'LS27CG552', 'Xuất xứ': ['Trung Quốc'], 'Thời gian bảo hành (tháng)': 24, 'Màu sắc': ['Đen']}","{'Kích thước có chân đế': '616.6 x 477.4 x 272.6 mm', 'Kích thước không chân đế': '614.6 x 382.8 x 120.0 mm', 'Trọng lượng sản phẩm có chân đế': [{'displayValue': '4.1 kg', 'value': 4.1}], 'Kiểu chân đế': 'Chân chữ V'}","{'Thời gian phản hồi': ['1ms'], 'Điện áp': '220 - 240 V'}","{'Loại màn hình': 'Màn hình cong', 'Kích thước màn hình': {'displayValue': '27 inch', 'value': 27}, 'Công nghệ màn hình': 'VA', 'Độ phân giải': ['2560 x 1440 Pixels'], 'Chuẩn màn hình': 'QHD', 'Độ sáng': '300 nits', 'Độ tương phản': '1000:1', 'Tấm nền': 'VA', 'Tần số quét': {'displayValue': '165 ', 'value': 165}, 'Tỷ lệ màn hình': '16:09', 'Màu màn hình': '16.7 Triệu'}","{'Cổng giao tiếp': ['Đầu vào: HDMI', 'Đầu vào: DisplayPort']}",{'Phụ kiện trong hộp': ['Dây nguồn']}
6,00910095,Màn hình MSI Pro MP275Q/27 inch 2K(2560x1440)/IPS 100hz,Mua ngay,MSI,Màn hình,Màn hình văn phòng,"['27 inch ', '2K 2560x1440 ', 'Tấm nền IPS ']",4190000,3990000,5,2024-10-24T23:59:00.000+07:00,"['Giảm 5% cho đơn từ 53,000đ', 'Giảm ngay 1 triệu khi mở thẻ tín dụng VPBank', 'Nhập mã FPTLAP giảm 5% tối đa 200.000đ', 'Giảm đến 700.000đ khi thanh toán trả góp qua Kredivo', 'Giảm đến 1 triệu trả góp qua thẻ Visa']",https://fptshop.com.vn/man-hinh/msi-pro-mp275q-27-inch-2k?sku=00910095,https://cdn2.fptshop.com.vn/unsafe/msi_pro_mp275q_27_inch_2k_1_1acec30944.jpg,Đen,"{'Model': 'MP275Q', 'Xuất xứ': ['Trung Quốc'], 'Thời gian bảo hành (tháng)': 24, 'Màu sắc': ['Đen']}","{'Kích thước có chân đế': '614.0 x 456.7 x 207.2 mm', 'Trọng lượng sản phẩm có chân đế': [{'displayValue': '4.1 kg', 'value': 4.1}], 'Kiểu chân đế': 'Vuông'}","{'Góc nhìn': ['178°(Dọc) / 178°(Ngang)'], 'Thời gian phản hồi': ['1ms'], 'Điện áp': '220 - 240 V'}","{'Loại màn hình': 'Màn hình phẳng', 'Kích thước màn hình': {'displayValue': '27 inch', 'value': 27}, 'Công nghệ màn hình': 'IPS', 'Độ phân giải': ['2560 x 1440 Pixels'], 'Chuẩn màn hình': 'WQHD', 'Độ sáng': '300 nits', 'Độ tương phản': '1300:1', 'Tấm nền': 'IPS', 'Tần số quét': {'displayValue': '100 ', 'value': 100}, 'Tỷ lệ màn hình': '16:09', 'Màu màn hình': '16.7 Triệu'}","{'Cổng giao tiếp': ['Đầu vào: HDMI', 'Đầu vào: DisplayPort']}","{'Phụ kiện trong hộp': ['Dây nguồn', 'Dây HDMI']}"
7,00908814,Màn hình MSI Pro MP225/21.5 inch FullHD (1920x1080)/IPS 100Hz,Mua ngay,MSI,Màn hình,Màn hình văn phòng,"['21.5 inch ', 'FHD 1920x1080 ', 'Tấm nền IPS ']",2150000,1790000,17,2024-10-24T23:59:00.000+07:00,"['Giảm 5% cho đơn từ 53,000đ', 'Giảm ngay 1 triệu khi mở thẻ tín dụng VPBank', 'Nhập mã FPTLAP giảm 5% tối đa 200.000đ', 'Giảm đến 700.000đ khi thanh toán trả góp qua Kredivo', 'Giảm đến 1 triệu trả góp qua thẻ Visa']",https://fptshop.com.vn/man-hinh/msi-pro-mp225-21-5-inch-fullhd-1920x1080-ips-100hz?sku=00908814,https://cdn2.fptshop.com.vn/unsafe/2024_6_20_638545038235858795_msi-pro-mp-225.jpg,Đen,"{'Model': 'MP225', 'Xuất xứ': ['Trung Quốc'], 'Thời gian bảo hành (tháng)': 24, 'Màu sắc': ['Đen']}","{'Kích thước có chân đế': '539.9 x 411.4 x 170 mm', 'Trọng lượng sản phẩm có chân đế': [{'displayValue': '3 kg', 'value': 3}], 'Kiểu chân đế': 'Vuông'}","{'Góc nhìn': ['178°(Dọc) / 178°(Ngang)'], 'Thời gian phản hồi': ['1ms'], 'Điện áp': '220 - 240 V'}","{'Loại màn hình': 'Màn hình phẳng', 'Kích thước màn hình': {'displayValue': '21.5 inch', 'value': 21.5}, 'Công nghệ màn hình': 'IPS LCD', 'Độ phân giải': ['1920 x 1080 Pixels'], 'Chuẩn màn hình': 'FHD', 'Độ sáng': '250 nits', 'Độ tương phản': '1000:1', 'Tấm nền': 'IPS', 'Tần số quét': {'displayValue': '100 ', 'value': 100}, 'Tỷ lệ màn hình': '16:09', 'Màu màn hình': '16.7 Triệu'}","{'Cổng giao tiếp': ['Đầu vào: HDMI', 'Đầu vào: VGA/D-sub']}",{'Phụ kiện trong hộp': ['Dây nguồn']}
8,00906493,Màn hình Xiaomi A27i EU(ELA5345EU)/27 inch/FullHD (1920x1080)/IPS 100Hz,Mua ngay,Xiaomi,Màn hình,Màn hình văn phòng,"['27 inch ', 'FHD 1920x1080 ', 'Tấm nền IPS ']",3000000,2290000,24,2024-10-24T23:59:00.000+07:00,"['Giảm 5% cho đơn từ 53,000đ', 'Giảm ngay 1 triệu khi mở thẻ tín dụng VPBank', 'Nhập mã FPTLAP giảm 5% tối đa 200.000đ', 'Giảm đến 700.000đ khi thanh toán trả góp qua Kredivo', 'Giảm đến 1 triệu trả góp qua thẻ Visa']",https://fptshop.com.vn/man-hinh/man-hinh-xiaomi-a27i-ela5345eu-27-inch?sku=00906493,https://cdn2.fptshop.com.vn/unsafe/2024_2_19_638439385659072368_man-hinh-xiaomi-a27i-ela5345eu-27-inch-1.jpg,Đen,"{'Model': 'A27i', 'Xuất xứ': ['Trung Quốc'], 'Thời gian bảo hành (tháng)': 36, 'Màu sắc': ['Đen']}","{'Kích thước có chân đế': '612.3 x 170 x 451.7 mm', 'Kích thước không chân đế': '612.3 x 37.3 x 361.6 mm', 'Trọng lượng sản phẩm có chân đế': [{'displayValue': '3.6 kg', 'value': 3.6}], 'Kiểu chân đế': 'Vuông'}","{'Góc nhìn': ['178°(Dọc) / 178°(Ngang)'], 'Thời gian phản hồi': ['6ms']}","{'Loại màn hình': 'Màn hình phẳng', 'Kích thước màn hình': {'displayValue': '27 inch', 'value': 27}, 'Công nghệ màn hình': 'IPS LCD', 'Độ phân giải': ['1920 x 1080 Pixels'], 'Chuẩn màn hình': 'FHD', 'Độ sáng': '250 nits', 'Độ tương phản': '1000:1', 'Tấm nền': 'IPS', 'Tần số quét': {'displayValue': '100 ', 'value': 100}, 'Tỷ lệ màn hình': '16:09', 'Màu màn hình': '16.7 Triệu'}","{'Cổng giao tiếp': ['Đầu vào: HDMI', 'Đầu vào: DisplayPort']}","{'Phụ kiện trong hộp': ['Cáp HDMI', 'Dây nguồn']}"
9,00910845,Màn hình MSI MP251 E2/24.5 inch FullHD (1920x1080)/IPS 120Hz,Mua ngay,MSI,Màn hình,Màn hình văn phòng,"['24.5 inch ', 'FHD 1920x1080 ', 'Tần số quét 120 Hz ']",2590000,2390000,8,2024-10-24T23:59:00.000+07:00,"['Giảm 5% cho đơn từ 53,000đ', 'Giảm ngay 1 triệu khi mở thẻ tín dụng VPBank', 'Nhập mã FPTLAP giảm 5% tối đa 200.000đ', 'Giảm đến 700.000đ khi thanh toán trả góp qua Kredivo', 'Giảm đến 1 triệu trả góp qua thẻ Visa']",https://fptshop.com.vn/man-hinh/msi-mp251-e2-24-5-inch-fullhd?sku=00910845,https://cdn2.fptshop.com.vn/unsafe/msi_pro_mp251_e2_070911019c.png,Đen,"{'Model': 'MP251 E2', 'Xuất xứ': ['Trung Quốc'], 'Thời gian bảo hành (tháng)': 24, 'Màu sắc': ['Đen']}","{'Kích thước có chân đế': '557.5 x 207.2 x 422.1 mm', 'Trọng lượng sản phẩm có chân đế': [{'displayValue': '4 kg', 'value': 4}], 'Kiểu chân đế': 'Vuông'}","{'Góc nhìn': ['178°(Dọc) / 178°(Ngang)'], 'Thời gian phản hồi': ['1ms'], 'Điện áp': '220 - 240 V', 'Đầu ra âm thanh': 'Tai nghe, Loa PC (Internal Speaker)'}","{'Loại màn hình': 'Màn hình phẳng', 'Kích thước màn hình': {'displayValue': '24.5 inch', 'value': 24.5}, 'Công nghệ màn hình': 'IPS', 'Độ phân giải': ['1920 x 1080 Pixels'], 'Chuẩn màn hình': 'FHD', 'Độ sáng': '300 nits', 'Độ tương phản': '1500:1', 'Tấm nền': 'IPS', 'Tần số quét': {'displayValue': '120 ', 'value': 120}, 'Tỷ lệ màn hình': '16:09', 'Màu màn hình': '16.7 Triệu'}","{'Cổng giao tiếp': ['Đầu vào: HDMI', 'Đầu vào: DisplayPort']}","{'Phụ kiện trong hộp': ['Dây nguồn', 'Dây HDMI']}"
10,00904699,Màn hình Samsung LS24C330GAEXXV/24 inch/FHD(1920x1080)/IPS 100Hz,Mua ngay,Samsung,Màn hình,Màn hình văn phòng,"['24 inch ', 'FHD 1920x1080 ', 'Tấm nền IPS ']",3000000,2390000,20,2024-10-24T23:59:00.000+07:00,"['Giảm 5% cho đơn từ 53,000đ', 'Giảm ngay 1 triệu khi mở thẻ tín dụng VPBank', 'Nhập mã FPTLAP giảm 5% tối đa 200.000đ', 'Giảm đến 700.000đ khi thanh toán trả góp qua Kredivo', 'Giảm đến 1 triệu trả góp qua thẻ Visa']",https://fptshop.com.vn/man-hinh/man-hinh-samsung-ls24c330gaexxv-24-inch?sku=00904699,/,Đen,"{'Model': 'Samsung LS24C330GAEXXV', 'Xuất xứ': ['Việt Nam'], 'Thời gian bảo hành (tháng)': 24, 'Màu sắc': ['Đen']}","{'Kích thước có chân đế': '539.5 x 422.4 x 253.5 mm', 'Trọng lượng sản phẩm có chân đế': [{'displayValue': '2.9 kg', 'value': 2.9}]}",{'Góc nhìn': ['178°(Dọc) / 178°(Ngang)']},"{'Loại màn hình': 'Màn hình phẳng', 'Kích thước màn hình': {'displayValue': '24 inch', 'value': 24}, 'Độ phân giải': ['FHD (1920 x 1080)'], 'Chuẩn màn hình': 'FHD', 'Độ sáng': '250 nits', 'Độ tương phản': '1000:1', 'Tấm nền': 'IPS', 'Tần số quét': {'displayValue': '100 Hz', 'value': 100}, 'Tỷ lệ màn hình': '16:09', 'Màu màn hình': '16.7 Triệu'}",,"{'Phụ kiện trong hộp': ['Cáp', 'Cáp HDMI']}"
11,00904732,Màn hình Samsung LS27C330GAEXXV/27 inch/FHD(1920x1080)/IPS 100Hz,Mua ngay,Samsung,Màn hình,Màn hình văn phòng,"['27 inch ', 'FHD 1920x1080 ', 'Tấm nền IPS ']",3450000,2990000,13,2024-10-24T23:59:00.000+07:00,"['Giảm 5% cho đơn từ 53,000đ', 'Giảm ngay 1 triệu khi mở thẻ tín dụng VPBank', 'Nhập mã FPTLAP giảm 5% tối đa 200.000đ', 'Giảm đến 700.000đ khi thanh toán trả góp qua Kredivo', 'Giảm đến 1 triệu trả góp qua thẻ Visa']",https://fptshop.com.vn/man-hinh/man-hinh-samsung-ls27c330gaexxv-27-inch?sku=00904732,https://cdn2.fptshop.com.vn/unsafe/2023_9_29_638315826515111336_man-hinh-samsung-ls27c330gaexxv-27-inch.jpg,Đen,"{'Model': 'Samsung LS27C330GAEXXV', 'Xuất xứ': ['Việt Nam'], 'Thời gian bảo hành (tháng)': 24, 'Màu sắc': ['Đen']}","{'Kích thước có chân đế': '611.7 x 462.7 x 253.5 mm', 'Trọng lượng sản phẩm có chân đế': [{'displayValue': '3.6 kg', 'value': 3.6}]}","{'Góc nhìn': ['178°(Dọc) / 178°(Ngang)'], 'Thời gian phản hồi': ['4ms'], 'Tiêu thụ năng lượng': ['Đang cập nhật']}","{'Loại màn hình': 'Màn hình phẳng', 'Kích thước màn hình': {'displayValue': '27 inch', 'value': 27}, 'Độ phân giải': ['FHD (1920 x 1080)'], 'Chuẩn màn hình': 'FHD', 'Độ sáng': '250 nits', 'Độ tương phản': '1000:1', 'Tấm nền': 'IPS', 'Tần số quét': {'displayValue': '100 Hz', 'value': 100}, 'Tỷ lệ màn hình': '16:09', 'Màu màn hình': '16.7 Triệu'}",,"{'Phụ kiện trong hộp': ['Cáp', 'Dây HDMI']}"
12,00908540,Màn hình LG 27MR400-B/27 inch FullHD (1920x1080)/IPS 100Hz,Mua ngay,LG,Màn hình,Màn hình văn phòng,"['27 inch ', 'FHD 1920x1080 ', 'Tấm nền IPS ']",3290000,2690000,18,2024-10-24T23:59:00.000+07:00,"['Giảm 5% cho đơn từ 53,000đ', 'Giảm ngay 1 triệu khi mở thẻ tín dụng VPBank', 'Nhập mã FPTLAP giảm 5% tối đa 200.000đ', 'Giảm đến 700.000đ khi thanh toán trả góp qua Kredivo', 'Giảm đến 1 triệu trả góp qua thẻ Visa']",https://fptshop.com.vn/man-hinh/lg-27mr400-b-27-inch?sku=00908540,https://cdn2.fptshop.com.vn/unsafe/lg_27mr400_b_1_016cc728c0.png,Đen,"{'Model': '27MR400-B', 'Xuất xứ': ['Trung Quốc'], 'Thời gian bảo hành (tháng)': 24, 'Màu sắc': ['Đen']}","{'Kích thước có chân đế': '611,7 x 456,1 x 200,0 mm', 'Kích thước không chân đế': '611,7 x 362,3 x 50,5 mm', 'Trọng lượng sản phẩm có chân đế': [{'displayValue': '3.2 kg', 'value': 3.2}], 'Kiểu chân đế': 'Vuông'}","{'Thời gian phản hồi': ['5ms'], 'Điện áp': '220 - 240 V'}","{'Loại màn hình': 'Màn hình phẳng', 'Kích thước màn hình': {'displayValue': '27 inch', 'value': 27}, 'Công nghệ màn hình': 'IPS', 'Độ phân giải': ['1920 x 1080 Pixels'], 'Chuẩn màn hình': 'FHD', 'Độ sáng': '250 nits', 'Độ tương phản': '1300:1', 'Tấm nền': 'IPS', 'Tần số quét': {'displayValue': '100 ', 'value': 100}, 'Tỷ lệ màn hình': '16:09', 'Màu màn hình': '16.7 Triệu'}","{'Cổng giao tiếp': ['Đầu vào: HDMI', 'Đầu vào: VGA/D-sub']}",{'Phụ kiện trong hộp': ['Dây nguồn']}
13,00900560,Màn hình ASUS VA24EHF/24 inch/FHD (1920x1080)/IPS 100Hz,Mua ngay,Asus,Màn hình,Màn hình văn phòng,"['24 inch ', 'FHD 1920x1080 ', 'Tấm nền IPS ']",3190000,2290000,28,2024-10-24T23:59:00.000+07:00,"['Giảm 5% cho đơn từ 53,000đ', 'Giảm ngay 1 triệu khi mở thẻ tín dụng VPBank', 'Nhập mã FPTLAP giảm 5% tối đa 200.000đ', 'Giảm đến 700.000đ khi thanh toán trả góp qua Kredivo', 'Giảm đến 1 triệu trả góp qua thẻ Visa']",https://fptshop.com.vn/man-hinh/man-hinh-asus-va24ehf-24-inch?sku=00900560,https://cdn2.fptshop.com.vn/unsafe/2023_8_26_638286614321062132_man-hinh-asus-va24ehf-24-inch-den-1.jpg,Đen,"{'Model': 'ASUS VA24EHF', 'Xuất xứ': ['Trung Quốc'], 'Thời điểm ra mắt': '2023', 'Thời gian bảo hành (tháng)': 36, 'Hướng dẫn bảo quản': 'Để nơi khô ráo, nhẹ tay, dễ vỡ.', 'Hướng dẫn sử dụng': 'Xem trong sách hướng dẫn sử dụng', 'Màu sắc': ['Đen']}","{'Kích thước có chân đế': '539.52 x 417.22 x 205.94 mm', 'Kích thước không chân đế': '539.52 x 313.15 x 48.15 mm', 'Trọng lượng sản phẩm có chân đế': [{'displayValue': '2.84 kg', 'value': 2.84}], 'Kiểu chân đế': 'Vuông'}","{'Góc nhìn': ['178°(Dọc) / 178°(Ngang)'], 'Thời gian phản hồi': ['1ms'], 'Tiêu thụ năng lượng': ['12 W'], 'Tiêu thụ năng lượng màn hình chờ': ['0.3 W'], 'Điện áp': '100 - 240 V / 50 - 60 Hz'}","{'Loại màn hình': 'Màn hình phẳng', 'Kích thước màn hình': {'displayValue': '23.8 inch', 'value': 23.8}, 'Công nghệ màn hình': 'IPS FHD', 'Độ phân giải': ['1920 x 1080 Pixels'], 'Chuẩn màn hình': 'FHD', 'Độ sáng': '250 nits', 'Độ tương phản': '100M:1', 'Tấm nền': 'IPS', 'Tần số quét': {'displayValue': '100 Hz', 'value': 100}, 'Tỷ lệ màn hình': '16:09', 'Màu màn hình': '16.7 Triệu'}",{'Cổng giao tiếp': ['HDMI']},"{'Phụ kiện trong hộp': ['Dây nguồn', 'Cáp HDMI']}"
14,00910661,Màn hình Gaming LG 24GS50F-B.ATVQ/FullHD (1920x1080)/VA 180Hz,Mua ngay,LG,Màn hình,Màn hình Gaming,"['23.8 inch ', 'FHD 1920x1080 ', 'Tần số quét 180Hz ']",4290000,2890000,33,2024-10-24T23:59:00.000+07:00,"['Giảm 5% cho đơn từ 53,000đ', 'Giảm ngay 1 triệu khi mở thẻ tín dụng VPBank', 'Nhập mã FPTLAP giảm 5% tối đa 200.000đ', 'Giảm đến 700.000đ khi thanh toán trả góp qua Kredivo', 'Giảm đến 1 triệu trả góp qua thẻ Visa']",https://fptshop.com.vn/man-hinh/man-hinh-gaming-lg-24gs50f-batvq-fhd?sku=00910661,https://cdn2.fptshop.com.vn/unsafe/lg_24gs50f_b_atv_dc4ebebb8d.png,Đen,"{'Model': '24GS50F-B.ATVQ', 'Xuất xứ': ['Trung Quốc'], 'Thời gian bảo hành (tháng)': 24, 'Màu sắc': ['Đen']}","{'Kích thước có chân đế': '714.3 x 420.0 x 45.7 mm', 'Trọng lượng sản phẩm có chân đế': [{'displayValue': '6.7 kg', 'value': 6.7}], 'Kiểu chân đế': 'Chân chữ V'}","{'Góc nhìn': ['178°(Dọc) / 178°(Ngang)'], 'Thời gian phản hồi': ['1ms'], 'Điện áp': '220 - 240 V'}","{'Loại màn hình': 'Màn hình phẳng', 'Kích thước màn hình': {'displayValue': '24 inch', 'value': 24}, 'Công nghệ màn hình': 'VA', 'Độ phân giải': ['1920 x 1080 Pixels'], 'Chuẩn màn hình': 'FHD', 'Độ sáng': '250 nits', 'Độ tương phản': '3000:1', 'Tấm nền': 'VA', 'Tần số quét': {'displayValue': '180 ', 'value': 180}, 'Tỷ lệ màn hình': '16:09', 'Màu màn hình': '1.07 tỷ'}","{'Cổng giao tiếp': ['Đầu vào: HDMI 1.4', 'Đầu vào: DisplayPort 1.4']}","{'Phụ kiện trong hộp': ['Dây nguồn', 'Dây HDMI']}"
15,00907433,Màn hình Đồ họa Dell Ultrasharp U2424H/23.8 inch/FullHD (1920x1080)/IPS 120hz,Mua ngay,Dell,Màn hình,Màn hình đồ hoạ,"['24 inch ', 'FHD 1920x1080 ', 'Tấm nền IPS ']",6390000,5690000,11,2024-10-24T23:59:00.000+07:00,"['Giảm 5% cho đơn từ 53,000đ', 'Giảm ngay 1 triệu khi mở thẻ tín dụng VPBank', 'Nhập mã FPTLAP giảm 5% tối đa 200.000đ', 'Giảm đến 700.000đ khi thanh toán trả góp qua Kredivo', 'Giảm đến 1 triệu trả góp qua thẻ Visa']",https://fptshop.com.vn/man-hinh/dell-ultrasharp-u2424h-23-8-inch-fullhd?sku=00907433,https://cdn2.fptshop.com.vn/unsafe/dell_ultrasharp_24_u2424h_01775635bd.png,Đen,"{'Model': 'U2424H', 'Xuất xứ': ['Trung Quốc'], 'Thời gian bảo hành (tháng)': 36, 'Màu sắc': ['Đen']}","{'Kích thước có chân đế': '540 x 414 x 240 mm', 'Trọng lượng sản phẩm có chân đế': [{'displayValue': '5 kg', 'value': 5}], 'Kiểu chân đế': 'Vuông'}","{'Góc nhìn': ['178°(Dọc) / 178°(Ngang)'], 'Thời gian phản hồi': ['5ms'], 'Điện áp': '220 - 240 V'}","{'Loại màn hình': 'LED', 'Kích thước màn hình': {'displayValue': '24 inch', 'value': 24}, 'Công nghệ màn hình': 'IPS LCD', 'Độ phân giải': ['1920 x 1080 Pixels'], 'Chuẩn màn hình': 'FHD', 'Độ sáng': '250 nits', 'Độ tương phản': '1000:1', 'Tấm nền': 'IPS', 'Tần số quét': {'displayValue': '120 ', 'value': 120}, 'Tỷ lệ màn hình': '16:09', 'Màu màn hình': '16.7 Triệu'}","{'Cổng giao tiếp': ['Đầu vào: HDMI', 'Đầu vào: DisplayPort']}","{'Phụ kiện trong hộp': ['Dây nguồn', 'Dây DisplayPort']}"
16,00863644,Màn hình Cong Samsung LS24C360EAEXXV/24 inch/FHD(1920x1080)/Cong 1800R/VA 75Hz,Mua ngay,Samsung,Màn hình,Màn hình văn phòng,"['24 inch ', 'FHD 1920x1080 ', 'Tấm nền VA ']",3100000,2090000,33,2024-10-24T23:59:00.000+07:00,"['Giảm 5% cho đơn từ 53,000đ', 'Giảm ngay 1 triệu khi mở thẻ tín dụng VPBank', 'Nhập mã FPTLAP giảm 5% tối đa 200.000đ', 'Giảm đến 700.000đ khi thanh toán trả góp qua Kredivo', 'Giảm đến 1 triệu trả góp qua thẻ Visa']",https://fptshop.com.vn/man-hinh/man-hinh-samsung-ls24c360eaexxv-24-inch-fhd?sku=00863644,https://cdn2.fptshop.com.vn/unsafe/2023_3_9_638139810721114365_man-hinh-samsung-ls24C360eaexxv-24-inch-fhd-2.jpg,Đen,"{'Model': 'LS24C360EAEXXV', 'Xuất xứ': ['Trung Quốc'], 'Thời điểm ra mắt': '2023', 'Thời gian bảo hành (tháng)': 24, 'Hướng dẫn bảo quản': 'Để nơi khô ráo, nhẹ tay, dễ vỡ.', 'Hướng dẫn sử dụng': 'Xem trong sách hướng dẫn sử dụng', 'Màu sắc': ['Đen']}","{'Kích thước có chân đế': '547.8 x 416.3 x 214.0 mm', 'Kích thước không chân đế': '547.8 x 325.6 x 108.2 mm', 'Trọng lượng sản phẩm có chân đế': [{'displayValue': '4.8 g', 'value': 4.8}], 'Kiểu chân đế': 'Simple'}","{'Góc nhìn': ['178°(Dọc) / 178°(Ngang)'], 'Thời gian phản hồi': ['4ms'], 'Tiêu thụ năng lượng': ['25 W'], 'Điện áp': '100 - 240 V / 50 - 60 Hz'}","{'Loại màn hình': 'Màn hình cong', 'Kích thước màn hình': {'displayValue': '24 inch', 'value': 24}, 'Độ phân giải': ['1920 x 1080 Pixels'], 'Chuẩn màn hình': 'FHD', 'Độ sáng': '250 nits', 'Độ tương phản': '3000:1', 'Tấm nền': 'VA', 'Tần số quét': {'displayValue': '75 Hz', 'value': 75}, 'Màu màn hình': '16.7 Triệu'}",{'Cổng giao tiếp': ['1 HDMI']},"{'Phụ kiện trong hộp': ['Cáp HDMI', 'Dây nguồn']}"
17,00911241,"Màn hình Đồ họa Samsung ViewFinity S7 S70D LS27D700EAEXXV/27 inch/4K(3,840 x 2,160)/IPS 60Hz",Mua ngay,Samsung,Màn hình,Màn hình đồ hoạ,"['27 inch ', '4K 3840x2160 ', 'Tấm nền IPS ']",7990000,6491000,19,2024-10-24T23:59:00.000+07:00,"['Giảm 5% cho đơn từ 53,000đ', 'Giảm ngay 1 triệu khi mở thẻ tín dụng VPBank', 'Nhập mã FPTLAP giảm 5% tối đa 200.000đ', 'Giảm đến 700.000đ khi thanh toán trả góp qua Kredivo', 'Giảm đến 1 triệu trả góp qua thẻ Visa']",https://fptshop.com.vn/man-hinh/samsung-viewfinity-s7-s70d-ls27d700eaexxv?sku=00911241,https://cdn2.fptshop.com.vn/unsafe/samsung_viewfinity_s7_s70d_ls27d700eaexxv_972992155e.png,Đen,"{'Model': 'LS27D700EAEXXV', 'Xuất xứ': ['Việt Nam'], 'Thời gian bảo hành (tháng)': 24, 'Màu sắc': ['Đen']}","{'Kích thước có chân đế': '612.9 x 473.2 x 180 mm', 'Trọng lượng sản phẩm có chân đế': [{'displayValue': '6.6 kg', 'value': 6.6}], 'Kiểu chân đế': 'Vuông'}","{'Góc nhìn': ['178°(Dọc) / 178°(Ngang)'], 'Thời gian phản hồi': ['5ms'], 'Điện áp': '220 - 240 V'}","{'Loại màn hình': 'LED', 'Kích thước màn hình': {'displayValue': '27 inch', 'value': 27}, 'Công nghệ màn hình': 'IPS LCD', 'Độ phân giải': ['3840 x 2160 Pixels'], 'Chuẩn màn hình': '4K', 'Độ sáng': '350 nits', 'Độ tương phản': '1000:1', 'Tấm nền': 'IPS', 'Tần số quét': {'displayValue': '60 ', 'value': 60}, 'Tỷ lệ màn hình': '16:09', 'Màu màn hình': '1.07 tỷ'}","{'Cổng giao tiếp': ['Đầu vào: HDMI', 'Đầu vào: DisplayPort 1.2']}","{'Phụ kiện trong hộp': ['Dây nguồn', 'Dây HDMI']}"
18,00912338,Màn hình MSI MP275 E2/27inch FullHD (1920x1080)/IPS 120Hz,Mua ngay,MSI,Màn hình,Màn hình văn phòng,[],3250000,3090000,5,2024-10-24T23:59:00.000+07:00,"['Giảm 5% cho đơn từ 53,000đ', 'Giảm ngay 1 triệu khi mở thẻ tín dụng VPBank', 'Nhập mã FPTLAP giảm 5% tối đa 200.000đ', 'Giảm đến 700.000đ khi thanh toán trả góp qua Kredivo', 'Giảm đến 1 triệu trả góp qua thẻ Visa']",https://fptshop.com.vn/man-hinh/msi-mp275-e2?sku=00912338,https://cdn2.fptshop.com.vn/unsafe/msi_pro_mp275_e2_1_3fa7c13db9.png,Đen,"{'Model': 'MP275 E2', 'Xuất xứ': ['Trung Quốc'], 'Thời gian bảo hành (tháng)': 24, 'Màu sắc': ['Đen']}","{'Kích thước có chân đế': '611.9 x 447.7 x 206.8 mm', 'Trọng lượng sản phẩm có chân đế': [{'displayValue': '3.66 kg', 'value': 3.66}], 'Kiểu chân đế': 'Vuông'}","{'Góc nhìn': ['178°(Dọc) / 178°(Ngang)'], 'Thời gian phản hồi': ['1ms'], 'Điện áp': '220 - 240 V', 'Đầu ra âm thanh': 'Loa'}","{'Loại màn hình': 'LED', 'Kích thước màn hình': {'displayValue': '27 inch', 'value': 27}, 'Công nghệ màn hình': 'IPS', 'Độ phân giải': ['1920 x 1080 Pixels'], 'Chuẩn màn hình': 'FHD', 'Độ sáng': '300 nits', 'Độ tương phản': '1500:1', 'Tấm nền': 'IPS', 'Tần số quét': {'displayValue': '120 ', 'value': 120}, 'Tỷ lệ màn hình': '16:09', 'Màu màn hình': '16.7 Triệu'}","{'Cổng giao tiếp': ['Đầu vào: HDMI', 'Đầu vào: DisplayPort']}","{'Phụ kiện trong hộp': ['Dây nguồn', 'Dây HDMI']}"
19,00907083,Màn hình MSI MP245V/23.8inch (1920x1080)/VA 100Hz,Mua ngay,MSI,Màn hình,Màn hình văn phòng,"['24 inch ', 'FHD 1920x1080 ', 'Tấm nền VA ']",2490000,1950000,22,2024-10-24T23:59:00.000+07:00,"['Giảm 5% cho đơn từ 53,000đ', 'Giảm ngay 1 triệu khi mở thẻ tín dụng VPBank', 'Nhập mã FPTLAP giảm 5% tối đa 200.000đ', 'Giảm đến 700.000đ khi thanh toán trả góp qua Kredivo', 'Giảm đến 1 triệu trả góp qua thẻ Visa']",https://fptshop.com.vn/man-hinh/msi-mp245v-23-8-inch-1920x1080-va-100hz?sku=00907083,https://cdn2.fptshop.com.vn/unsafe/2024_6_20_638545042785496529_msi-mp245v.jpg,Đen,"{'Model': 'MP245V', 'Xuất xứ': ['Trung Quốc'], 'Thời gian bảo hành (tháng)': 24, 'Màu sắc': ['Đen']}","{'Kích thước có chân đế': '539.8 x 414.1 x 198.3 mm', 'Trọng lượng sản phẩm có chân đế': [{'displayValue': '4.7 kg', 'value': 4.7}], 'Kiểu chân đế': 'Vuông'}","{'Góc nhìn': ['178°(Dọc) / 178°(Ngang)'], 'Thời gian phản hồi': ['1ms'], 'Điện áp': '220 - 240 V'}","{'Loại màn hình': 'LED', 'Kích thước màn hình': {'displayValue': '24 inch', 'value': 24}, 'Công nghệ màn hình': 'VA', 'Độ phân giải': ['1920 x 1080 Pixels'], 'Chuẩn màn hình': 'FHD', 'Độ sáng': '300 nits', 'Độ tương phản': '4000:1', 'Tấm nền': 'VA', 'Tần số quét': {'displayValue': '100 ', 'value': 100}, 'Tỷ lệ màn hình': '16:09', 'Màu màn hình': '16.7 Triệu'}","{'Cổng giao tiếp': ['Đầu vào: HDMI', 'Đầu vào: VGA']}","{'Phụ kiện trong hộp': ['Dây nguồn', 'Dây HDMI']}"
20,00885070,"Màn hình Samsung LU28R550UQEXXV/28 inch/4K (3,840 x 2,160)/60Hz",Mua ngay,Samsung,Màn hình,Màn hình văn phòng,"['28 inch ', '4K 3840x2160 ', 'Tấm nền IPS ']",6590000,5290000,20,2024-10-24T23:59:00.000+07:00,"['Giảm 5% cho đơn từ 53,000đ', 'Giảm ngay 1 triệu khi mở thẻ tín dụng VPBank', 'Nhập mã FPTLAP giảm 5% tối đa 200.000đ', 'Giảm đến 700.000đ khi thanh toán trả góp qua Kredivo', 'Giảm đến 1 triệu trả góp qua thẻ Visa']",https://fptshop.com.vn/man-hinh/samsung-lu28r550uqexxv-28-inch-4k-60hz?sku=00885070,https://cdn2.fptshop.com.vn/unsafe/2024_6_11_638536973919719898_lu28r550uqexxv.jpg,Đen,"{'Model': 'LU28R550UQEXXV', 'Xuất xứ': ['Việt Nam / Trung Quốc'], 'Thời điểm ra mắt': '2019', 'Thời gian bảo hành (tháng)': 24, 'Hướng dẫn bảo quản': 'Để nơi khô ráo, nhẹ tay, dễ vỡ.', 'Hướng dẫn sử dụng': 'Xem trong sách hướng dẫn sử dụng', 'Màu sắc': ['Đen']}","{'Kích thước có chân đế': '638.8 x 479.3 x 250.5 mm', 'Kích thước không chân đế': '638.8 x 374.0 x 64.0 mm', 'Trọng lượng sản phẩm có chân đế': [{'displayValue': '5600 g', 'value': 5600}], 'Kiểu chân đế': 'Chân chữ V'}","{'Góc nhìn': ['178°(Dọc) / 178°(Ngang)'], 'Thời gian phản hồi': ['4ms'], 'Điện áp': '100 - 240 V / 50 - 60 Hz'}","{'Loại màn hình': 'UHD', 'Kích thước màn hình': {'displayValue': '28.7 inch', 'value': 28.7}, 'Công nghệ màn hình': 'IPS', 'Độ phân giải': ['3840 x 2160 Pixels'], 'Chuẩn màn hình': '4K', 'Độ sáng': '300 nits', 'Độ tương phản': '1000:1', 'Tấm nền': 'IPS', 'Tần số quét': {'displayValue': '60 Hz', 'value': 60}, 'Tỷ lệ màn hình': '16:09', 'Màu màn hình': '1 Tỷ'}",{'Cổng giao tiếp': ['2 HDMI 2.0']},{'Phụ kiện trong hộp': ['Adapter']}
21,00881115,Màn hình Dell E2423HN/23.8inch/ FHD (1920 x 1080),Mua ngay,Dell,Màn hình,Màn hình văn phòng,"['23.8 inch ', 'FHD 1920x1080 ', 'Tấm nền VA ']",3990000,2790000,30,2024-10-24T23:59:00.000+07:00,"['Giảm 5% cho đơn từ 53,000đ', 'Giảm ngay 1 triệu khi mở thẻ tín dụng VPBank', 'Nhập mã FPTLAP giảm 5% tối đa 200.000đ', 'Giảm đến 700.000đ khi thanh toán trả góp qua Kredivo', 'Giảm đến 1 triệu trả góp qua thẻ Visa']",https://fptshop.com.vn/man-hinh/dell-e2423hn-23-8-inch-fhd?sku=00881115,https://cdn2.fptshop.com.vn/unsafe/dell_e2423hn_61be08a0d7.png,Đen,"{'Model': 'Đang cập nhật', 'Xuất xứ': ['Mỹ'], 'Thời điểm ra mắt': '2021', 'Thời gian bảo hành (tháng)': 36, 'Hướng dẫn bảo quản': 'Để nơi khô ráo, nhẹ tay, dễ vỡ.', 'Hướng dẫn sử dụng': 'Xem trong sách hướng dẫn sử dụng', 'Màu sắc': ['Đen']}","{'Kích thước có chân đế': '55.264 x 17.1 x 42.035 cm', 'Trọng lượng sản phẩm có chân đế': [{'displayValue': '3.85 kg', 'value': 3.85}]}",,"{'Kích thước màn hình': {'displayValue': '23.8 inch', 'value': 23.8}, 'Độ phân giải': ['1200 x 1920 Pixels']}",,
22,00912148,Màn hình MSI Pro MP242A/23.8inch FHD (1920x1080)/IPS 100Hz,Mua ngay,MSI,Màn hình,Màn hình văn phòng,[],2390000,1950000,18,2024-10-24T23:59:00.000+07:00,"['Giảm 5% cho đơn từ 53,000đ', 'Giảm ngay 1 triệu khi mở thẻ tín dụng VPBank', 'Nhập mã FPTLAP giảm 5% tối đa 200.000đ', 'Giảm đến 700.000đ khi thanh toán trả góp qua Kredivo', 'Giảm đến 1 triệu trả góp qua thẻ Visa']",https://fptshop.com.vn/man-hinh/msi-pro-mp242a?sku=00912148,https://cdn2.fptshop.com.vn/unsafe/msi_pro_mp242a_1_8b13a762de.png,Đen,"{'Model': 'MSI Pro MP242A', 'Xuất xứ': ['Trung Quốc'], 'Thời gian bảo hành (tháng)': 36, 'Màu sắc': ['Đen']}","{'Kích thước có chân đế': '539.5 x 219.7 x 405.9 mm', 'Kích thước không chân đế': '539.5 x 48.0 x 323.1 mm', 'Trọng lượng sản phẩm có chân đế': [{'displayValue': '3.2 kg', 'value': 3.2}], 'Kiểu chân đế': 'Vuông'}","{'Góc nhìn': ['178°(Dọc) / 178°(Ngang)'], 'Thời gian phản hồi': ['1ms'], 'Điện áp': '220 - 240 V'}","{'Kích thước màn hình': {'displayValue': '23.8 inch', 'value': 23.8}, 'Công nghệ màn hình': 'IPS LCD', 'Độ phân giải': ['1920 x 1080 Pixels'], 'Chuẩn màn hình': 'FHD', 'Độ sáng': '300 nits', 'Độ tương phản': '1000:1', 'Tấm nền': 'IPS', 'Tần số quét': {'displayValue': '100 ', 'value': 100}, 'Tỷ lệ màn hình': '16:09', 'Màu màn hình': '16.7 Triệu'}","{'Cổng giao tiếp': ['Đầu vào: HDMI', 'Đầu vào: VGA/D-sub', 'Đầu vào: DisplayPort']}",{'Phụ kiện trong hộp': ['Dây nguồn']}
23,00905451,Màn hình đồ họa Asus ProArt PA248QV-P/24inch/FHD (1920x1200)/IPS 75Hz,Mua ngay,Asus,Màn hình,Màn hình đồ hoạ,"['24 inch ', 'FHD 1920x1080 ', 'Tấm nền IPS ']",5990000,4990000,17,2024-10-24T23:59:00.000+07:00,"['Giảm 5% cho đơn từ 53,000đ', 'Giảm ngay 1 triệu khi mở thẻ tín dụng VPBank', 'Nhập mã FPTLAP giảm 5% tối đa 200.000đ', 'Giảm đến 700.000đ khi thanh toán trả góp qua Kredivo', 'Giảm đến 1 triệu trả góp qua thẻ Visa']",https://fptshop.com.vn/man-hinh/man-hinh-do-hoa-asus-proart-pa248qv-p-24inch?sku=00905451,https://cdn2.fptshop.com.vn/unsafe/2024_5_1_638501647522620037_man-hinh-do-hoa-asus-proart-pa248qv-p-24inch-5.jpg,Đen,"{'Model': 'PA248QV-P', 'Xuất xứ': ['Trung Quốc'], 'Thời gian bảo hành (tháng)': 36, 'Màu sắc': ['Đen']}","{'Trọng lượng sản phẩm có chân đế': [{'displayValue': '8.3 kg', 'value': 8.3}], 'Kiểu chân đế': 'Điều chỉnh độ cao'}","{'Góc nhìn': ['178°(Dọc) / 178°(Ngang)'], 'Thời gian phản hồi': ['5ms'], 'Điện áp': '220 - 240 V'}","{'Loại màn hình': 'Màn hình phẳng', 'Kích thước màn hình': {'displayValue': '24 inch', 'value': 24}, 'Công nghệ màn hình': 'Anti-Glare LED-Backlit Display', 'Độ phân giải': ['1920 x 1200 Pixels'], 'Chuẩn màn hình': 'WUXGA', 'Độ sáng': '300 nits', 'Độ tương phản': '1000:1', 'Tấm nền': 'IPS', 'Tần số quét': {'displayValue': '75 ', 'value': 75}, 'Tỷ lệ màn hình': '16:10', 'Màu màn hình': '16.7 Triệu'}","{'Cổng giao tiếp': ['Đầu vào: HDMI', 'Đầu vào: DisplayPort']}",{'Phụ kiện trong hộp': ['Dây nguồn']}
24,00905334,Màn hình Asus VA27EHF/27 inch/FHD (1920x1080)/IPS 100hz,Mua ngay,Asus,Màn hình,Màn hình văn phòng,"['27 inch ', 'FHD 1920x1080 ', 'Tấm nền IPS ']",3790000,2790000,26,2024-10-24T23:59:00.000+07:00,"['Giảm 5% cho đơn từ 53,000đ', 'Giảm ngay 1 triệu khi mở thẻ tín dụng VPBank', 'Nhập mã FPTLAP giảm 5% tối đa 200.000đ', 'Giảm đến 700.000đ khi thanh toán trả góp qua Kredivo', 'Giảm đến 1 triệu trả góp qua thẻ Visa']",https://fptshop.com.vn/man-hinh/man-hinh-asus-va27ehf27-inch?sku=00905334,https://cdn2.fptshop.com.vn/unsafe/2023_11_13_638354712247339390_man-hinh-asus-va27ehf27-inch-3.jpg,Đen,"{'Model': 'VA27EHF', 'Xuất xứ': ['Trung Quốc'], 'Thời gian bảo hành (tháng)': 36, 'Màu sắc': ['Đen']}","{'Trọng lượng sản phẩm có chân đế': [{'displayValue': '4.5 kg', 'value': 4.5}], 'Kiểu chân đế': 'Vuông'}","{'Góc nhìn': ['178°(Dọc) / 178°(Ngang)'], 'Thời gian phản hồi': ['1ms'], 'Điện áp': '220 - 240 V', 'Đầu ra âm thanh': '1 x 3.5mm Audio-out (Headphone)'}","{'Loại màn hình': 'Màn hình phẳng', 'Kích thước màn hình': {'displayValue': '27 inch', 'value': 27}, 'Công nghệ màn hình': 'IPS LCD', 'Độ phân giải': ['1920 x 1080 Pixels'], 'Chuẩn màn hình': 'FHD', 'Độ sáng': '250 nits', 'Độ tương phản': '1300:1', 'Tấm nền': 'IPS', 'Tần số quét': {'displayValue': '100 Hz', 'value': 100}, 'Tỷ lệ màn hình': '16:09', 'Màu màn hình': '16.7 Triệu'}",{'Cổng giao tiếp': ['Đầu vào: HDMI']},{'Phụ kiện trong hộp': ['Dây nguồn']}
25,00873702,Màn hình Samsung LF27T450FQEXXV/27 inch/FHD (1920x1080)/IPS 75Hz,Mua ngay,Samsung,Màn hình,Màn hình văn phòng,[],3996000,2890000,28,2024-10-24T23:59:00.000+07:00,"['Giảm 5% cho đơn từ 53,000đ', 'Giảm ngay 1 triệu khi mở thẻ tín dụng VPBank', 'Nhập mã FPTLAP giảm 5% tối đa 200.000đ', 'Giảm đến 700.000đ khi thanh toán trả góp qua Kredivo', 'Giảm đến 1 triệu trả góp qua thẻ Visa']",https://fptshop.com.vn/man-hinh/samsung-lf27t450fqexxv27-inch-fhd,https://cdn2.fptshop.com.vn/unsafe/samsung_lf27t450fqexxv_1_8e0b3fb12e.png,Đen,"{'Model': 'Samsung LF27T450FQEXXV', 'Xuất xứ': ['Việt Nam'], 'Thời điểm ra mắt': '2022', 'Thời gian bảo hành (tháng)': 24, 'Hướng dẫn bảo quản': 'Để nơi khô ráo, nhẹ tay, dễ vỡ.', 'Hướng dẫn sử dụng': 'Xem trong sách hướng dẫn sử dụng', 'Màu sắc': ['Đen']}","{'Kích thước có chân đế': '612.1 x 391.6 x 224.0 mm', 'Kích thước không chân đế': '612.1 x 363.6 x 39.4 mm', 'Trọng lượng sản phẩm có chân đế': [{'displayValue': '4.6 kg', 'value': 4.6}]}",,"{'Kích thước màn hình': {'displayValue': '27 inch', 'value': 27}, 'Công nghệ màn hình': 'Chính: IPS LCD', 'Độ phân giải': ['1920 x 1080 Pixels']}","{'Cổng giao tiếp': ['1 DisplayPort', '1 HDMI']}",{'Phụ kiện trong hộp': ['Cáp HDMI']}
26,00906368,Màn hình Gaming Acer Nitro VG270 E/27 inch/FullHD (1920x1080)/IPS 100Hz,Mua ngay,Acer,Màn hình,Màn hình Gaming,"['27 inch ', 'Tần số quét 100Hz ', 'Tấm nền IPS ']",3990000,2890000,28,2024-10-24T23:59:00.000+07:00,"['Giảm 5% cho đơn từ 53,000đ', 'Giảm ngay 1 triệu khi mở thẻ tín dụng VPBank', 'Nhập mã FPTLAP giảm 5% tối đa 200.000đ', 'Giảm đến 700.000đ khi thanh toán trả góp qua Kredivo', 'Giảm đến 1 triệu trả góp qua thẻ Visa']",https://fptshop.com.vn/man-hinh/man-hinh-gaming-acer-nitro-vg270-e27-inch?sku=00906368,https://cdn2.fptshop.com.vn/unsafe/2024_1_16_638410161185929122_man-hinh-gaming-acer-nitro-vg270-e27-inch-1.jpg,Đen,"{'Model': 'VG270 E', 'Xuất xứ': ['Trung Quốc'], 'Thời gian bảo hành (tháng)': 36, 'Màu sắc': ['Đen']}","{'Trọng lượng sản phẩm có chân đế': [{'displayValue': '7 kg', 'value': 7}], 'Kiểu chân đế': 'Chân chữ V'}","{'Góc nhìn': ['178°(Dọc) / 178°(Ngang)'], 'Thời gian phản hồi': ['1ms'], 'Điện áp': '220 - 240 V'}","{'Loại màn hình': 'Màn hình phẳng', 'Kích thước màn hình': {'displayValue': '27 inch', 'value': 27}, 'Công nghệ màn hình': 'IPS LCD', 'Độ phân giải': ['1920 x 1080 Pixels'], 'Chuẩn màn hình': 'FHD', 'Độ sáng': '250 nits', 'Độ tương phản': '1000:1', 'Tấm nền': 'IPS', 'Tần số quét': {'displayValue': '100 ', 'value': 100}, 'Tỷ lệ màn hình': '16:09', 'Màu màn hình': '16.7 Triệu'}","{'Cổng giao tiếp': ['Đầu vào: HDMI', 'Đầu vào: DisplayPort']}","{'Phụ kiện trong hộp': ['Dây nguồn', 'Dây HDMI']}"
27,00906366,Màn hình di động Viewsonic VA1655/15.6 inch/FullHD (1920x1080)/IPS 60Hz,Mua ngay,Viewsonic,Màn hình,Màn hình văn phòng,"['15.6 inch ', 'FHD 1920x1080 ']",3990000,3190000,20,2024-10-24T23:59:00.000+07:00,"['Giảm 5% cho đơn từ 53,000đ', 'Giảm ngay 1 triệu khi mở thẻ tín dụng VPBank', 'Nhập mã FPTLAP giảm 5% tối đa 200.000đ', 'Giảm đến 700.000đ khi thanh toán trả góp qua Kredivo', 'Giảm đến 1 triệu trả góp qua thẻ Visa']",https://fptshop.com.vn/man-hinh/viewsonic-va1655-15-6-inch-fullhd,https://cdn2.fptshop.com.vn/unsafe/viewsonic_va1655_49d735cea4.png,Đen,"{'Model': 'VA1655', 'Xuất xứ': ['Trung Quốc'], 'Thời gian bảo hành (tháng)': 36, 'Màu sắc': ['Đen']}","{'Trọng lượng sản phẩm có chân đế': [{'displayValue': '3 kg', 'value': 3}]}","{'Góc nhìn': ['178°(Dọc) / 178°(Ngang)'], 'Thời gian phản hồi': ['1ms'], 'Điện áp': '220 - 240 V'}","{'Loại màn hình': 'Màn hình phẳng', 'Kích thước màn hình': {'displayValue': '15.6 inch', 'value': 15.6}, 'Công nghệ màn hình': 'IPS LCD', 'Độ phân giải': ['1920 x 1080 Pixels'], 'Chuẩn màn hình': 'FHD', 'Độ sáng': '250 nits', 'Độ tương phản': '800:1', 'Tấm nền': 'IPS', 'Tần số quét': {'displayValue': '60 ', 'value': 60}, 'Tỷ lệ màn hình': '16:09', 'Màu màn hình': '16.7 Triệu'}","{'Cổng giao tiếp': ['Đầu vào: HDMI', 'Đầu vào: DisplayPort']}","{'Phụ kiện trong hộp': ['Cáp Type C', 'Dây HDMI']}"
28,00853413,Màn hình Đồ họa Asus ProArt PA278QV/27 inch/2K/75Hz/5ms,Mua ngay,Asus,Màn hình,Màn hình đồ hoạ,"['27 inch ', 'QHD 2560x1440 ', 'Tấm nền IPS ']",8990000,8490000,6,2024-10-24T23:59:00.000+07:00,"['Giảm 5% cho đơn từ 53,000đ', 'Giảm ngay 1 triệu khi mở thẻ tín dụng VPBank', 'Nhập mã FPTLAP giảm 5% tối đa 200.000đ', 'Giảm đến 700.000đ khi thanh toán trả góp qua Kredivo', 'Giảm đến 1 triệu trả góp qua thẻ Visa']",https://fptshop.com.vn/man-hinh/asus-proart-pa278qv-27-inch-2k-75hz-5ms?sku=00853413,https://cdn2.fptshop.com.vn/unsafe/asus_proart_pa278qv_38f816d93e.png,Bạc,"{'Model': 'PA278QV', 'Xuất xứ': ['Trung Quốc'], 'Thời điểm ra mắt': '2022', 'Thời gian bảo hành (tháng)': 36, 'Hướng dẫn bảo quản': 'Để nơi khô ráo, nhẹ tay, dễ vỡ.', 'Hướng dẫn sử dụng': 'Xem trong sách hướng dẫn sử dụng', 'Màu sắc': ['Bạc']}","{'Kích thước có chân đế': '615 x (382~532) x 226 mm', 'Kích thước không chân đế': '615 x 372 x 51 mm', 'Trọng lượng sản phẩm có chân đế': [{'displayValue': '7.56 kg', 'value': 7.56}], 'Kiểu chân đế': 'Vuông'}","{'Góc nhìn': ['178°(Dọc) / 178°(Ngang)'], 'Thời gian phản hồi': ['5ms'], 'Tiêu thụ năng lượng': ['18 W'], 'Tiêu thụ năng lượng màn hình chờ': ['0.5 W'], 'Điện áp': '100 - 240 V / 50 - 60 Hz'}","{'Kích thước màn hình': {'displayValue': '27 inch', 'value': 27}, 'Độ phân giải': ['2560 x 1440 Pixels'], 'Chuẩn màn hình': '2K', 'Độ sáng': '350 nits', 'Độ tương phản': '1000:1', 'Tấm nền': 'IPS', 'Tần số quét': {'displayValue': '75 Hz', 'value': 75}, 'Tỷ lệ màn hình': '16:09', 'Màu màn hình': '16.7 Triệu'}","{'Cổng giao tiếp': ['4 USB 3.2 Gen 1', '1 DisplayPort 1.2', '1 Mini Display Port', '1 HDMI 1.4', '1 DVI-D', '1 Jack 3.5 mm']}","{'Phụ kiện trong hộp': ['Cáp HDMI', 'Cáp DisplayPort']}"
29,00714127,Màn hình cong Samsung LC27R500FHEXXV/27 inch/FullHD (1920x1080)/VA 60hz,Mua ngay,Samsung,Màn hình,Màn hình văn phòng,"['27 inch ', 'Tấm nền VA ', 'FHD 1920x1080 ']",3990000,2690000,33,2024-10-24T23:59:00.000+07:00,"['Giảm 5% cho đơn từ 53,000đ', 'Giảm ngay 1 triệu khi mở thẻ tín dụng VPBank', 'Nhập mã FPTLAP giảm 5% tối đa 200.000đ', 'Giảm đến 700.000đ khi thanh toán trả góp qua Kredivo', 'Giảm đến 1 triệu trả góp qua thẻ Visa']",https://fptshop.com.vn/man-hinh/man-hinh-lcd-samsung-lc27r500fhexxv?sku=00714127,https://cdn2.fptshop.com.vn/unsafe/2020_9_11_637354345662210071_man-hinh-lcd-samsung27-1.png,Đen,"{'Model': 'LCD Samsung LC27R500FHEXXV/27inch FHD/250Hz/4ms', 'Xuất xứ': ['Trung Quốc'], 'Thời điểm ra mắt': '2020', 'Thời gian bảo hành (tháng)': 24, 'Hướng dẫn bảo quản': 'Để nơi khô ráo, nhẹ tay, dễ vỡ.', 'Hướng dẫn sử dụng': 'Xem trong sách hướng dẫn sử dụng', 'Màu sắc': ['Đen']}","{'Kích thước có chân đế': '614.2 x 466.2 x 251.2 mm', 'Kích thước không chân đế': '614.2 x 362.8 x 94.4 mm', 'Trọng lượng sản phẩm có chân đế': [{'displayValue': '3500 g', 'value': 3500}], 'Kiểu chân đế': 'Simple'}","{'Góc nhìn': ['178°(Dọc) / 178°(Ngang)'], 'Thời gian phản hồi': ['4ms'], 'Tiêu thụ năng lượng': ['35 W'], 'Tiêu thụ năng lượng màn hình chờ': ['0.3 W'], 'Điện áp': '100 - 240 V / 50 - 60 Hz'}","{'Kích thước màn hình': {'displayValue': '27 inch', 'value': 27}, 'Độ phân giải': ['1920 x 1080 Pixels'], 'Chuẩn màn hình': 'FHD', 'Độ sáng': '250 nits', 'Độ tương phản': '5.000.000 : 1', 'Tấm nền': 'VA', 'Tần số quét': {'displayValue': '60 Hz', 'value': 60}, 'Tỷ lệ màn hình': '16:09'}",{'Cổng giao tiếp': ['HDMI']},{'Phụ kiện trong hộp': ['Adapter']}
30,00907910,Màn hình Lenovo L25e-40 67ADKAC4VN/24.5 inch FHD (1920x1080)/VA 75Hz,Mua ngay,Lenovo,Màn hình,Màn hình văn phòng,"['24.5 inch ', 'FHD 1920x1080 ', 'Tấm nền VA ']",3000000,2190000,27,2024-10-24T23:59:00.000+07:00,"['Giảm 5% cho đơn từ 53,000đ', 'Giảm ngay 1 triệu khi mở thẻ tín dụng VPBank', 'Nhập mã FPTLAP giảm 5% tối đa 200.000đ', 'Giảm đến 700.000đ khi thanh toán trả góp qua Kredivo', 'Giảm đến 1 triệu trả góp qua thẻ Visa']",https://fptshop.com.vn/man-hinh/man-hinh-lenovo-l25e-40-67adkac4vn-24-5-inch?sku=00907910,https://cdn2.fptshop.com.vn/unsafe/2024_5_14_638512939867369561_man-hinh-lenovo-l25e-40-67adkac4vn-24-5-inch-3.jpg,Xám,"{'Model': 'L25e-40', 'Xuất xứ': ['Trung Quốc'], 'Thời điểm ra mắt': '2024', 'Thời gian bảo hành (tháng)': 36, 'Màu sắc': ['Xám']}","{'Kích thước có chân đế': '557.2 x 183 x 441.8 mm', 'Trọng lượng sản phẩm có chân đế': [{'displayValue': '5.4 kg', 'value': 5.4}], 'Kiểu chân đế': 'Cố định'}","{'Góc nhìn': ['178°(Dọc) / 178°(Ngang)'], 'Thời gian phản hồi': ['4ms'], 'Điện áp': '100 - 240 V / 50 - 60 Hz'}","{'Loại màn hình': 'Màn hình phẳng', 'Kích thước màn hình': {'displayValue': '24.5 inch', 'value': 24.5}, 'Công nghệ màn hình': 'Led', 'Độ phân giải': ['1920 x 1080 Pixels'], 'Chuẩn màn hình': 'FHD', 'Độ sáng': '250 nits', 'Độ tương phản': '3000:1', 'Tấm nền': 'VA', 'Tần số quét': {'displayValue': '75 ', 'value': 75}, 'Tỷ lệ màn hình': '16:09', 'Màu màn hình': '16.7 Triệu'}","{'Cổng giao tiếp': ['Đầu vào: HDMI', 'Đầu vào: VGA/D-sub']}","{'Phụ kiện trong hộp': ['Dây nguồn', 'Dây HDMI']}"
31,00907248,Màn hình LG 29WQ600-W.ATV/29 inch/ WQHD (2560x1080)/IPS 100hz,Mua ngay,LG,Màn hình,Màn hình văn phòng,"['29 inch ', 'WQHD 2560x1080 ', 'Tấm nền IPS ']",5990000,4990000,17,2024-10-24T23:59:00.000+07:00,"['Giảm 5% cho đơn từ 53,000đ', 'Giảm ngay 1 triệu khi mở thẻ tín dụng VPBank', 'Nhập mã FPTLAP giảm 5% tối đa 200.000đ', 'Giảm đến 700.000đ khi thanh toán trả góp qua Kredivo', 'Giảm đến 1 triệu trả góp qua thẻ Visa']",https://fptshop.com.vn/man-hinh/man-hinh-lg-29wq600-watv29-inch-wqhd-2560x1080ips-100hz?sku=00907248,https://cdn2.fptshop.com.vn/unsafe/2024_4_22_638494046210553979_29WQ600-W.jpg,Trắng,"{'Model': '29WQ600-W.ATV', 'Xuất xứ': ['Trung Quốc'], 'Thời điểm ra mắt': '2023', 'Thời gian bảo hành (tháng)': 24, 'Hướng dẫn bảo quản': 'Để nơi khô ráo, nhẹ tay, dễ vỡ.', 'Hướng dẫn sử dụng': 'Xem trong sách hướng dẫn sử dụng', 'Màu sắc': ['Trắng']}","{'Kích thước có chân đế': '688.5 x 406.6 x 223.8 mm', 'Trọng lượng sản phẩm có chân đế': [{'displayValue': '4.5 kg', 'value': 4.5}], 'Kiểu chân đế': 'Chân chữ V'}","{'Góc nhìn': ['178°(Dọc) / 178°(Ngang)'], 'Thời gian phản hồi': ['5ms'], 'Điện áp': '100 - 240 V / 50 - 60 Hz', 'Đầu ra âm thanh': '1 x 3.5mm Audio-out (Headphone)'}","{'Loại màn hình': 'Màn hình phẳng', 'Kích thước màn hình': {'displayValue': '29 inch', 'value': 29}, 'Công nghệ màn hình': 'IPS LCD', 'Độ phân giải': ['2560 x 1080 Pixels'], 'Chuẩn màn hình': 'WQHD', 'Độ sáng': '250 nits', 'Độ tương phản': '1000:1', 'Tấm nền': 'IPS', 'Tần số quét': {'displayValue': '100 ', 'value': 100}, 'Tỷ lệ màn hình': '21:9', 'Màu màn hình': '16.7 Triệu'}","{'Cổng giao tiếp': ['Đầu vào: HDMI', 'Đầu vào: DisplayPort 1.4', 'Type C']}",{'Phụ kiện trong hộp': ['Dây nguồn']}
32,00907248,Màn hình LG 29WQ600-W.ATV/29 inch/ WQHD (2560x1080)/IPS 100hz,Mua ngay,LG,Màn hình,Màn hình văn phòng,"['29 inch ', 'WQHD 2560x1080 ', 'Tấm nền IPS ']",5990000,4990000,17,2024-10-24T23:59:00.000+07:00,"['Giảm 5% cho đơn từ 53,000đ', 'Giảm ngay 1 triệu khi mở thẻ tín dụng VPBank', 'Nhập mã FPTLAP giảm 5% tối đa 200.000đ', 'Giảm đến 700.000đ khi thanh toán trả góp qua Kredivo', 'Giảm đến 1 triệu trả góp qua thẻ Visa']",https://fptshop.com.vn/man-hinh/man-hinh-lg-29wq600-watv29-inch-wqhd-2560x1080ips-100hz?sku=00907248,https://cdn2.fptshop.com.vn/unsafe/2024_4_22_638494046210553979_29WQ600-W.jpg,Trắng,"{'Model': '29WQ600-W.ATV', 'Xuất xứ': ['Trung Quốc'], 'Thời điểm ra mắt': '2023', 'Thời gian bảo hành (tháng)': 24, 'Hướng dẫn bảo quản': 'Để nơi khô ráo, nhẹ tay, dễ vỡ.', 'Hướng dẫn sử dụng': 'Xem trong sách hướng dẫn sử dụng', 'Màu sắc': ['Trắng']}","{'Kích thước có chân đế': '688.5 x 406.6 x 223.8 mm', 'Trọng lượng sản phẩm có chân đế': [{'displayValue': '4.5 kg', 'value': 4.5}], 'Kiểu chân đế': 'Chân chữ V'}","{'Góc nhìn': ['178°(Dọc) / 178°(Ngang)'], 'Thời gian phản hồi': ['5ms'], 'Điện áp': '100 - 240 V / 50 - 60 Hz', 'Đầu ra âm thanh': '1 x 3.5mm Audio-out (Headphone)'}","{'Loại màn hình': 'Màn hình phẳng', 'Kích thước màn hình': {'displayValue': '29 inch', 'value': 29}, 'Công nghệ màn hình': 'IPS LCD', 'Độ phân giải': ['2560 x 1080 Pixels'], 'Chuẩn màn hình': 'WQHD', 'Độ sáng': '250 nits', 'Độ tương phản': '1000:1', 'Tấm nền': 'IPS', 'Tần số quét': {'displayValue': '100 ', 'value': 100}, 'Tỷ lệ màn hình': '21:9', 'Màu màn hình': '16.7 Triệu'}","{'Cổng giao tiếp': ['Đầu vào: HDMI', 'Đầu vào: DisplayPort 1.4', 'Type C']}",{'Phụ kiện trong hộp': ['Dây nguồn']}
33,00910234,Màn hình AOC Q27B3CF2-74/27inch QHD (2560x1440)/USB-C 65W/IPS 100Hz,Mua ngay,AOC,Màn hình,Màn hình văn phòng,"['27 inch ', 'QHD 2560x1440 ', 'Tấm nền IPS ']",4990000,4490000,10,2024-10-24T23:59:00.000+07:00,"['Giảm 5% cho đơn từ 53,000đ', 'Giảm ngay 1 triệu khi mở thẻ tín dụng VPBank', 'Nhập mã FPTLAP giảm 5% tối đa 200.000đ', 'Giảm đến 700.000đ khi thanh toán trả góp qua Kredivo', 'Giảm đến 1 triệu trả góp qua thẻ Visa']",https://fptshop.com.vn/man-hinh/aoc-q27b3cf2-74-27inch-qhd,https://cdn2.fptshop.com.vn/unsafe/aoc_q27b3cf2_74_c8d0301914.png,Đen,"{'Model': 'Q27B3CF2-74', 'Xuất xứ': ['Trung Quốc'], 'Thời gian bảo hành (tháng)': 36, 'Màu sắc': ['Đen']}","{'Kích thước có chân đế': '508.6× 616.6 × 229.8 mm', 'Trọng lượng sản phẩm có chân đế': [{'displayValue': '5.5 kg', 'value': 5.5}], 'Kiểu chân đế': 'Chân tròn'}","{'Góc nhìn': ['178°(Dọc) / 178°(Ngang)'], 'Thời gian phản hồi': ['1ms'], 'Điện áp': '220 - 240 V', 'Đầu ra âm thanh': 'Loa'}","{'Loại màn hình': 'Màn hình phẳng', 'Kích thước màn hình': {'displayValue': '27 inch', 'value': 27}, 'Công nghệ màn hình': 'IPS LCD', 'Độ phân giải': ['2560 x 1440 Pixels'], 'Chuẩn màn hình': 'QHD', 'Độ sáng': '350 nits', 'Độ tương phản': '1500:1', 'Tấm nền': 'IPS', 'Tần số quét': {'displayValue': '100 ', 'value': 100}, 'Tỷ lệ màn hình': '16:09', 'Màu màn hình': '16.7 Triệu'}","{'Cổng giao tiếp': ['Đầu vào: HDMI', 'Đầu vào: Type C', 'Đầu ra: Jack 3.5 mm']}",{'Phụ kiện trong hộp': ['Dây nguồn']}
34,00912043,Màn hình Gaming Xiaomi G Pro 27i Mini Led/2K (2560x1440)/IPS 180Hz,Mua ngay,Xiaomi,Màn hình,Màn hình Gaming,[],8990000,8490000,6,2024-10-24T23:59:00.000+07:00,"['Giảm 5% cho đơn từ 53,000đ', 'Giảm ngay 1 triệu khi mở thẻ tín dụng VPBank', 'Nhập mã FPTLAP giảm 5% tối đa 200.000đ', 'Giảm đến 700.000đ khi thanh toán trả góp qua Kredivo', 'Giảm đến 1 triệu trả góp qua thẻ Visa']",https://fptshop.com.vn/man-hinh/xiaomi-g-pro-27i-mini-led-2k-180hz?sku=00912043,https://cdn2.fptshop.com.vn/unsafe/xiaomi_g_pro_27i_1_84f1ad6dcb.png,Đen,"{'Model': 'G Pro 27i', 'Xuất xứ': ['Trung Quốc'], 'Thời gian bảo hành (tháng)': 36, 'Màu sắc': ['Đen']}","{'Kích thước có chân đế': '613 x 169 x 526 mm', 'Trọng lượng sản phẩm có chân đế': [{'displayValue': '6.8 kg', 'value': 6.8}], 'Kiểu chân đế': 'Chân chữ V'}","{'Góc nhìn': ['178°(Dọc) / 178°(Ngang)'], 'Thời gian phản hồi': ['1ms'], 'Điện áp': '220 - 240 V'}","{'Loại màn hình': 'LED', 'Kích thước màn hình': {'displayValue': '27 inch', 'value': 27}, 'Công nghệ màn hình': 'IPS LCD', 'Độ phân giải': ['2560 x 1440 Pixels'], 'Chuẩn màn hình': 'QHD', 'Độ sáng': '1000 nits', 'Độ tương phản': '1000:1', 'Tấm nền': 'IPS', 'Tần số quét': {'displayValue': '180 ', 'value': 180}, 'Tỷ lệ màn hình': '16:09', 'Màu màn hình': '1.07 tỷ'}","{'Cổng giao tiếp': ['Đầu vào: HDMI', 'Đầu vào: DisplayPort 1.4']}",{'Phụ kiện trong hộp': ['Dây nguồn']}
35,00775451,Màn hình LG 27QN600-B/27 inch QHD (2560x1440)/IPS 75Hz,Mua ngay,LG,Màn hình,Màn hình văn phòng,"['27 inch ', 'QHD 2560x1440 ', 'Tấm nền IPS ']",7890000,4690000,41,2024-10-24T23:59:00.000+07:00,"['Giảm 5% cho đơn từ 53,000đ', 'Giảm ngay 1 triệu khi mở thẻ tín dụng VPBank', 'Nhập mã FPTLAP giảm 5% tối đa 200.000đ', 'Giảm đến 700.000đ khi thanh toán trả góp qua Kredivo', 'Giảm đến 1 triệu trả góp qua thẻ Visa']",https://fptshop.com.vn/man-hinh/man-hinh-lg-27-inch-27qn600-b?sku=00775451,https://cdn2.fptshop.com.vn/unsafe/2021_11_12_637723104736194874_man-hinh-lg-27qn600-b-27-inchs-2k-den-1.jpg,Đen,"{'Model': '27QN600-B.ATV', 'Xuất xứ': ['Trung Quốc'], 'Thời gian bảo hành (tháng)': 24, 'Hướng dẫn bảo quản': 'Để nơi khô ráo, nhẹ tay, dễ vỡ.', 'Hướng dẫn sử dụng': 'Xem trong sách hướng dẫn sử dụng', 'Màu sắc': ['Đen']}","{'Kích thước có chân đế': '613.5 x 484.2 x 208.8 cm', 'Kích thước không chân đế': '613.5 x 363.5 x 45.4 cm', 'Trọng lượng sản phẩm có chân đế': [{'displayValue': '5.7 kg', 'value': 5.7}], 'Kiểu chân đế': 'Chân chữ V'}","{'Góc nhìn': ['178°(Dọc) / 178°(Ngang)'], 'Thời gian phản hồi': ['1ms'], 'Điện áp': '220 - 240 V'}","{'Loại màn hình': 'LED', 'Kích thước màn hình': {'displayValue': '27 inch', 'value': 27}, 'Công nghệ màn hình': 'IPS LCD', 'Độ phân giải': ['2560 x 1440 Pixels'], 'Chuẩn màn hình': 'QHD', 'Độ sáng': '350 nits', 'Độ tương phản': '1000:1', 'Tấm nền': 'IPS', 'Tần số quét': {'displayValue': '75 ', 'value': 75}, 'Tỷ lệ màn hình': '16:09', 'Màu màn hình': '16.7 Triệu'}","{'Cổng giao tiếp': ['Đầu vào: HDMI', 'Đầu vào: DisplayPort 1.4']}",{'Phụ kiện trong hộp': ['Dây nguồn']}
36,00907596,Màn hình AOC 24B2H2/23.8 inch/FullHD 1920x1080/IPS 100hz,Mua ngay,AOC,Màn hình,Màn hình văn phòng,"['24 inch ', 'FHD 1920x1080 ', 'Tấm nền IPS ']",3000000,2190000,27,2024-10-24T23:59:00.000+07:00,"['Giảm 5% cho đơn từ 53,000đ', 'Giảm ngay 1 triệu khi mở thẻ tín dụng VPBank', 'Nhập mã FPTLAP giảm 5% tối đa 200.000đ', 'Giảm đến 700.000đ khi thanh toán trả góp qua Kredivo', 'Giảm đến 1 triệu trả góp qua thẻ Visa']",https://fptshop.com.vn/man-hinh/man-hinh-aoc-24b2h2-2-38-inch?sku=00907596,https://cdn2.fptshop.com.vn/unsafe/2024_4_26_638497533889838564_man-hinh-aoc-24b2h2-2-38-inch-1.jpg,Đen,"{'Model': '24B2H2/74', 'Xuất xứ': ['Trung Quốc'], 'Thời gian bảo hành (tháng)': 36, 'Màu sắc': ['Đen']}","{'Kích thước có chân đế': '540 x 414 x 240 mm', 'Trọng lượng sản phẩm có chân đế': [{'displayValue': '2.78 kg', 'value': 2.78}], 'Kiểu chân đế': 'Vuông'}","{'Góc nhìn': ['178°(Dọc) / 178°(Ngang)'], 'Thời gian phản hồi': ['4ms'], 'Điện áp': '220 - 240 V'}","{'Loại màn hình': 'LED', 'Kích thước màn hình': {'displayValue': '24 inch', 'value': 24}, 'Công nghệ màn hình': 'IPS LCD', 'Độ phân giải': ['1920 x 1080 Pixels'], 'Chuẩn màn hình': 'FHD', 'Độ sáng': '250 nits', 'Độ tương phản': '1000:1', 'Tấm nền': 'IPS', 'Tần số quét': {'displayValue': '100 ', 'value': 100}, 'Tỷ lệ màn hình': '16:09', 'Màu màn hình': '16.7 Triệu'}",{'Cổng giao tiếp': ['Đầu vào: HDMI']},"{'Phụ kiện trong hộp': ['Dây nguồn', 'Dây HDMI']}"
37,00905372,Màn hình ViewSonic VA2732-H/ 27 inch/IPS/FHD (1920x1080)/100hz,Mua ngay,Viewsonic,Màn hình,Màn hình văn phòng,"['27 inch ', 'FHD 1920x1080 ', 'Tấm nền IPS ']",3490000,2690000,23,2024-10-24T23:59:00.000+07:00,"['Giảm 5% cho đơn từ 53,000đ', 'Giảm ngay 1 triệu khi mở thẻ tín dụng VPBank', 'Nhập mã FPTLAP giảm 5% tối đa 200.000đ', 'Giảm đến 700.000đ khi thanh toán trả góp qua Kredivo', 'Giảm đến 1 triệu trả góp qua thẻ Visa']",https://fptshop.com.vn/man-hinh/man-hinh-viewsonic-va2732-h-27-inch?sku=00905372,https://cdn2.fptshop.com.vn/unsafe/2023_11_29_638368512647358914_man-hinh-viewsonic-va2732-h-27-inch-1.jpg,Đen,"{'Model': 'VA2732-H 100Hz', 'Xuất xứ': ['Trung Quốc'], 'Thời gian bảo hành (tháng)': 36, 'Màu sắc': ['Đen']}","{'Trọng lượng sản phẩm có chân đế': [{'displayValue': '6 kg', 'value': 6}], 'Kiểu chân đế': 'Vuông'}","{'Góc nhìn': ['178°(Dọc) / 178°(Ngang)'], 'Thời gian phản hồi': ['1ms'], 'Điện áp': '100 - 240 V / 50 - 60 Hz'}","{'Loại màn hình': 'Màn hình phẳng', 'Kích thước màn hình': {'displayValue': '27 inch', 'value': 27}, 'Công nghệ màn hình': 'IPS LCD', 'Độ phân giải': ['1920 x 1080 Pixels'], 'Chuẩn màn hình': 'FHD', 'Độ sáng': '250 nits', 'Độ tương phản': '50M:1', 'Tấm nền': 'IPS', 'Tần số quét': {'displayValue': '100 Hz', 'value': 100}, 'Tỷ lệ màn hình': '16:09', 'Màu màn hình': '16.7 Triệu'}","{'Cổng giao tiếp': ['HDMI 1.4', 'VGA']}",{'Phụ kiện trong hộp': ['Dây nguồn']}
38,00907084,Màn hình Gaming MSI G244F E2/23.8 inch (1920x1080)/IPS 180Hz ,Mua ngay,MSI,Màn hình,Màn hình Gaming,"['24 inch ', 'Tần số quét 180Hz ', 'Tấm nền IPS ']",3390000,2890000,15,2024-10-24T23:59:00.000+07:00,"['Giảm 5% cho đơn từ 53,000đ', 'Giảm ngay 1 triệu khi mở thẻ tín dụng VPBank', 'Nhập mã FPTLAP giảm 5% tối đa 200.000đ', 'Giảm đến 700.000đ khi thanh toán trả góp qua Kredivo', 'Giảm đến 1 triệu trả góp qua thẻ Visa']",https://fptshop.com.vn/man-hinh/msi-g244f-e2-24-inch-fhd-ips-180hz,https://cdn2.fptshop.com.vn/unsafe/00907084_msi_g244f_e2_3e89b250b7.png,Đen,"{'Model': 'G244F E2', 'Xuất xứ': ['Trung Quốc'], 'Thời gian bảo hành (tháng)': 36, 'Màu sắc': ['Đen']}","{'Kích thước có chân đế': '541.9 x 231.9 x 424.3 mm', 'Trọng lượng sản phẩm có chân đế': [{'displayValue': '5.7 kg', 'value': 5.7}], 'Kiểu chân đế': 'Vuông'}","{'Góc nhìn': ['178°(Dọc) / 178°(Ngang)'], 'Thời gian phản hồi': ['1ms'], 'Điện áp': '220 - 240 V'}","{'Loại màn hình': 'LED', 'Kích thước màn hình': {'displayValue': '24 inch', 'value': 24}, 'Công nghệ màn hình': 'IPS LCD', 'Độ phân giải': ['1920 x 1080 Pixels'], 'Chuẩn màn hình': 'FHD', 'Độ sáng': '300 nits', 'Độ tương phản': '1000:1', 'Tấm nền': 'IPS', 'Tần số quét': {'displayValue': '180 ', 'value': 180}, 'Tỷ lệ màn hình': '16:09', 'Màu màn hình': '16.7 Triệu'}","{'Cổng giao tiếp': ['Đầu vào: HDMI', 'Đầu vào: DisplayPort']}","{'Phụ kiện trong hộp': ['Dây nguồn', 'Dây HDMI']}"
39,00897606,Màn hình Gaming Gigabyte GS27F/27 inch/FHD (1920x1080)/170Hz,Mua ngay,Gigabyte,Màn hình,Màn hình văn phòng,[],4690000,4290000,9,2024-10-24T23:59:00.000+07:00,"['Giảm 5% cho đơn từ 53,000đ', 'Giảm ngay 1 triệu khi mở thẻ tín dụng VPBank', 'Nhập mã FPTLAP giảm 5% tối đa 200.000đ', 'Giảm đến 700.000đ khi thanh toán trả góp qua Kredivo', 'Giảm đến 1 triệu trả góp qua thẻ Visa']",https://fptshop.com.vn/man-hinh/man-hinh-gigabyte-gs27f-27-inch?sku=00897606,https://cdn2.fptshop.com.vn/unsafe/2023_8_14_638276057255540848_man-hinh-gigabyte-gs27f-27-inch-1.jpg,Đen,"{'Model': 'Gaming Gigabyte GS27F', 'Xuất xứ': ['Nội địa - Trung Quốc'], 'Thời điểm ra mắt': '2023', 'Thời gian bảo hành (tháng)': 36, 'Hướng dẫn bảo quản': 'Để nơi khô ráo, nhẹ tay, dễ vỡ.', 'Hướng dẫn sử dụng': 'Xem trong sách hướng dẫn sử dụng', 'Màu sắc': ['Đen']}","{'Kích thước có chân đế': '619 x 447 x 172 mm', 'Kích thước không chân đế': '619 x 365.5 x 50.2 mm', 'Trọng lượng sản phẩm có chân đế': [{'displayValue': '5.2 kg', 'value': 5.2}], 'Kiểu chân đế': 'Vuông'}","{'Góc nhìn': ['178°(Dọc) / 178°(Ngang)'], 'Thời gian phản hồi': ['1ms'], 'Đầu ra âm thanh': '1 x 3.5mm'}","{'Loại màn hình': 'Màn hình phẳng', 'Kích thước màn hình': {'displayValue': '27 inch', 'value': 27}, 'Công nghệ màn hình': 'IPS', 'Độ phân giải': ['1920 x 1080 Pixels'], 'Chuẩn màn hình': 'FHD', 'Độ sáng': '300 nits', 'Độ tương phản': '1000:1', 'Tấm nền': 'IPS', 'Tần số quét': {'displayValue': '165 Hz', 'value': 165}, 'Tỷ lệ màn hình': '16:09', 'Màu màn hình': '16.7 Triệu'}","{'Cổng giao tiếp': ['1 DisplayPort 1.4', '2 HDMI 2.0']}","{'Phụ kiện trong hộp': ['Cáp HDMI', 'Dây nguồn']}"
40,00907085,Màn hình MSI MP241X/23.8inch (1920x1080)/VA 75Hz,Mua ngay,MSI,Màn hình,Màn hình văn phòng,"['24 inch ', 'FHD 1920x1080 ', 'Tấm nền VA ']",2390000,1890000,21,2024-10-24T23:59:00.000+07:00,"['Giảm 5% cho đơn từ 53,000đ', 'Giảm ngay 1 triệu khi mở thẻ tín dụng VPBank', 'Nhập mã FPTLAP giảm 5% tối đa 200.000đ', 'Giảm đến 700.000đ khi thanh toán trả góp qua Kredivo', 'Giảm đến 1 triệu trả góp qua thẻ Visa']",https://fptshop.com.vn/man-hinh/man-hinh-msi-mp241x-23-8inch?sku=00907085,https://cdn2.fptshop.com.vn/unsafe/2024_3_18_638463549760472175_man-hinh-msi-mp241x-23-8inch-1.jpg,Đen,"{'Model': 'MP241X', 'Xuất xứ': ['Trung Quốc'], 'Thời gian bảo hành (tháng)': 24, 'Màu sắc': ['Đen']}","{'Kích thước có chân đế': '541.79 x 416.61 x 180.8 mm', 'Trọng lượng sản phẩm có chân đế': [{'displayValue': '4 kg', 'value': 4}], 'Kiểu chân đế': 'Vuông'}","{'Góc nhìn': ['178°(Dọc) / 178°(Ngang)'], 'Thời gian phản hồi': ['4ms'], 'Điện áp': '220 - 240 V'}","{'Loại màn hình': 'Màn hình phẳng', 'Kích thước màn hình': {'displayValue': '24 inch', 'value': 24}, 'Công nghệ màn hình': 'VA', 'Độ phân giải': ['1920 x 1080 Pixels'], 'Chuẩn màn hình': 'FHD', 'Độ sáng': '250 nits', 'Độ tương phản': '3000:1', 'Tấm nền': 'VA', 'Tần số quét': {'displayValue': '75 ', 'value': 75}, 'Tỷ lệ màn hình': '16:09', 'Màu màn hình': '16.7 Triệu'}","{'Cổng giao tiếp': ['Đầu vào: HDMI', 'Đầu vào: VGA']}","{'Phụ kiện trong hộp': ['Dây nguồn', 'Dây HDMI']}"
41,00826496,Màn hình Dell P2422H/23.8 inch/FHD (1920x1080)/IPS 60Hz,Mua ngay,Dell,Màn hình,Màn hình văn phòng,[],5690000,4789000,16,2024-10-24T23:59:00.000+07:00,"['Giảm 5% cho đơn từ 53,000đ', 'Giảm ngay 1 triệu khi mở thẻ tín dụng VPBank', 'Nhập mã FPTLAP giảm 5% tối đa 200.000đ', 'Giảm đến 700.000đ khi thanh toán trả góp qua Kredivo', 'Giảm đến 1 triệu trả góp qua thẻ Visa']",https://fptshop.com.vn/man-hinh/man-hinh-dell-p2422h-238-inch-fhd-1920x1080-60hz?sku=00826496,https://cdn2.fptshop.com.vn/unsafe/2022_8_12_637959163999365942_man-hinh-dell-p2422h-238-inch-fhd-1920x1080-60hz-1.jpg,Đen,"{'Model': 'Màn hình Dell P2422H', 'Xuất xứ': ['Trung Quốc'], 'Thời điểm ra mắt': '2022', 'Thời gian bảo hành (tháng)': 36, 'Hướng dẫn bảo quản': 'Để nơi khô ráo, nhẹ tay, dễ vỡ.', 'Hướng dẫn sử dụng': 'Xem trong sách hướng dẫn sử dụng', 'Màu sắc': ['Đen']}","{'Kích thước có chân đế': '364.00~496.11 x 537.80 x 179.57  mm', 'Kích thước không chân đế': '318.5 x 537.80 x 52.15 mm', 'Trọng lượng sản phẩm có chân đế': [{'displayValue': '5.57 kg', 'value': 5.57}], 'Kiểu chân đế': 'Vuông'}","{'Góc nhìn': ['178°(Dọc) / 178°(Ngang)'], 'Thời gian phản hồi': ['8ms'], 'Tiêu thụ năng lượng màn hình chờ': ['0.3 W']}","{'Loại màn hình': 'Màn hình phẳng', 'Kích thước màn hình': {'displayValue': '23.8 inch', 'value': 23.8}, 'Công nghệ màn hình': 'IPS', 'Độ phân giải': ['1920 x 1080 Pixels'], 'Chuẩn màn hình': 'FHD', 'Độ sáng': '250 nits', 'Độ tương phản': '1000:1', 'Tấm nền': 'IPS', 'Tần số quét': {'displayValue': '60 Hz', 'value': 60}, 'Tỷ lệ màn hình': '16:09', 'Màu màn hình': '16.7 Triệu'}",,"{'Phụ kiện trong hộp': ['Dây DisplayPort', 'Cáp chuyển đổi', 'Dây nguồn']}"
42,00783557,Màn hình Gaming Acer VG240Y S/23.8 inch/FHD (1920x1080)/165Hz/UM.QV0SV.S01,Mua ngay,Acer,Màn hình,Màn hình Gaming,['23.8 inch '],4190000,3390000,19,2024-10-24T23:59:00.000+07:00,"['Giảm 5% cho đơn từ 53,000đ', 'Giảm ngay 1 triệu khi mở thẻ tín dụng VPBank', 'Nhập mã FPTLAP giảm 5% tối đa 200.000đ', 'Giảm đến 700.000đ khi thanh toán trả góp qua Kredivo', 'Giảm đến 1 triệu trả góp qua thẻ Visa']",https://fptshop.com.vn/man-hinh/man-hinh-acer-vg240y-s-23-8-inch-fhd?sku=00783557,https://cdn2.fptshop.com.vn/unsafe/2021_11_22_637731901485313843_man-hinh-acer-vg240y-s-23-8-inch-fhd-den-1.jpg,Đen,"{'Model': 'Acer VG240Y S/23.8 inch/FHD (1920x1080)/165Hz', 'Xuất xứ': ['Trung Quốc'], 'Thời điểm ra mắt': '2020', 'Thời gian bảo hành (tháng)': 36, 'Màu sắc': ['Đen']}","{'Kích thước có chân đế': '540 x 323 x 65 mm', 'Trọng lượng sản phẩm có chân đế': [{'displayValue': '3660 g', 'value': 3660}], 'Kiểu chân đế': 'Chân chữ V'}","{'Góc nhìn': ['178°(Dọc) / 178°(Ngang)'], 'Thời gian phản hồi': ['0.5ms'], 'Điện áp': '100 - 240 V / 50 - 60 Hz', 'Đầu ra âm thanh': 'Headphone'}","{'Loại màn hình': 'Màn hình phẳng', 'Kích thước màn hình': {'displayValue': '23.8 inch', 'value': 23.8}, 'Công nghệ màn hình': 'IPS', 'Độ phân giải': ['1920 x 1080 Pixels'], 'Chuẩn màn hình': 'FHD', 'Độ sáng': '250 nits', 'Độ tương phản': '100M:1', 'Tấm nền': 'IPS', 'Tần số quét': {'displayValue': '165 Hz', 'value': 165}}",{'Cổng giao tiếp': ['DisplayPort']},{'Phụ kiện trong hộp': ['Cáp DisplayPort']}
43,00773775,"Màn hình Xiaomi Mi Desktop Monitor 27""",Mua ngay,Xiaomi,Màn hình,Màn hình văn phòng,[],4990000,4990000,0,,"['Giảm 5% cho đơn từ 53,000đ', 'Giảm ngay 1 triệu khi mở thẻ tín dụng VPBank', 'Nhập mã FPTLAP giảm 5% tối đa 200.000đ', 'Giảm đến 700.000đ khi thanh toán trả góp qua Kredivo', 'Giảm đến 1 triệu trả góp qua thẻ Visa']",https://fptshop.com.vn/man-hinh/man-hinh-xiaomi-mi-desktop-monitor-27-inch?sku=00773775,https://cdn2.fptshop.com.vn/unsafe/2021_9_28_637684179256450493_man-hinh-xiaomi-mi-desktop-monitor-27-inch-1.jpg,Đen,"{'Model': 'BHR4975EU', 'Xuất xứ': ['Trung Quốc'], 'Thời điểm ra mắt': '2021', 'Thời gian bảo hành (tháng)': 36, 'Hướng dẫn bảo quản': 'Để nơi khô ráo, nhẹ tay, dễ vỡ.', 'Hướng dẫn sử dụng': 'Xem trong sách hướng dẫn sử dụng', 'Màu sắc': ['Đen']}","{'Trọng lượng sản phẩm có chân đế': [{'displayValue': '4.3 kg', 'value': 4.3}]}","{'Góc nhìn': ['178°(Dọc) / 178°(Ngang)'], 'Thời gian phản hồi': ['6ms'], 'Tiêu thụ năng lượng': ['24 W'], 'Điện áp': '12 V', 'Đầu ra âm thanh': '3.5 mm'}","{'Kích thước màn hình': {'displayValue': '27 inch', 'value': 27}, 'Độ phân giải': ['1920 x 1080 Pixels'], 'Chuẩn màn hình': 'FHD', 'Độ sáng': '300 nits', 'Độ tương phản': '1000:1', 'Tấm nền': 'IPS', 'Tỷ lệ màn hình': '16:09', 'Màu màn hình': '16.7 Triệu'}",{'Cổng giao tiếp': ['HDMI']},"{'Phụ kiện trong hộp': ['Sách HDSD', 'Dây nguồn']}"
44,00905793,Màn hình Gaming MSI G244F/23.8 inch (1920x1080)/IPS 170Hz,Mua ngay,MSI,Màn hình,Màn hình Gaming,"['24 inch ', 'Tần số quét 170Hz ', 'Tấm nền IPS ']",3290000,2690000,18,2024-10-24T23:59:00.000+07:00,"['Giảm 5% cho đơn từ 53,000đ', 'Giảm ngay 1 triệu khi mở thẻ tín dụng VPBank', 'Nhập mã FPTLAP giảm 5% tối đa 200.000đ', 'Giảm đến 700.000đ khi thanh toán trả góp qua Kredivo', 'Giảm đến 1 triệu trả góp qua thẻ Visa']",https://fptshop.com.vn/man-hinh/man-hinh-gaming-msi-g244f-23-8-inch?sku=00905793,https://cdn2.fptshop.com.vn/unsafe/2023_12_25_638390940306305110_man-hinh-gaming-msi-g244f-23-8-inch-1.jpg,Đen,"{'Model': 'G244F', 'Xuất xứ': ['Trung Quốc'], 'Thời gian bảo hành (tháng)': 36, 'Màu sắc': ['Đen']}","{'Kích thước có chân đế': '541.9 x 231.9 x 424.3 mm', 'Trọng lượng sản phẩm có chân đế': [{'displayValue': '5 kg', 'value': 5}], 'Kiểu chân đế': 'Vuông'}","{'Góc nhìn': ['178°(Dọc) / 178°(Ngang)'], 'Thời gian phản hồi': ['1ms'], 'Điện áp': '220 - 240 V'}","{'Loại màn hình': 'LED', 'Kích thước màn hình': {'displayValue': '24 inch', 'value': 24}, 'Công nghệ màn hình': 'IPS LCD', 'Độ phân giải': ['1920 x 1080 Pixels'], 'Chuẩn màn hình': 'FHD', 'Độ sáng': '250 nits', 'Độ tương phản': '1000:1', 'Tấm nền': 'IPS', 'Tần số quét': {'displayValue': '170 ', 'value': 170}, 'Tỷ lệ màn hình': '16:09', 'Màu màn hình': '16.7 Triệu'}","{'Cổng giao tiếp': ['Đầu vào: HDMI', 'Đầu vào: DisplayPort']}","{'Phụ kiện trong hộp': ['Dây nguồn', 'Dây DisplayPort']}"
45,00800434,Màn hình Apple Studio Display 27 inch 5K - Kính tiêu chuẩn - Chân đế cố định,Mua ngay,Apple,Màn hình,Màn hình Apple,"['Độ phân giải 5K siêu nét', 'Camera UltraWide 12MP', '6 loa âm thanh không gian']",38990000,38990000,0,,"['Giảm 5% cho đơn từ 53,000đ', 'Giảm ngay 1 triệu khi mở thẻ tín dụng VPBank', 'Giảm đến 700.000đ khi thanh toán trả góp qua Kredivo']",https://fptshop.com.vn/man-hinh/man-hinh-apple-studio-display-2022-chan-de-co-dinh?sku=00800434,https://cdn2.fptshop.com.vn/unsafe/2022_3_14_637828799663964519_man-hinh-apple-studio-display-2022-chan-de-co-dinh-1.jpg,Bạc,"{'Model': 'Màn hình Studio Display - Standard Glass', 'Xuất xứ': ['Trung Quốc'], 'Thời điểm ra mắt': '08/03/2022', 'Thời gian bảo hành (tháng)': 12, 'Hướng dẫn bảo quản': 'Để nơi khô ráo, nhẹ tay, dễ vỡ.', 'Hướng dẫn sử dụng': 'Xem trong sách hướng dẫn sử dụng', 'Màu sắc': ['Bạc']}","{'Kích thước có chân đế': '62.3 x 47.9 x 3.1 cm', 'Trọng lượng sản phẩm có chân đế': [{'displayValue': '6.3 kg', 'value': 6.3}], 'Kiểu chân đế': 'Cố định'}","{'Điện áp': '100 - 240 V / 50 - 60 Hz', 'Đầu ra âm thanh': '6 Loa'}","{'Loại màn hình': 'Màn hình phẳng', 'Kích thước màn hình': {'displayValue': '27 inch', 'value': 27}, 'Công nghệ màn hình': 'True Tone, Wide color (P3)', 'Độ phân giải': ['5120 x 2880 Pixels'], 'Chuẩn màn hình': '5K Rentina', 'Độ sáng': '600 nits', 'Màu màn hình': '1 Tỷ'}","{'Cổng giao tiếp': ['3 Type C', '1 Thunderbolt']}","{'Phụ kiện trong hộp': ['Sách HDSD', 'Cáp Type C']}"
46,00904730,Màn hình Gaming Asus VG279Q3A/27 inch/FHD(1920x1080)/180Hz,Hàng sắp về,Asus,Màn hình,Màn hình Gaming,[],5170000,5170000,0,,"['Giảm 5% cho đơn từ 53,000đ', 'Giảm ngay 1 triệu khi mở thẻ tín dụng VPBank', 'Nhập mã FPTLAP giảm 5% tối đa 200.000đ', 'Giảm đến 700.000đ khi thanh toán trả góp qua Kredivo', 'Giảm đến 1 triệu trả góp qua thẻ Visa']",https://fptshop.com.vn/man-hinh/man-hinh-asus-vg279q3a27-inch?sku=00904730,https://cdn2.fptshop.com.vn/unsafe/2023_9_28_638315154852858789_mam-hinh-asus-vg279q3a27-inch.jpg,Đen,"{'Model': 'Asus VG279Q3A', 'Xuất xứ': ['Trung Quốc'], 'Thời gian bảo hành (tháng)': 36, 'Màu sắc': ['Đen']}","{'Kích thước có chân đế': '615 x 453 x 193 mm', 'Trọng lượng sản phẩm có chân đế': [{'displayValue': '6.9 kg', 'value': 6.9}]}","{'Góc nhìn': ['178°(Dọc) / 178°(Ngang)'], 'Thời gian phản hồi': ['1ms'], 'Điện áp': '100 - 240 V / 50 - 60 Hz'}","{'Loại màn hình': 'Màn hình phẳng', 'Kích thước màn hình': {'displayValue': '27 inch', 'value': 27}, 'Độ phân giải': ['FHD (1920 x 1080)'], 'Độ sáng': '250 nits', 'Độ tương phản': '1000:1', 'Tấm nền': 'IPS', 'Tần số quét': {'displayValue': '180 Hz', 'value': 180}, 'Tỷ lệ màn hình': '16:09', 'Màu màn hình': 'Đang cập nhật'}",,"{'Phụ kiện trong hộp': ['Dây DisplayPort', 'Dây HDMI', 'Dây nguồn']}"
47,00775457,Màn hình LG 27GL650F-B / 27 inchs / FullHD ( 1920 x 1080 ) 144Hz,Hàng sắp về,LG,Màn hình,Màn hình văn phòng,[],7490000,7490000,0,,"['Giảm 5% cho đơn từ 53,000đ', 'Giảm ngay 1 triệu khi mở thẻ tín dụng VPBank', 'Nhập mã FPTLAP giảm 5% tối đa 200.000đ', 'Giảm đến 700.000đ khi thanh toán trả góp qua Kredivo', 'Giảm đến 1 triệu trả góp qua thẻ Visa']",https://fptshop.com.vn/man-hinh/man-hinh-lg27-inch-27gl650f-b?sku=00775457,https://cdn2.fptshop.com.vn/unsafe/2021_11_12_637723068779810628_man-hinh-lg-27gl650f-b-27-inchs-fullhd-den-1.jpg,Đen,"{'Model': '27GL650F-B.ATV', 'Xuất xứ': ['Indonesia'], 'Thời điểm ra mắt': '2021', 'Thời gian bảo hành (tháng)': 24, 'Hướng dẫn bảo quản': 'Để nơi khô ráo, nhẹ tay, dễ vỡ.', 'Hướng dẫn sử dụng': 'Xem trong sách hướng dẫn sử dụng', 'Màu sắc': ['Đen']}","{'Kích thước có chân đế': '615.1 x 575.2 x 274.4  mm', 'Kích thước không chân đế': '615.1 x 366.6 x 45.2 mm', 'Trọng lượng sản phẩm có chân đế': [{'displayValue': '9300 g', 'value': 9300}], 'Kiểu chân đế': 'Chân chữ V'}","{'Góc nhìn': ['178°(Dọc) / 178°(Ngang)'], 'Thời gian phản hồi': ['5ms'], 'Tiêu thụ năng lượng': ['35 W'], 'Tiêu thụ năng lượng màn hình chờ': ['0.3 W'], 'Điện áp': '100 - 240 V / 50 - 60 Hz', 'Đầu ra âm thanh': 'Có'}","{'Loại màn hình': 'Màn hình phẳng', 'Kích thước màn hình': {'displayValue': '27 inch', 'value': 27}, 'Công nghệ màn hình': 'LCD', 'Độ phân giải': ['1920 x 1080 Pixels'], 'Chuẩn màn hình': 'FHD', 'Độ sáng': '400 nits', 'Độ tương phản': '1000:1', 'Tấm nền': 'IPS', 'Tần số quét': {'displayValue': '144 Hz', 'value': 144}, 'Tỷ lệ màn hình': '16:09'}","{'Cổng giao tiếp': ['1 DisplayPort', '1 HDMI']}",
48,00882594,Màn hình Gaming LG UltraGear 27GP95R-B/27 inch/4K (3840 x 2160)/IPS 160Hz,Hàng sắp về,LG,Màn hình,Màn hình văn phòng,[],22990000,17990000,22,2024-10-24T23:59:00.000+07:00,"['Giảm 5% cho đơn từ 53,000đ', 'Giảm ngay 1 triệu khi mở thẻ tín dụng VPBank', 'Nhập mã FPTLAP giảm 5% tối đa 200.000đ', 'Giảm đến 700.000đ khi thanh toán trả góp qua Kredivo', 'Giảm đến 1 triệu trả góp qua thẻ Visa']",https://fptshop.com.vn/man-hinh/man-hinh-lg-ultragear-27gp95r-b27-inch-4k?sku=00882594,https://cdn2.fptshop.com.vn/unsafe/2023_11_15_638356679457414987_man-hinh-lg-ultragear-27gp95r-b27-inch-4k-dd.jpg,Đen,"{'Model': 'Gaming LG UltraGear 27GP95R-B', 'Xuất xứ': ['Trung Quốc'], 'Thời điểm ra mắt': '2022', 'Thời gian bảo hành (tháng)': 24, 'Hướng dẫn bảo quản': 'Để nơi khô ráo, nhẹ tay, dễ vỡ.', 'Hướng dẫn sử dụng': 'Xem trong sách hướng dẫn sử dụng', 'Màu sắc': ['Đen']}","{'Kích thước có chân đế': '609,2 x 574,7 x 291,2 mm', 'Trọng lượng sản phẩm có chân đế': [{'displayValue': '7.8 ', 'value': 7.8}]}",,"{'Kích thước màn hình': {'displayValue': '27 inch', 'value': 27}, 'Độ phân giải': ['3840 x 2160 Pixels'], 'Chuẩn màn hình': '4K'}",,
49,00774541,Màn hình vi tính DELL PRO P2319H 23 inch,Hàng sắp về,Dell,Màn hình,Màn hình văn phòng,[],4790000,4790000,0,,"['Giảm 5% cho đơn từ 53,000đ', 'Giảm ngay 1 triệu khi mở thẻ tín dụng VPBank', 'Nhập mã FPTLAP giảm 5% tối đa 200.000đ', 'Giảm đến 700.000đ khi thanh toán trả góp qua Kredivo', 'Giảm đến 1 triệu trả góp qua thẻ Visa']",https://fptshop.com.vn/man-hinh/man-hinh-vi-tinh-dell-pro-p2319h-23-inch?sku=00774541,https://cdn2.fptshop.com.vn/unsafe/2021_9_29_637685329036942414_man-hinh-vi-tinh-dell-pro-p2319h-den-1.jpg,Đen,"{'Model': 'Dell™ Professional P2319H 23.0”', 'Xuất xứ': ['Trung Quốc'], 'Thời điểm ra mắt': '2021', 'Thời gian bảo hành (tháng)': 36, 'Hướng dẫn bảo quản': 'Để nơi khô ráo, nhẹ tay, dễ vỡ.', 'Hướng dẫn sử dụng': 'Xem trong sách hướng dẫn sử dụng', 'Màu sắc': ['Đen']}",,"{'Góc nhìn': ['178°(Dọc) / 178°(Ngang)'], 'Thời gian phản hồi': ['8ms']}","{'Kích thước màn hình': {'displayValue': '23 inch', 'value': 23}, 'Độ phân giải': ['1920 x 1080 Pixels'], 'Độ sáng': '250 nits', 'Độ tương phản': '1000:1', 'Tấm nền': 'IPS', 'Tỷ lệ màn hình': '16:09'}","{'Cổng giao tiếp': ['1 VGA/D-sub', '1 HDMI 1.4', '1 DisplayPort 1.2']}",
50,00800438,Màn hình Apple Studio Display 27 inch 5K - Kính Nano - Chân đế cố định,Hàng sắp về,Apple,Màn hình,Màn hình Apple,"['Độ phân giải 5K siêu nét', 'Camera UltraWide 12MP', '6 loa âm thanh không gian']",45990000,45990000,0,,"['Giảm 5% cho đơn từ 53,000đ', 'Giảm ngay 1 triệu khi mở thẻ tín dụng VPBank', 'Giảm đến 700.000đ khi thanh toán trả góp qua Kredivo']",https://fptshop.com.vn/man-hinh/man-hinh-apple-studio-display-2022-nano-chan-de-co-dinh?sku=00800438,https://cdn2.fptshop.com.vn/unsafe/2022_3_14_637828799663964519_man-hinh-apple-studio-display-2022-chan-de-co-dinh-1.jpg,Bạc,"{'Model': 'Màn hình Studio Display - Nano-Texture Glass', 'Xuất xứ': ['Trung Quốc'], 'Thời điểm ra mắt': '08/03/2022', 'Thời gian bảo hành (tháng)': 12, 'Hướng dẫn bảo quản': 'Để nơi khô ráo, nhẹ tay, dễ vỡ.', 'Hướng dẫn sử dụng': 'Xem trong sách hướng dẫn sử dụng', 'Màu sắc': ['Bạc']}","{'Kích thước có chân đế': '62.3 x 47.9 x 3.1 cm', 'Trọng lượng sản phẩm có chân đế': [{'displayValue': '6.3 kg', 'value': 6.3}], 'Kiểu chân đế': 'Cố định'}","{'Điện áp': '100 - 240 V / 50 - 60 Hz', 'Đầu ra âm thanh': '6 Loa'}","{'Loại màn hình': 'Màn hình phẳng', 'Kích thước màn hình': {'displayValue': '27 inch', 'value': 27}, 'Công nghệ màn hình': 'Nano True Tone, Wide color (P3)', 'Độ phân giải': ['5120 x 2880 Pixels'], 'Chuẩn màn hình': '5K Rentina', 'Độ sáng': '600 nits', 'Màu màn hình': '1 Tỷ'}",,"{'Phụ kiện trong hộp': ['Cáp Type C', 'Sách HDSD']}"
51,00802939,"Màn hình AOC M2470SWH / 23,6 inchs / FullHD ( 1920 x 1080 ) 60Hz",Hàng sắp về,AOC,Màn hình,Màn hình văn phòng,[],3899000,3899000,0,,"['Giảm 5% cho đơn từ 53,000đ', 'Giảm ngay 1 triệu khi mở thẻ tín dụng VPBank', 'Nhập mã FPTLAP giảm 5% tối đa 200.000đ', 'Giảm đến 700.000đ khi thanh toán trả góp qua Kredivo', 'Giảm đến 1 triệu trả góp qua thẻ Visa']",https://fptshop.com.vn/man-hinh/man-hinh-aoc-m2470swh--23-6-inchs?sku=00802939,https://cdn2.fptshop.com.vn/unsafe/2022_4_16_637857035679930760_man-hinh-aoc-m2470swh--23-6-inchs-den-2.jpg,Đen,"{'Xuất xứ': ['Trung Quốc'], 'Thời điểm ra mắt': '2021', 'Thời gian bảo hành (tháng)': 36, 'Hướng dẫn bảo quản': 'Để nơi khô ráo, nhẹ tay, dễ vỡ.', 'Hướng dẫn sử dụng': 'Xem trong sách hướng dẫn sử dụng', 'Màu sắc': ['Đen']}","{'Kích thước có chân đế': '551.4x400.4x221 mm', 'Trọng lượng sản phẩm có chân đế': [{'displayValue': '3.68 kg', 'value': 3.68}], 'Kiểu chân đế': 'Cố định'}","{'Góc nhìn': ['178°(Dọc) / 178°(Ngang)'], 'Thời gian phản hồi': ['5ms'], 'Tiêu thụ năng lượng': ['24 W'], 'Tiêu thụ năng lượng màn hình chờ': ['0.5 W'], 'Điện áp': '220 V', 'Đầu ra âm thanh': 'Không'}","{'Loại màn hình': 'Màn hình phẳng', 'Kích thước màn hình': {'displayValue': '23.8 inch', 'value': 23.8}, 'Công nghệ màn hình': 'VA', 'Độ phân giải': ['1920 x 1080 Pixels'], 'Chuẩn màn hình': 'FHD', 'Độ sáng': '250 nits', 'Độ tương phản': '2.000.000:1', 'Tấm nền': 'VA', 'Tần số quét': {'displayValue': '60 Hz', 'value': 60}, 'Tỷ lệ màn hình': '16:09', 'Màu màn hình': '16.7 Triệu'}",{'Cổng giao tiếp': ['HDMI']},"{'Phụ kiện trong hộp': ['Cáp VGA', 'Cáp HDMI', 'Cáp']}"
52,00800435,Màn hình Apple Studio Display 27 inch 5K - Kính tiêu chuẩn - Chân đế điều chỉnh độ cao,Hàng sắp về,Apple,Màn hình,Màn hình Apple,"['Độ phân giải 5K siêu nét', 'Camera UltraWide 12MP', '6 loa âm thanh không gian']",48990000,48990000,0,,"['Giảm 5% cho đơn từ 53,000đ', 'Giảm ngay 1 triệu khi mở thẻ tín dụng VPBank', 'Giảm đến 700.000đ khi thanh toán trả góp qua Kredivo']",https://fptshop.com.vn/man-hinh/man-hinh-apple-studio-display-2022-chan-de-dieu-chinh?sku=00800435,https://cdn2.fptshop.com.vn/unsafe/2022_3_14_637828833509171270_man-hinh-apple-studio-display-2022-chan-de-co-dinh-1.jpg,Bạc,"{'Model': 'Màn hình Studio Display - Standard Glass', 'Xuất xứ': ['Trung Quốc'], 'Thời điểm ra mắt': '08/03/2022', 'Thời gian bảo hành (tháng)': 12, 'Hướng dẫn bảo quản': 'Để nơi khô ráo, nhẹ tay, dễ vỡ.', 'Hướng dẫn sử dụng': 'Xem trong sách hướng dẫn sử dụng', 'Màu sắc': ['Bạc']}","{'Kích thước có chân đế': '62.3 x 47.9 x 3.1 cm', 'Trọng lượng sản phẩm có chân đế': [{'displayValue': '6.3 kg', 'value': 6.3}], 'Kiểu chân đế': 'Điều chỉnh độ cao'}","{'Điện áp': '100 - 240 V / 50 - 60 Hz', 'Đầu ra âm thanh': '6 Loa'}","{'Loại màn hình': 'Màn hình phẳng', 'Kích thước màn hình': {'displayValue': '27 inch', 'value': 27}, 'Công nghệ màn hình': 'True Tone, Wide color (P3)', 'Độ phân giải': ['5120 x 2880 Pixels'], 'Chuẩn màn hình': '5K Rentina', 'Độ sáng': '600 nits', 'Màu màn hình': '1 Tỷ'}","{'Cổng giao tiếp': ['3 Type C', '1 Thunderbolt']}","{'Phụ kiện trong hộp': ['Sách HDSD', 'Cáp Type C']}"
53,00800439,Màn hình Apple Studio Display 27 inch 5K - Kính Nano - Chân đế điều chỉnh độ cao,Hàng sắp về,Apple,Màn hình,Màn hình Apple,"['Độ phân giải 5K siêu nét', 'Camera UltraWide 12MP', '6 loa âm thanh không gian']",55990000,55990000,0,,"['Giảm 5% cho đơn từ 53,000đ', 'Giảm ngay 1 triệu khi mở thẻ tín dụng VPBank', 'Giảm đến 700.000đ khi thanh toán trả góp qua Kredivo']",https://fptshop.com.vn/man-hinh/man-hinh-apple-studio-display-2022-nano-chan-de-dieu-chinh?sku=00800439,https://cdn2.fptshop.com.vn/unsafe/2022_3_14_637828833509171270_man-hinh-apple-studio-display-2022-chan-de-co-dinh-1.jpg,Bạc,"{'Model': 'Màn hình Studio Display - Nano-Texture Glass', 'Xuất xứ': ['Trung Quốc'], 'Thời điểm ra mắt': '08/03/2022', 'Thời gian bảo hành (tháng)': 12, 'Hướng dẫn bảo quản': 'Để nơi khô ráo, nhẹ tay, dễ vỡ.', 'Hướng dẫn sử dụng': 'Xem trong sách hướng dẫn sử dụng', 'Màu sắc': ['Bạc']}","{'Kích thước có chân đế': '62.3 x 47.9 x 3.1 cm', 'Trọng lượng sản phẩm có chân đế': [{'displayValue': '6.3 kg', 'value': 6.3}], 'Kiểu chân đế': 'Điều chỉnh độ cao'}","{'Điện áp': '100 - 240 V / 50 - 60 Hz', 'Đầu ra âm thanh': '6 Loa'}","{'Loại màn hình': 'Màn hình phẳng', 'Kích thước màn hình': {'displayValue': '27 inch', 'value': 27}, 'Công nghệ màn hình': 'Nano True Tone, Wide color (P3)', 'Độ phân giải': ['5120 x 2880 Pixels'], 'Chuẩn màn hình': '5K Rentina', 'Độ sáng': '600 nits', 'Màu màn hình': '1 Tỷ'}","{'Cổng giao tiếp': ['1 Thunderbolt', '3 Type C']}","{'Phụ kiện trong hộp': ['Cáp Type C', 'Sách HDSD']}"
54,00800437,Màn hình Apple Studio Display 27 inch 5K - Kính tiêu chuẩn - Không chân đế,Hàng sắp về,Apple,Màn hình,Màn hình Apple,"['Độ phân giải 5K siêu nét', 'Camera UltraWide 12MP', '6 loa âm thanh không gian']",38990000,38990000,0,,"['Giảm 5% cho đơn từ 53,000đ', 'Giảm ngay 1 triệu khi mở thẻ tín dụng VPBank', 'Giảm đến 700.000đ khi thanh toán trả góp qua Kredivo']",https://fptshop.com.vn/man-hinh/man-hinh-apple-studio-display-2022-khong-chan-de?sku=00800437,https://cdn2.fptshop.com.vn/unsafe/2022_3_14_637828834181232211_man-hinh-apple-studio-display-2022-khong-chan-de-1.jpg,Bạc,"{'Model': 'Màn hình Studio Display - Standard Glass', 'Xuất xứ': ['Trung Quốc'], 'Thời điểm ra mắt': '08/03/2022', 'Thời gian bảo hành (tháng)': 12, 'Hướng dẫn bảo quản': 'Để nơi khô ráo, nhẹ tay, dễ vỡ.', 'Hướng dẫn sử dụng': 'Xem trong sách hướng dẫn sử dụng', 'Màu sắc': ['Bạc']}","{'Kích thước có chân đế': '62.3 x 47.9 x 3.1 cm', 'Trọng lượng sản phẩm có chân đế': [{'displayValue': '6.3 kg', 'value': 6.3}], 'Kiểu chân đế': 'Không chân đế'}","{'Điện áp': '100 - 240 V / 50 - 60 Hz', 'Đầu ra âm thanh': '6 Loa'}","{'Loại màn hình': 'Màn hình phẳng', 'Kích thước màn hình': {'displayValue': '27 inch', 'value': 27}, 'Công nghệ màn hình': 'True Tone, Wide color (P3)', 'Độ phân giải': ['5120 x 2880 Pixels'], 'Chuẩn màn hình': '5K Rentina', 'Độ sáng': '600 nits', 'Màu màn hình': '1 Tỷ'}","{'Cổng giao tiếp': ['3 Type C', '1 Thunderbolt']}","{'Phụ kiện trong hộp': ['Cáp Type C', 'Sách HDSD']}"
55,00800440,Màn hình Apple Studio Display 27 inch 5K - Kính Nano - Không chân đế,Hàng sắp về,Apple,Màn hình,Màn hình Apple,"['Độ phân giải 5K siêu nét', 'Camera UltraWide 12MP', '6 loa âm thanh không gian']",45990000,45990000,0,,"['Giảm 5% cho đơn từ 53,000đ', 'Giảm ngay 1 triệu khi mở thẻ tín dụng VPBank', 'Giảm đến 700.000đ khi thanh toán trả góp qua Kredivo']",https://fptshop.com.vn/man-hinh/man-hinh-apple-studio-display-2022-nano-khong-chan-de?sku=00800440,https://cdn2.fptshop.com.vn/unsafe/2022_3_14_637828834181232211_man-hinh-apple-studio-display-2022-khong-chan-de-1.jpg,Bạc,"{'Model': 'Màn hình Studio Display - Nano-Texture Glass', 'Xuất xứ': ['Trung Quốc'], 'Thời điểm ra mắt': '08/03/2022', 'Thời gian bảo hành (tháng)': 12, 'Hướng dẫn bảo quản': 'Để nơi khô ráo, nhẹ tay, dễ vỡ.', 'Hướng dẫn sử dụng': 'Xem trong sách hướng dẫn sử dụng', 'Màu sắc': ['Bạc']}","{'Kích thước có chân đế': '62.3 x 47.9 x 3.1 cm', 'Trọng lượng sản phẩm có chân đế': [{'displayValue': '6.3 kg', 'value': 6.3}], 'Kiểu chân đế': 'Không chân đế'}","{'Điện áp': '100 - 240 V / 50 - 60 Hz', 'Đầu ra âm thanh': '6 Loa'}","{'Loại màn hình': 'Màn hình phẳng', 'Kích thước màn hình': {'displayValue': '27 inch', 'value': 27}, 'Công nghệ màn hình': 'Nano True Tone, Wide color (P3)', 'Độ phân giải': ['5120 x 2880 Pixels'], 'Chuẩn màn hình': '5K Rentina', 'Độ sáng': '600 nits', 'Màu màn hình': '1 Tỷ'}","{'Cổng giao tiếp': ['1 Thunderbolt', '3 Type C']}","{'Phụ kiện trong hộp': ['Cáp Type C', 'Sách HDSD']}"
