,sku,Tên,Trạng thái,Nhãn hàng,Loại,Nhóm,Đặc điểm nổi bật,Giá gốc,Giá hiện tại,Giảm giá,Thời gian kết thúc giảm giá,Khuyến mãi,Link đặt hàng,Ảnh,Màu,Bộ xử lý,Đồ họa,RAM,Lưu trữ,Giao tiếp và kết nối,Thông số cơ bản,Thiết kế và Trọng lượng,Thông tin hàng hóa,Hệ thống làm mát,Phụ kiện trong hộp,Hệ điều hành,Màn hình,Âm Thanh,Ổ đĩa quang
0,00910858,PC E-Power Office 31 AMD Ryzen 5 4600G / RAM 16GB / SSD 512GB / 450W,Mua ngay,E-Power,Máy tính để bàn,PC lắp ráp,"['AMD Ryzen 5 4600G ', 'RAM 16GB ', 'SSD 512GB ']",8490000,6690000,21,2024-10-24T23:59:00.000+07:00,"['Giảm 5% cho đơn từ 53,000đ', 'Giảm ngay 1 triệu khi mở thẻ tín dụng VPBank', 'Nhập mã FPTLAP giảm 5% tối đa 200.000đ', 'Giảm đến 700.000đ khi thanh toán trả góp qua Kredivo', 'Giảm đến 1 triệu trả góp qua thẻ Visa']",https://fptshop.com.vn/may-tinh-de-ban/pc-e-power-office-31-amd-ryzen-5-4600g-ram-16gb?sku=00910858,https://cdn2.fptshop.com.vn/unsafe/00910859_pc_e_power_office_30_244ec1cd1a.png,Đen,"{'Hãng CPU': 'AMD', 'Công nghệ CPU': 'Ryzen 5', 'Loại CPU': '4600G'}",{'Đồ họa tổng hợp': 'AMD Radeon Graphics'},"{'Hỗ trợ RAM tối đa': '64 GB', 'Dung lượng RAM': '16 GB (2 thanh 8 GB)'}","{'Kiểu ổ cứng': ['SSD'], 'Tổng số khe cắm SSD/HDD': ['3'], 'Số khe SSD/HDD còn lại': ['1 SSD + 1 HDD']}",{'Cổng giao tiếp': ['Đầu ra: HDMI']},"{'Khe RAM tối đa': '2 khe', 'Công suất': ['Bên trên: 450 W']}","{'Kích thước': '293 x 160 x 382 mm', 'Trọng lượng sản phẩm': [{'displayValue': '5 kg', 'value': 5}], 'Chất liệu': ['Khung máy: Kim loại']}","{'Xuất xứ': ['Việt Nam / Trung Quốc'], 'Thời điểm ra mắt': '2024', 'Thời gian bảo hành (tháng)': 36, 'Màu sắc': ['Đen']}",,,,,,
1,00910857,PC E-Power Office 32 AMD Ryzen 5 5600G / RAM 16GB / SSD 512GB / 450W,Mua ngay,E-Power,Máy tính để bàn,PC lắp ráp,"['AMD Ryzen 5 5600G ', 'RAM 16GB ', 'SSD 512GB ']",8990000,7990000,11,2024-10-31T23:59:00.000+07:00,"['Giảm 5% cho đơn từ 53,000đ', 'Giảm ngay 1 triệu khi mở thẻ tín dụng VPBank', 'Nhập mã FPTLAP giảm 5% tối đa 200.000đ', 'Giảm đến 700.000đ khi thanh toán trả góp qua Kredivo', 'Giảm đến 1 triệu trả góp qua thẻ Visa']",https://fptshop.com.vn/may-tinh-de-ban/pc-e-power-office-32-amd-ryzen-5-5600g-ram-16gb?sku=00910857,https://cdn2.fptshop.com.vn/unsafe/00910859_pc_e_power_office_30_244ec1cd1a.png,Đen,"{'Hãng CPU': 'AMD', 'Công nghệ CPU': 'Ryzen 5', 'Loại CPU': '5600G'}",{'Đồ họa tổng hợp': 'AMD Radeon Graphics'},"{'Hỗ trợ RAM tối đa': '64 GB', 'Dung lượng RAM': '16 GB (2 thanh 8 GB)'}","{'Kiểu ổ cứng': ['SSD'], 'Tổng số khe cắm SSD/HDD': ['3'], 'Số khe SSD/HDD còn lại': ['1 SSD + 1 HDD']}",{'Cổng giao tiếp': ['Đầu ra: HDMI']},"{'Khe RAM tối đa': '2 khe', 'Công suất': ['Bên trên: 450 W']}","{'Kích thước': '293 x 160 x 382 mm', 'Trọng lượng sản phẩm': [{'displayValue': '5 kg', 'value': 5}], 'Chất liệu': ['Khung máy: Kim loại']}","{'Xuất xứ': ['Việt Nam / Trung Quốc'], 'Thời điểm ra mắt': '2024', 'Thời gian bảo hành (tháng)': 36, 'Màu sắc': ['Đen']}",,,,,,
2,00883346,PC E-Power Office 21 AMD Ryzen 5 4600G 3.6 GHz - 4.0 GHz / 16GB / 256GB / 500W,Mua ngay,E-Power,Máy tính để bàn,PC lắp ráp,"['AMD Ryzen 5 4600G ', 'RAM 16GB ', 'Bảo hành theo linh kiện']",8490000,6490000,24,2024-10-24T23:59:00.000+07:00,"['Giảm 5% cho đơn từ 53,000đ', 'Giảm ngay 1 triệu khi mở thẻ tín dụng VPBank', 'Nhập mã FPTLAP giảm 5% tối đa 200.000đ', 'Giảm đến 700.000đ khi thanh toán trả góp qua Kredivo', 'Giảm đến 1 triệu trả góp qua thẻ Visa']",https://fptshop.com.vn/may-tinh-de-ban/pc-e-power-office-21-amd-ryzen-5-4600g?sku=00883346,https://cdn2.fptshop.com.vn/unsafe/2023_6_20_638228497605237433_vo-case-jetek-en15-mini-1.jpg,Đen,"{'Hãng CPU': 'AMD', 'Công nghệ CPU': 'Ryzen 5', 'Loại CPU': '4600G'}","{'Hãng': 'AMD', 'Model': 'Vega 8', 'Bộ nhớ': 'Share', 'Đồ họa tổng hợp': 'AMD Radeon Graphics Vega 8'}","{'Hỗ trợ RAM tối đa': '64 GB', 'Dung lượng RAM': '16 GB', 'Loại RAM': ['DDR4'], 'Tốc độ RAM': [{'displayValue': '3200 MHz', 'value': 3200}]}","{'Kiểu ổ cứng': ['SSD'], 'Tổng số khe cắm SSD/HDD': ['3'], 'Số khe SSD/HDD còn lại': ['1 SSD + 1 HDD'], 'Loại SSD': ['M2. PCIe'], 'Dung lượng': {'displayValue': '256 GB', 'value': 256}}","{'Cổng giao tiếp': ['HDMI', 'USB 2.0', 'Jack 3.5 mm', 'LAN']}","{'Chế độ bảo hành': ['Bảo hành theo linh kiện'], 'Chipset': 'AMD A320', 'Khe RAM tối đa': '2 khe', 'Công suất': ['500 W']}","{'Kích thước': '300 x 150 x 320 mm', 'Trọng lượng sản phẩm': [{'displayValue': '4.5 kg', 'value': 4.5}], 'Kiểu dáng thiết kế': 'PC lắp ráp', 'Chất liệu': ['Vỏ máy: Kim loại'], 'Kích thước Mainboard': ['m-ATX']}","{'Xuất xứ': ['Việt Nam / Trung Quốc'], 'Thời điểm ra mắt': '2023', 'Thời gian bảo hành (tháng)': 36, 'Hướng dẫn bảo quản': 'Để nơi khô ráo, nhẹ tay, dễ vỡ.', 'Hướng dẫn sử dụng': 'Xem trong sách hướng dẫn sử dụng', 'Màu sắc': ['Đen']}",{'Dạng tản nhiệt': ['Quạt']},"{'Phụ kiện trong hộp': ['Chuột có dây', 'Bàn phím có dây', 'USB thu Wifi', 'Dây nguồn']}",,,,
3,00909226,PC Gaming E-Power A1650 AMD Ryzen 3 3200G / 16GB / 256GB / 500W / GTX 1650 4GB,Mua ngay,E-Power,Máy tính để bàn,PC lắp ráp,"['AMD Ryzen 3 3200G ', 'RAM 16GB ', 'GeForce GTX 1650 ']",11990000,9990000,17,2024-10-31T23:59:00.000+07:00,"['Chủ thẻ OCB: Giảm thêm 500,000đ', 'Giảm 5% cho đơn từ 53,000đ', 'Giảm ngay 1 triệu khi mở thẻ tín dụng VPBank', 'Nhập mã FPTLAP giảm 5% tối đa 200.000đ', 'Giảm đến 700.000đ khi thanh toán trả góp qua Kredivo', 'Giảm đến 1 triệu trả góp qua thẻ Visa']",https://fptshop.com.vn/may-tinh-de-ban/pc-gaming-e-power-a1650-amd-ryzen-3-3200g?sku=00909226,https://cdn2.fptshop.com.vn/unsafe/pc_gaming_e_power_a1650_amd_ryzen_3_3200g_5035142948.jpg,Đen,"{'Hãng CPU': 'AMD', 'Công nghệ CPU': 'Ryzen 3', 'Loại CPU': '3200G', 'Số nhân': 4, 'Số luồng': 4}",{'Đồ họa tổng hợp': 'NVIDIA GeForce GTX 1650 4GB'},"{'Hỗ trợ RAM tối đa': '64 GB', 'Dung lượng RAM': '16 GB (2 thanh 8 GB)', 'Loại RAM': ['DDR4'], 'Tốc độ RAM': [{'displayValue': '2933 MHz', 'value': 2933}]}","{'Kiểu ổ cứng': ['SSD'], 'Tổng số khe cắm SSD/HDD': ['M.2 slot x 1'], 'Số khe SSD/HDD còn lại': ['1 SSD']}",{'Cổng giao tiếp': ['Audio Jack: USB 3.2']},"{'Tốc độ CPU': ['Cơ bản 3.5 GHz'], 'Chipset': 'AMD A320', 'Khe RAM tối đa': '2 khe', 'Công suất': ['Tổng: 500 W']}","{'Kích thước': '299  x 310 x 345 mm', 'Trọng lượng sản phẩm': [{'displayValue': '5.5 kg', 'value': 5.5}], 'Loại Case': 'MID tower', 'Chất liệu': ['Khung máy: Kim loại'], 'Kích thước Mainboard': ['m-ATX']}","{'Xuất xứ': ['Việt Nam / Trung Quốc'], 'Thời điểm ra mắt': '02/2023', 'Thời gian bảo hành (tháng)': 36, 'Hướng dẫn bảo quản': 'Để nơi khô ráo, nhẹ tay, dễ vỡ.', 'Hướng dẫn sử dụng': 'Xem trong sách hướng dẫn sử dụng', 'Màu sắc': ['Đen']}","{'Dạng tản nhiệt': ['Tản khí'], 'Chất liệu tản nhiệt': ['Copper, Aluminum']}",,{'OS': ['Không']},,,
4,00910856,PC E-Power Office 33 Intel Core i3 12100 / RAM 16GB / SSD 256GB / 450W,Mua ngay,E-Power,Máy tính để bàn,PC lắp ráp,"['Intel Core i3-12100 ', 'RAM 16GB ', 'SSD 256GB ']",8490000,7090000,16,2024-10-31T23:59:00.000+07:00,"['Giảm 5% cho đơn từ 53,000đ', 'Giảm ngay 1 triệu khi mở thẻ tín dụng VPBank', 'Nhập mã FPTLAP giảm 5% tối đa 200.000đ', 'Giảm đến 700.000đ khi thanh toán trả góp qua Kredivo', 'Giảm đến 1 triệu trả góp qua thẻ Visa']",https://fptshop.com.vn/may-tinh-de-ban/pc-e-power-office-33-intel-core-i3-12100-ram-16gb?sku=00910856,https://cdn2.fptshop.com.vn/unsafe/00910859_pc_e_power_office_30_244ec1cd1a.png,Đen,"{'Hãng CPU': 'Intel', 'Công nghệ CPU': 'Core i3', 'Loại CPU': '12100'}",{'Đồ họa tổng hợp': 'Intel UHD Graphics 730'},"{'Hỗ trợ RAM tối đa': '64 GB', 'Dung lượng RAM': '16 GB (2 thanh 8 GB)'}","{'Kiểu ổ cứng': ['SSD'], 'Tổng số khe cắm SSD/HDD': ['3'], 'Số khe SSD/HDD còn lại': ['1 SSD + 1 HDD']}",{'Cổng giao tiếp': ['Đầu ra: HDMI']},"{'Khe RAM tối đa': '2 khe', 'Công suất': ['Bên trên: 450 W']}","{'Kích thước': '293 x 160 x 382 mm', 'Trọng lượng sản phẩm': [{'displayValue': '5 kg', 'value': 5}], 'Chất liệu': ['Khung máy: Kim loại']}","{'Xuất xứ': ['Việt Nam / Trung Quốc'], 'Thời điểm ra mắt': '2024', 'Thời gian bảo hành (tháng)': 36, 'Màu sắc': ['Đen']}",,,,,,
5,00907114,PC Gaming E-Power N3050 Core i5 12400F / RAM 16GB / SSD 512GB / 650W / RTX 3050 6GB,Mua ngay,E-Power,Máy tính để bàn,PC lắp ráp,"['Intel Core i5-12400F ', 'RAM 16GB ', 'GeForce RTX 3050 ']",17290000,14290000,17,2024-10-24T23:59:00.000+07:00,"['Chủ thẻ OCB: Giảm thêm 500,000đ', 'Giảm 5% cho đơn từ 53,000đ', 'Giảm ngay 1 triệu khi mở thẻ tín dụng VPBank', 'Nhập mã FPTLAP giảm 5% tối đa 200.000đ', 'Giảm đến 700.000đ khi thanh toán trả góp qua Kredivo', 'Giảm đến 1 triệu trả góp qua thẻ Visa']",https://fptshop.com.vn/may-tinh-de-ban/pc-gaming-e-power-n3050-core-i5-12400f?sku=00907114,https://cdn2.fptshop.com.vn/unsafe/2024_3_7_638454239916491907_pc-gaming-e-power-n3050-core-i5-12400f.jpg,Đen,"{'Hãng CPU': 'Intel', 'Công nghệ CPU': 'Core i5', 'Loại CPU': '12400F', 'Số nhân': 6, 'Số luồng': 12}",{'Đồ họa tổng hợp': 'NVIDIA RTX 3050 OC 6GB'},"{'Hỗ trợ RAM tối đa': '128GB', 'Dung lượng RAM': '16 GB (2 thanh 8 GB)', 'Loại RAM': ['DDR4'], 'Tốc độ RAM': [{'displayValue': '3200 MHz', 'value': 3200}]}","{'Kiểu ổ cứng': ['SSD'], 'Tổng số khe cắm SSD/HDD': ['M.2 slot x 1'], 'Số khe SSD/HDD còn lại': ['1 SSD']}",{'Cổng giao tiếp': ['Audio Jack: USB 3.2']},"{'Chipset': 'AMD B450', 'Khe RAM tối đa': '2 khe', 'Công suất': ['Tổng: 650 W']}","{'Kích thước': '299 x 310 x 345 mm', 'Trọng lượng sản phẩm': [{'displayValue': '5.5 kg', 'value': 5.5}], 'Loại Case': 'MID tower', 'Chất liệu': ['Khung máy: Kim loại'], 'Kích thước Mainboard': ['m-ATX']}","{'Xuất xứ': ['Việt Nam / Trung Quốc'], 'Thời điểm ra mắt': '2023', 'Thời gian bảo hành (tháng)': 36, 'Hướng dẫn bảo quản': 'Để nơi khô ráo, nhẹ tay, dễ vỡ.', 'Hướng dẫn sử dụng': 'Xem trong sách hướng dẫn sử dụng', 'Màu sắc': ['Đen']}","{'Dạng tản nhiệt': ['Tản khí'], 'Chất liệu tản nhiệt': ['Copper, Aluminum']}",,{'OS': ['Không']},,,
6,00910548,PC E-Power Hero i7 12700F/RAM 32GB DDR5/500GB/750W/RTX3060/Wifi/Bluetooth,Mua ngay,E-Power,Máy tính để bàn,PC lắp ráp,"['Intel Core i7-12700F ', 'RAM 32GB ', 'GeForce RTX 3060 ']",28990000,24990000,14,2024-10-31T23:59:00.000+07:00,"['Giảm 5% cho đơn từ 53,000đ', 'Giảm ngay 1 triệu khi mở thẻ tín dụng VPBank', 'Nhập mã FPTLAP giảm 5% tối đa 200.000đ', 'Giảm đến 700.000đ khi thanh toán trả góp qua Kredivo', 'Giảm đến 1 triệu trả góp qua thẻ Visa']",https://fptshop.com.vn/may-tinh-de-ban/pc-e-power-hero-i7-12700f,https://cdn2.fptshop.com.vn/unsafe/00910548_27c5788113.png,Đen,"{'Hãng CPU': 'Intel', 'Công nghệ CPU': 'Core i7', 'Loại CPU': '12700F'}",{'Đồ họa tổng hợp': 'NVIDIA GeForce RTX 3060 12GB'},"{'Số khe RAM còn lại': 2, 'Hỗ trợ RAM tối đa': '128 GB', 'Dung lượng RAM': '32 GB (2 thanh 16 GB)', 'Loại RAM': ['DDR5'], 'Tốc độ RAM': [{'displayValue': '5200 MHz', 'value': 5200}]}","{'Kiểu ổ cứng': ['SSD'], 'Tổng số khe cắm SSD/HDD': ['3'], 'Số khe SSD/HDD còn lại': ['2 SSD + 1 HDD']}",{'Cổng giao tiếp': ['Đầu ra: Type C']},"{'Khe RAM tối đa': '4 khe', 'Công suất': ['Bên trên: 750 W']}","{'Kích thước': '430 x 218 x 395 mm', 'Trọng lượng sản phẩm': [{'displayValue': '8 kg', 'value': 8}], 'Loại Case': 'MID tower', 'Chất liệu': ['Khung máy: Thép sơn tĩnh điện']}","{'Xuất xứ': ['Việt Nam / Trung Quốc'], 'Thời điểm ra mắt': '2024', 'Thời gian bảo hành (tháng)': 36, 'Màu sắc': ['Đen']}",,,,,,
7,00910549,PC E-Power Poseidon i7 12700F/RAM 32GB DDR5/SSD 1TB/750W/RTX4060/Wifi/Bluetooth Trắng,Mua ngay,E-Power,Máy tính để bàn,PC lắp ráp,"['Intel Core i7-12700F ', 'RAM 32GB ', 'GeForce RTX 4060 ']",30990000,27990000,10,2024-10-31T23:59:00.000+07:00,"['Giảm 5% cho đơn từ 53,000đ', 'Giảm ngay 1 triệu khi mở thẻ tín dụng VPBank', 'Nhập mã FPTLAP giảm 5% tối đa 200.000đ', 'Giảm đến 700.000đ khi thanh toán trả góp qua Kredivo', 'Giảm đến 1 triệu trả góp qua thẻ Visa']",https://fptshop.com.vn/may-tinh-de-ban/pc-e-power-poseidon-i7-12700f,https://cdn2.fptshop.com.vn/unsafe/00910549_8b15a7aee7.png,Trắng,"{'Hãng CPU': 'Intel', 'Công nghệ CPU': 'Core i7', 'Loại CPU': '12700F'}",{'Đồ họa tổng hợp': 'NVIDIA GeForce RTX 4060 8GB GDDR6 (233 AI TOPS)'},"{'Số khe RAM còn lại': 2, 'Hỗ trợ RAM tối đa': '128 GB', 'Dung lượng RAM': '32 GB (2 thanh 16 GB)', 'Loại RAM': ['DDR5'], 'Tốc độ RAM': [{'displayValue': '5200 MHz', 'value': 5200}]}","{'Kiểu ổ cứng': ['SSD'], 'Tổng số khe cắm SSD/HDD': ['3'], 'Số khe SSD/HDD còn lại': ['2 SSD + 1 HDD']}",{'Cổng giao tiếp': ['Đầu ra: Type C']},"{'Khe RAM tối đa': '4 khe', 'Công suất': ['Bên trên: 750 W']}","{'Kích thước': '299 x 310 x  345 mm', 'Trọng lượng sản phẩm': [{'displayValue': '8 kg', 'value': 8}], 'Loại Case': 'MID tower', 'Chất liệu': ['Khung máy: Thép sơn tĩnh điện']}","{'Xuất xứ': ['Việt Nam / Trung Quốc'], 'Thời điểm ra mắt': '2024', 'Thời gian bảo hành (tháng)': 36, 'Màu sắc': ['Trắng']}",,,,,,
8,00907115,PC Gaming E-Power N3050 Ryzen 5 5500 / RAM 16GB / SSD 512GB / 650W / RTX 3050 6GB,Mua ngay,E-Power,Máy tính để bàn,PC lắp ráp,"['AMD Ryzen 5 5500 ', 'RAM 16GB ', 'GeForce RTX 3050 ']",14490000,13190000,9,2024-10-24T23:59:00.000+07:00,"['Chủ thẻ OCB: Giảm thêm 500,000đ', 'Giảm 5% cho đơn từ 53,000đ', 'Giảm ngay 1 triệu khi mở thẻ tín dụng VPBank', 'Nhập mã FPTLAP giảm 5% tối đa 200.000đ', 'Giảm đến 700.000đ khi thanh toán trả góp qua Kredivo', 'Giảm đến 1 triệu trả góp qua thẻ Visa']",https://fptshop.com.vn/may-tinh-de-ban/pc-gaming-e-power-n3050-ryzen-5-5500?sku=00907115,https://cdn2.fptshop.com.vn/unsafe/2024_3_7_638454243546227905_pc-gaming-e-power-n3050-core-i5-12400f.jpg,Đen,"{'Hãng CPU': 'AMD', 'Công nghệ CPU': 'Ryzen 5', 'Loại CPU': '5500', 'Số nhân': 6, 'Số luồng': 12}",{'Đồ họa tổng hợp': 'NVIDIA RTX 3050 OC 6GB'},"{'Số khe RAM còn lại': 2, 'Hỗ trợ RAM tối đa': '128GB', 'Dung lượng RAM': '16 GB (2 thanh 8 GB)', 'Loại RAM': ['DDR4'], 'Tốc độ RAM': [{'displayValue': '3200 MHz', 'value': 3200}]}","{'Kiểu ổ cứng': ['SSD'], 'Tổng số khe cắm SSD/HDD': ['M.2 slot x 1'], 'Số khe SSD/HDD còn lại': ['1 SSD']}",{'Cổng giao tiếp': ['Audio Jack: USB 3.2']},"{'Chipset': 'AMD B450', 'Khe RAM tối đa': '4 khe', 'Công suất': ['Tổng: 650 W']}","{'Kích thước': '299 x 310 x 345 mm', 'Trọng lượng sản phẩm': [{'displayValue': '5.5 kg', 'value': 5.5}], 'Loại Case': 'MID tower', 'Chất liệu': ['Khung máy: Kim loại'], 'Kích thước Mainboard': ['m-ATX']}","{'Xuất xứ': ['Việt Nam / Trung Quốc'], 'Thời điểm ra mắt': '2023', 'Thời gian bảo hành (tháng)': 36, 'Hướng dẫn bảo quản': 'Để nơi khô ráo, nhẹ tay, dễ vỡ.', 'Hướng dẫn sử dụng': 'Xem trong sách hướng dẫn sử dụng', 'Màu sắc': ['Đen']}","{'Dạng tản nhiệt': ['Tản khí'], 'Chất liệu tản nhiệt': ['Copper, Aluminum']}",,{'OS': ['Không']},,,
9,00910504,"Máy tính Lenovo IdeaCentre AIO - 24IRH9 i5 13420H/16GB/512GB/23.8"" FHD/Bàn phím/chuột/Win 11",Mua ngay,Lenovo,Máy tính để bàn,Máy tính All In One,[],19390000,17590000,9,2024-10-24T23:59:00.000+07:00,"['Giảm 5% cho đơn từ 53,000đ', 'Giảm ngay 1 triệu khi mở thẻ tín dụng VPBank', 'Nhập mã FPTLAP giảm 5% tối đa 200.000đ', 'Giảm đến 700.000đ khi thanh toán trả góp qua Kredivo', 'Giảm đến 1 triệu trả góp qua thẻ Visa']",https://fptshop.com.vn/may-tinh-de-ban/lenovo-ideacentre-aio-24irh9-i5-13420h-f0hn003mvn?sku=00910504,https://cdn2.fptshop.com.vn/unsafe/lenovo_ideacentre_aio_24irh9_lunar_gray_b0108a9056.png,Xám,"{'Hãng CPU': 'Intel', 'Công nghệ CPU': 'Core i5', 'Loại CPU': '13420H', 'Số nhân': 8, 'Số luồng': 12, 'Bộ nhớ đệm': {'displayValue': '12 MB', 'value': 12}}","{'Hãng': 'Intel', 'Model': 'UHD', 'Đồ họa tổng hợp': 'Intel UHD Graphics'}","{'Hỗ trợ RAM tối đa': '16 GB', 'Dung lượng RAM': '16 GB (2 thanh 8 GB)', 'Loại RAM': ['DDR5'], 'Tốc độ RAM': [{'displayValue': '5200 MHz', 'value': 5200}]}","{'Kiểu ổ cứng': ['SSD'], 'Tổng số khe cắm SSD/HDD': ['1 SSD'], 'Số khe SSD/HDD còn lại': ['0'], 'Loại SSD': ['1 M2. PCIe'], 'Dung lượng': {'displayValue': '512 ', 'value': 512}, 'Chuẩn M2': '2280'}","{'Cổng giao tiếp': ['3 USB Type-A', '1 HDMI 1.4', '1 HDMI 2.1', '1 RJ45 Gigabit Ethernet', '1 Power connector'], 'Wifi': ['Wifi 6'], 'Bluetooth': ['v5.2'], 'Webcam': ['5.0 MP']}","{'Chế độ bảo hành': ['Bảo hành tại hãng'], 'Tên thế hệ': 'Đang cập nhật', 'Tốc độ CPU': ['Tối đa 4.6 GHz'], 'Khe RAM tối đa': '2 khe', 'Công suất': ['Đang cập nhật']}","{'Kích thước': '540 x 192 x 431 mm', 'Trọng lượng sản phẩm': [{'displayValue': '6 kg', 'value': 6}], 'Kiểu dáng thiết kế': 'All in One', 'Chất liệu': ['Khung máy: Nhựa']}","{'Xuất xứ': ['Trung Quốc'], 'Thời điểm ra mắt': '01/2024', 'Thời gian bảo hành (tháng)': 24, 'Hướng dẫn bảo quản': 'Để nơi khô ráo, nhẹ tay, dễ vỡ.', 'Hướng dẫn sử dụng': 'Xem trong sách hướng dẫn sử dụng', 'Màu sắc': ['Xám']}",,"{'Phụ kiện trong hộp': ['Bàn phím không dây', 'Chuột không dây']}","{'OS': ['Windows'], 'Version': 'Windows 11'}","{'Kích thước màn hình': {'displayValue': '23.8 inch', 'value': 23.8}, 'Công nghệ màn hình': 'IPS', 'Độ phân giải': ['1920 x 1080 Pixels'], 'Loại màn hình': 'LCD', 'Tần số quét': {'displayValue': '100 ', 'value': 100}, 'Tấm nền': 'IPS', 'Độ sáng': '250 nits', 'Độ phủ màu': ['99% sRGB']}","{'Công nghệ âm thanh': ['High Definition (HD) Audio', 'Đang cập nhật']}",
10,00910855,PC E-Power Office 34 Intel Core i5 12400 / RAM 16GB / SSD 512GB / 450W,Mua ngay,E-Power,Máy tính để bàn,PC lắp ráp,"['Intel Core i5-12400 ', 'RAM 16GB ', 'SSD 512GB ']",9990000,8490000,15,2024-10-24T23:59:00.000+07:00,"['Giảm 5% cho đơn từ 53,000đ', 'Giảm ngay 1 triệu khi mở thẻ tín dụng VPBank', 'Nhập mã FPTLAP giảm 5% tối đa 200.000đ', 'Giảm đến 700.000đ khi thanh toán trả góp qua Kredivo', 'Giảm đến 1 triệu trả góp qua thẻ Visa']",https://fptshop.com.vn/may-tinh-de-ban/pc-e-power-office-34-intel-core-i5-12400-ram-16gb?sku=00910855,https://cdn2.fptshop.com.vn/unsafe/00910859_pc_e_power_office_30_244ec1cd1a.png,Đen,"{'Hãng CPU': 'Intel', 'Công nghệ CPU': 'Core i5', 'Loại CPU': '12400'}",{'Đồ họa tổng hợp': 'Intel UHD Graphics 730'},"{'Hỗ trợ RAM tối đa': '64 GB', 'Dung lượng RAM': '16 GB (2 thanh 8 GB)'}","{'Kiểu ổ cứng': ['SSD'], 'Tổng số khe cắm SSD/HDD': ['3'], 'Số khe SSD/HDD còn lại': ['1 SSD + 1 HDD']}",{'Cổng giao tiếp': ['Đầu ra: HDMI']},"{'Khe RAM tối đa': '2 khe', 'Công suất': ['Bên trên: 450 W']}","{'Kích thước': '293 x 160 x 382 mm', 'Trọng lượng sản phẩm': [{'displayValue': '5 kg', 'value': 5}], 'Chất liệu': ['Khung máy: Kim loại']}","{'Xuất xứ': ['Việt Nam / Trung Quốc'], 'Thời điểm ra mắt': '2024', 'Thời gian bảo hành (tháng)': 36, 'Màu sắc': ['Đen']}",,,,,,
11,00908674,PC Gaming E-Power N1650 i5 12400F/ RAM 16GB/ SSD 256GB/ 650W / GTX 1650,Mua ngay,E-Power,Laptop,Laptop Intel,"['Intel Core i5-12400F ', 'RAM 16GB ', 'GeForce GTX 1650 ']",15990000,12490000,22,2024-10-31T23:59:00.000+07:00,"['Chủ thẻ OCB: Giảm thêm 500,000đ', 'Giảm 5% cho đơn từ 53,000đ', 'Giảm ngay 1 triệu khi mở thẻ tín dụng VPBank', 'Nhập mã FPTLAP giảm 5% tối đa 200.000đ', 'Giảm đến 700.000đ khi thanh toán trả góp qua Kredivo', 'Giảm đến 1 triệu trả góp qua thẻ Visa']",https://fptshop.com.vn/may-tinh-xach-tay/pc-e-power-n1650-i5-12400f?sku=00908674,https://cdn2.fptshop.com.vn/unsafe/2024_6_7_638533829612795936_pc-e-power-n1650-i5-12400f-1.jpg,Đen,"{'Hãng CPU': 'Intel', 'Công nghệ CPU': 'Core i5', 'Loại CPU': '12400F', 'Số nhân': 6, 'Số luồng': 12, 'Bộ nhớ đệm': {'displayValue': '18 MB', 'value': 18}}",,"{'Dung lượng RAM': '16 GB (2 thanh 8 GB)', 'Loại RAM': ['DDR4'], 'Tốc độ RAM': [{'displayValue': '3200 MHz', 'value': 3200}], 'Số khe RAM còn lại': 2, 'Hỗ trợ RAM tối đa': '64 GB'}","{'Kiểu ổ cứng': ['SSD'], 'Tổng số khe cắm SSD/HDD': ['1'], 'Số khe SSD/HDD còn lại': ['1 SSD']}",{'Cổng giao tiếp': ['Audio Jack: USB 3.2']},,"{'Kích thước': '299 x 310 x 345 mm', 'Trọng lượng sản phẩm': [{'displayValue': '5.5 kg', 'value': 5.5}], 'Chất liệu': ['Khung máy: Kim loại']}","{'Xuất xứ': ['Việt Nam / Trung Quốc'], 'Thời điểm ra mắt': '06/2023', 'Thời gian bảo hành (tháng)': 36, 'Hướng dẫn bảo quản': 'Để nơi khô ráo, nhẹ tay, dễ vỡ.', 'Hướng dẫn sử dụng': 'Xem trong sách hướng dẫn sử dụng', 'Màu sắc': ['Đen']}",,,,,,
12,00912089,Máy tính AIO Asus A3402WBAK-WPC049W i5-1235U/8GB/512GB/23.8 FHD/CAM/MIC/KB/M/Win11,Mua ngay,Asus,Máy tính để bàn,Máy tính All In One,[],18400000,15690000,15,2024-10-24T23:59:00.000+07:00,"['Giảm 5% cho đơn từ 53,000đ', 'Giảm ngay 1 triệu khi mở thẻ tín dụng VPBank', 'Nhập mã FPTLAP giảm 5% tối đa 200.000đ', 'Giảm đến 700.000đ khi thanh toán trả góp qua Kredivo', 'Giảm đến 1 triệu trả góp qua thẻ Visa']",https://fptshop.com.vn/may-tinh-de-ban/pc-aio-asus-a3402wbak-wpc049w-i5-1235u?sku=00912089,https://cdn2.fptshop.com.vn/unsafe/asus_a3402_1_19397110d4.png,Trắng,"{'Hãng CPU': 'Intel', 'Công nghệ CPU': 'Core i5', 'Loại CPU': '1235U'}","{'Hãng': 'Intel', 'Model': 'UHD', 'Đồ họa tổng hợp': 'Intel UHD Graphics'}","{'Số khe RAM còn lại': 1, 'Hỗ trợ RAM tối đa': '16 GB', 'Dung lượng RAM': '8 GB (1 thanh 8 GB)', 'Loại RAM': ['DDR4']}","{'Kiểu ổ cứng': ['SSD'], 'Tổng số khe cắm SSD/HDD': ['1 SSD'], 'Số khe SSD/HDD còn lại': ['0']}","{'Cổng giao tiếp': ['Cổng sạc:', '1 DC-in jack', '1 RJ45 Gigabit Ethernet', '2 HDMI 1.4', '2 USB 2.0', '1 USB 3.2 Gen 1 Type-C', '3 USB 3.2 Gen 1 Type-C', '1 Kensington lock', '1 Jack 3.5 mm'], 'Wifi': ['Wifi 6'], 'Bluetooth': ['v5.3'], 'Webcam': ['720P HD camera']}","{'Chế độ bảo hành': ['Bảo hành tại hãng'], 'Khe RAM tối đa': '2 khe', 'Công suất': ['90 W']}","{'Kích thước': '53.9 x 42.3 x 1.5 ~ 16.5 cm', 'Trọng lượng sản phẩm': [{'displayValue': '5.4 kg', 'value': 5.4}], 'Kiểu dáng thiết kế': 'All in One', 'Chất liệu': ['Khung máy: Nhựa']}","{'Xuất xứ': ['Trung Quốc'], 'Thời điểm ra mắt': '2024', 'Thời gian bảo hành (tháng)': 24, 'Màu sắc': ['Trắng']}",,"{'Phụ kiện trong hộp': ['Chuột không dây', 'Bàn phím không dây']}","{'OS': ['Windows'], 'Version': 'Windows 11 Home'}","{'Kích thước màn hình': {'displayValue': '23.8 inch', 'value': 23.8}, 'Công nghệ màn hình': 'Led', 'Độ phân giải': ['1920 x 1080 Pixels'], 'Loại màn hình': 'LCD', 'Tần số quét': {'displayValue': '60 ', 'value': 60}, 'Tấm nền': 'LED', 'Độ sáng': '250 nits', 'Độ phủ màu': ['100% sRGB']}",{'Công nghệ âm thanh': ['Asus SonicMaster stereo']},
13,00910505,"Máy tính Lenovo IdeaCentre AIO - 24IRH9 i5 13420H/8GB/512GB/23.8"" FHD/Bàn phím/chuột/Win 11",Mua ngay,Lenovo,Máy tính để bàn,Máy tính All In One,[],18790000,16990000,10,2024-10-24T23:59:00.000+07:00,"['Giảm 5% cho đơn từ 53,000đ', 'Giảm ngay 1 triệu khi mở thẻ tín dụng VPBank', 'Nhập mã FPTLAP giảm 5% tối đa 200.000đ', 'Giảm đến 700.000đ khi thanh toán trả góp qua Kredivo', 'Giảm đến 1 triệu trả góp qua thẻ Visa']",https://fptshop.com.vn/may-tinh-de-ban/lenovo-ideacentre-aio-24irh9-i5-13420h-f0hn0030vn?sku=00910505,https://cdn2.fptshop.com.vn/unsafe/lenovo_ideacentre_aio_24irh9_cloud_gray_ad1d79b0c0.png,Xám,"{'Hãng CPU': 'Intel', 'Công nghệ CPU': 'Core i5', 'Loại CPU': '13420H', 'Số nhân': 8, 'Số luồng': 12, 'Bộ nhớ đệm': {'displayValue': '12 MB', 'value': 12}}","{'Hãng': 'Intel', 'Model': 'UHD', 'Đồ họa tổng hợp': 'Intel UHD Graphics'}","{'Số khe RAM còn lại': 1, 'Hỗ trợ RAM tối đa': '16 GB', 'Dung lượng RAM': '8 GB (1 thanh 8 GB)', 'Loại RAM': ['DDR5'], 'Tốc độ RAM': [{'displayValue': '5200 MHz', 'value': 5200}]}","{'Kiểu ổ cứng': ['SSD'], 'Tổng số khe cắm SSD/HDD': ['1 SSD'], 'Số khe SSD/HDD còn lại': ['0'], 'Loại SSD': ['1 M2. PCIe'], 'Dung lượng': {'displayValue': '512 ', 'value': 512}, 'Chuẩn M2': '2280'}","{'Cổng giao tiếp': ['3 USB Type-A', '1 HDMI 1.4', '1 HDMI 2.1', '1 RJ45 Gigabit Ethernet', '1 Power connector'], 'Wifi': ['Wifi 6'], 'Bluetooth': ['v5.2'], 'Webcam': ['5.0 MP']}","{'Chế độ bảo hành': ['Bảo hành tại hãng'], 'Tên thế hệ': 'Raptor Lake', 'Tốc độ CPU': ['Tối đa 4.6 GHz'], 'Khe RAM tối đa': '2 khe', 'Công suất': ['Đang cập nhật']}","{'Kích thước': '540 x 192 x 431 mm', 'Trọng lượng sản phẩm': [{'displayValue': '6 kg', 'value': 6}], 'Kiểu dáng thiết kế': 'All in One', 'Chất liệu': ['Khung máy: Nhựa']}","{'Xuất xứ': ['Trung Quốc'], 'Thời điểm ra mắt': '01/2024', 'Thời gian bảo hành (tháng)': 24, 'Hướng dẫn bảo quản': 'Để nơi khô ráo, nhẹ tay, dễ vỡ.', 'Hướng dẫn sử dụng': 'Xem trong sách hướng dẫn sử dụng', 'Màu sắc': ['Xám']}",,"{'Phụ kiện trong hộp': ['Bàn phím không dây', 'Chuột không dây']}","{'OS': ['Windows'], 'Version': 'Windows 11'}","{'Kích thước màn hình': {'displayValue': '23.8 inch', 'value': 23.8}, 'Công nghệ màn hình': 'IPS', 'Độ phân giải': ['1920 x 1080 Pixels'], 'Loại màn hình': 'LCD', 'Tần số quét': {'displayValue': '100 ', 'value': 100}, 'Tấm nền': 'IPS', 'Độ sáng': '250 nits', 'Độ phủ màu': ['99% sRGB']}","{'Công nghệ âm thanh': ['High Definition (HD) Audio', 'Realtek ALC233-CG codec']}",
14,00907108,Máy tính AIO Asus A3402WBAK-WA716W i5-1235U/16GB/512GB/23.8''FHD/CAM/MIC/KB/M/Win11,Mua ngay,Asus,Máy tính để bàn,Máy tính All In One,[],21590000,16490000,24,2024-10-24T23:59:00.000+07:00,"['Giảm 5% cho đơn từ 53,000đ', 'Giảm ngay 1 triệu khi mở thẻ tín dụng VPBank', 'Nhập mã FPTLAP giảm 5% tối đa 200.000đ', 'Giảm đến 700.000đ khi thanh toán trả góp qua Kredivo', 'Giảm đến 1 triệu trả góp qua thẻ Visa']",https://fptshop.com.vn/may-tinh-de-ban/asus-a3402wbak-wa716w-i5-1235u?sku=00907108,https://cdn2.fptshop.com.vn/unsafe/2023_2_27_638131034515917961_asus-a3402wbak-wa066w-i5-1235u-trang-1.jpg,Trắng,"{'Hãng CPU': 'Intel', 'Công nghệ CPU': 'Core i5', 'Loại CPU': '1235U'}","{'Hãng': 'Intel', 'Model': 'Iris Xe', 'Đồ họa tổng hợp': 'Intel Iris Xe Graphics'}","{'Hỗ trợ RAM tối đa': 'Không nâng cấp', 'Dung lượng RAM': '16 GB (2 thanh 8 GB)'}","{'Kiểu ổ cứng': ['SSD'], 'Tổng số khe cắm SSD/HDD': ['1 SSD'], 'Số khe SSD/HDD còn lại': ['1 SSD']}","{'Cổng giao tiếp': ['1 DC-in jack', '1 RJ45 Gigabit Ethernet', '2 HDMI 1.4', '1 USB 2.0', '1 USB 3.2 Gen 1 Type-C', '3 USB 3.2 Gen 1 Type-C', '1 Kensington lock', '1 Jack 3.5 mm'], 'Wifi': ['Wifi 6'], 'Bluetooth': ['v5.3'], 'Webcam': ['HD Webcam (720p Webcam)']}","{'Chế độ bảo hành': ['Bảo hành tại hãng'], 'Khe RAM tối đa': '2 khe', 'Công suất': ['90 W']}","{'Kích thước': '53.9 x 42.3 x 1.5 ~ 16.5 cm', 'Trọng lượng sản phẩm': [{'displayValue': '5.4 kg', 'value': 5.4}], 'Kiểu dáng thiết kế': 'All in One', 'Chất liệu': ['Khung máy: Nhựa']}","{'Xuất xứ': ['Trung Quốc'], 'Thời điểm ra mắt': '2023', 'Thời gian bảo hành (tháng)': 24, 'Màu sắc': ['Trắng']}",,,"{'OS': ['Windows'], 'Version': 'Windows 11 Home'}","{'Kích thước màn hình': {'displayValue': '23.8 inch', 'value': 23.8}, 'Công nghệ màn hình': 'Led', 'Độ phân giải': ['1920 x 1080 Pixels'], 'Loại màn hình': 'LCD', 'Tần số quét': {'displayValue': '60 ', 'value': 60}, 'Độ sáng': '250 nits', 'Độ phủ màu': ['100% sRGB']}",,
15,00904031,Máy tính AIO Asus A3402WBAT-WA187W i5-1235U/8GB/512GB/23.8''Touch/CAM/MIC/KB/M/Win11,Mua ngay,Asus,Máy tính để bàn,Máy tính All In One,[],21590000,16990000,21,2024-10-24T23:59:00.000+07:00,"['Giảm 5% cho đơn từ 53,000đ', 'Giảm ngay 1 triệu khi mở thẻ tín dụng VPBank', 'Nhập mã FPTLAP giảm 5% tối đa 200.000đ', 'Giảm đến 700.000đ khi thanh toán trả góp qua Kredivo', 'Giảm đến 1 triệu trả góp qua thẻ Visa']",https://fptshop.com.vn/may-tinh-de-ban/asus-a3402wbat-wa187w-i5-1235u?sku=00904031,https://cdn2.fptshop.com.vn/unsafe/2023_2_27_638131034515917961_asus-a3402wbak-wa066w-i5-1235u-trang-1.jpg,Trắng,"{'Hãng CPU': 'Intel', 'Công nghệ CPU': 'Core i5', 'Loại CPU': '1235U', 'Số nhân': 10, 'Số luồng': 12, 'Bộ nhớ đệm': {'displayValue': '12 MB', 'value': 12}}","{'Hãng': 'Intel', 'Model': 'UHD', 'Đồ họa tổng hợp': 'Intel UHD Graphics'}","{'Số khe RAM còn lại': 1, 'Hỗ trợ RAM tối đa': '32 GB', 'Dung lượng RAM': '8 GB (1 thanh 8 GB)', 'Loại RAM': ['DDR4'], 'Tốc độ RAM': [{'displayValue': '3200 MHz', 'value': 3200}]}","{'Kiểu ổ cứng': ['SSD'], 'Tổng số khe cắm SSD/HDD': ['1'], 'Số khe SSD/HDD còn lại': ['0'], 'Loại SSD': ['M2. PCIe'], 'Dung lượng': {'displayValue': '512 GB', 'value': 512}, 'Chuẩn M2': '2280'}","{'Cổng giao tiếp': ['3 USB 3.2 Gen 2'], 'Wifi': ['802.11 ax'], 'Bluetooth': ['v5.3'], 'Webcam': ['HD Webcam (720p Webcam)']}","{'Chế độ bảo hành': ['Bảo hành tại hãng'], 'Tên thế hệ': 'Alder Lake', 'Tốc độ CPU': ['Tối đa 4.4 GHz', 'Cơ bản 3.3 GHz'], 'Khe RAM tối đa': '2 khe', 'Công suất': ['90 W']}","{'Kích thước': '53.9 x 42.3 x 1.5 cm', 'Trọng lượng sản phẩm': [{'displayValue': '5.40 kg', 'value': 5.4}], 'Kiểu dáng thiết kế': 'All in One', 'Chất liệu': ['Vỏ thân máy: Nhựa']}","{'Xuất xứ': ['Trung Quốc'], 'Thời điểm ra mắt': '2023', 'Thời gian bảo hành (tháng)': 24, 'Hướng dẫn bảo quản': 'Để nơi khô ráo, nhẹ tay, dễ vỡ.', 'Hướng dẫn sử dụng': 'Xem trong sách hướng dẫn sử dụng', 'Màu sắc': ['Trắng']}",,"{'Phụ kiện trong hộp': ['Sách HDSD', 'Dây nguồn', 'Bàn phím không dây', 'Chuột không dây']}","{'OS': ['Windows'], 'Version': 'Windows 11 Home'}","{'Kích thước màn hình': {'displayValue': '23.8 inch', 'value': 23.8}, 'Công nghệ màn hình': 'FHD', 'Độ phân giải': ['1920 x 1080 Pixels'], 'Loại màn hình': 'LCD', 'Tần số quét': {'displayValue': '60 Hz', 'value': 60}, 'Độ sáng': '250 nits', 'Độ phủ màu': ['100% sRGB'], 'Màn hình cảm ứng': True}",{'Công nghệ âm thanh': ['Asus SonicMaster stereo']},
16,00874794,PC E-Power Office 20 AMD Ryzen 3 3200G 3.6 GHz - 4.0 GHz / 8GB / 240GB / 400W,Mua ngay,E-Power,Máy tính để bàn,PC lắp ráp,"['AMD Ryzen 3 3200G ', 'Bảo hành theo linh kiện', 'RAM 8GB ']",6890000,5090000,26,2024-10-24T23:59:00.000+07:00,"['Giảm 5% cho đơn từ 53,000đ', 'Giảm ngay 1 triệu khi mở thẻ tín dụng VPBank', 'Nhập mã FPTLAP giảm 5% tối đa 200.000đ', 'Giảm đến 700.000đ khi thanh toán trả góp qua Kredivo', 'Giảm đến 1 triệu trả góp qua thẻ Visa']",https://fptshop.com.vn/may-tinh-de-ban/pc-e-power-office-20?sku=00874794,https://cdn2.fptshop.com.vn/unsafe/2023_5_4_638188103075432544_pc-e-power-office-20-1.jpg,Đen,,,,,,,,,,,,,,
17,00910859,PC E-Power Office 30 AMD Ryzen 3 3200G / RAM 16GB / SSD 256GB / 450W,Mua ngay,E-Power,Máy tính để bàn,PC lắp ráp,"['AMD Ryzen 3 3200G ', 'RAM 16GB ', 'SSD 256GB ']",6990000,5690000,19,2024-10-31T23:59:00.000+07:00,"['Giảm 5% cho đơn từ 53,000đ', 'Giảm ngay 1 triệu khi mở thẻ tín dụng VPBank', 'Nhập mã FPTLAP giảm 5% tối đa 200.000đ', 'Giảm đến 700.000đ khi thanh toán trả góp qua Kredivo', 'Giảm đến 1 triệu trả góp qua thẻ Visa']",https://fptshop.com.vn/may-tinh-de-ban/pc-e-power-office-30-amd-ryzen-3-3200g-ram-16gb?sku=00910859,https://cdn2.fptshop.com.vn/unsafe/00910859_pc_e_power_office_30_244ec1cd1a.png,Đen,"{'Hãng CPU': 'AMD', 'Công nghệ CPU': 'Ryzen 3', 'Loại CPU': '3200G'}",{'Đồ họa tổng hợp': 'AMD Radeon Graphics'},"{'Hỗ trợ RAM tối đa': '64 GB', 'Dung lượng RAM': '16 GB (2 thanh 8 GB)'}","{'Kiểu ổ cứng': ['SSD'], 'Tổng số khe cắm SSD/HDD': ['3'], 'Số khe SSD/HDD còn lại': ['1 SSD + 1 HDD']}",{'Cổng giao tiếp': ['Đầu ra: HDMI']},"{'Khe RAM tối đa': '2 khe', 'Công suất': ['Bên trên: 450 W']}","{'Kích thước': '293 x 160 x 382 mm', 'Trọng lượng sản phẩm': [{'displayValue': '5 kg', 'value': 5}], 'Chất liệu': ['Khung máy: Kim loại']}","{'Xuất xứ': ['Việt Nam / Trung Quốc'], 'Thời điểm ra mắt': '2024', 'Thời gian bảo hành (tháng)': 36, 'Màu sắc': ['Đen']}",,,,,,
18,00896741,PC E-Power Office 25 Core i5 12400 2.5 GHz - 4.4 GHz / 16GB / 256GB / 500W,Mua ngay,E-Power,Máy tính để bàn,PC lắp ráp,"['Intel Core i5-12400 ', 'RAM 16GB ']",11490000,8690000,24,2024-10-24T23:59:00.000+07:00,"['Chủ thẻ OCB: Giảm thêm 500,000đ', 'Giảm 5% cho đơn từ 53,000đ', 'Giảm ngay 1 triệu khi mở thẻ tín dụng VPBank', 'Nhập mã FPTLAP giảm 5% tối đa 200.000đ', 'Giảm đến 700.000đ khi thanh toán trả góp qua Kredivo', 'Giảm đến 1 triệu trả góp qua thẻ Visa']",https://fptshop.com.vn/may-tinh-de-ban/pc-e-power-office-25-core-i5-12400?sku=00896741,https://cdn2.fptshop.com.vn/unsafe/2023_8_22_638283127534400942_vo-case-sama-a333-den-1.jpg,Đen,"{'Hãng CPU': 'Intel', 'Công nghệ CPU': 'Core i5', 'Loại CPU': '12400', 'Số nhân': 6, 'Số luồng': 12}","{'Hãng': 'Intel', 'Model': '730', 'Bộ nhớ': 'Share', 'Đồ họa tổng hợp': 'Intel UHD Graphics 730'}","{'Hỗ trợ RAM tối đa': '64 GB', 'Dung lượng RAM': '16 GB (2 thanh 8 GB)', 'Loại RAM': ['DDR4'], 'Tốc độ RAM': [{'displayValue': '3200 MHz', 'value': 3200}]}","{'Kiểu ổ cứng': ['SSD'], 'Tổng số khe cắm SSD/HDD': ['4'], 'Số khe SSD/HDD còn lại': ['3'], 'Loại SSD': ['M.2 NVMe'], 'Dung lượng': {'displayValue': '256 ', 'value': 256}}","{'Cổng giao tiếp': ['USB 2.0', 'VGA/D-sub', 'USB 3.2', 'HDMI']}","{'Chế độ bảo hành': ['Bảo hành theo linh kiện'], 'Khe RAM tối đa': '2 khe', 'Công suất': ['500 W']}","{'Kích thước': '345 × 207 x 412 mm', 'Trọng lượng sản phẩm': [{'displayValue': '4.5 kg', 'value': 4.5}], 'Kiểu dáng thiết kế': 'PC lắp ráp', 'Loại Case': 'MID tower', 'Chất liệu': ['Vỏ máy: Hợp kim']}","{'Xuất xứ': ['Việt Nam / Trung Quốc'], 'Thời điểm ra mắt': '2023', 'Thời gian bảo hành (tháng)': 36, 'Hướng dẫn bảo quản': 'Để nơi khô ráo, nhẹ tay, dễ vỡ.', 'Hướng dẫn sử dụng': 'Xem trong sách hướng dẫn sử dụng', 'Màu sắc': ['Đen']}",,,,,,
19,00902043,PC  E-Power Office 26 Intel Core i3 12100 3.3 GHz - 4.3 GHz / 8GB / 256GB / 350W,Mua ngay,E-Power,Máy tính để bàn,PC lắp ráp,"['Intel Core i3-12100 ', 'Bảo hành theo linh kiện', 'RAM 8GB ']",8790000,6790000,23,2024-10-24T23:59:00.000+07:00,"['Giảm 5% cho đơn từ 53,000đ', 'Giảm ngay 1 triệu khi mở thẻ tín dụng VPBank', 'Nhập mã FPTLAP giảm 5% tối đa 200.000đ', 'Giảm đến 700.000đ khi thanh toán trả góp qua Kredivo', 'Giảm đến 1 triệu trả góp qua thẻ Visa']",https://fptshop.com.vn/may-tinh-de-ban/pc-e-power-office-26-intel-core-i3-12100?sku=00902043,https://cdn2.fptshop.com.vn/unsafe/2023_9_25_638312524757089255_pc-e-power-office-26-intel-core-i3-12100-den-1.jpg,Đen,"{'Hãng CPU': 'Intel', 'Công nghệ CPU': 'Core i3', 'Loại CPU': '12100', 'Số nhân': 4, 'Số luồng': 8, 'Bộ nhớ đệm': {'displayValue': '5 MB', 'value': 5}}",{'Đồ họa tổng hợp': 'Intel UHD Graphics 730'},"{'Số khe RAM còn lại': 1, 'Hỗ trợ RAM tối đa': '64 GB', 'Dung lượng RAM': '8 GB', 'Loại RAM': ['DDR4'], 'Tốc độ RAM': [{'displayValue': '3200 MHz', 'value': 3200}]}","{'Kiểu ổ cứng': ['SSD'], 'Tổng số khe cắm SSD/HDD': ['3'], 'Số khe SSD/HDD còn lại': ['2'], 'Loại SSD': ['M.2 NVMe', 'M.2 NVMe'], 'Dung lượng': {'displayValue': '256 GB', 'value': 256}, 'Chuẩn M2': '2280'}","{'Cổng giao tiếp': ['2 USB 3.0', '1 LAN', '1 LAN', '1 HDMI', '2 USB 3.2', '1 VGA', '3 Jack 3.5 mm']}","{'Chế độ bảo hành': ['Bảo hành theo linh kiện'], 'Tốc độ CPU': ['Cơ bản 3.3 GHz', 'Tối đa 4.3 GHz'], 'Chipset': 'Intel H610', 'Khe RAM tối đa': '2 khe', 'Tốc độ đọc/ghi': ['Đọc 1600 MB/s', '1600 MB/s Ghi'], 'Công suất': ['350 W', '350 W']}","{'Kích thước': '345 × 207 × 412 mm', 'Trọng lượng sản phẩm': [{'displayValue': '4.5 kg', 'value': 4.5}], 'Kiểu dáng thiết kế': 'PC lắp ráp', 'Loại Case': 'MID tower', 'Chất liệu': ['Kim loại', 'Vỏ máy: Kim loại'], 'Kích thước Mainboard': ['m-ATX']}","{'Xuất xứ': ['Việt Nam / Trung Quốc'], 'Thời điểm ra mắt': '2023', 'Thời gian bảo hành (tháng)': 36, 'Hướng dẫn bảo quản': 'Để nơi khô ráo, nhẹ tay, dễ vỡ.', 'Hướng dẫn sử dụng': 'Xem trong sách hướng dẫn sử dụng', 'Màu sắc': ['Đen']}",{'Dạng tản nhiệt': ['Tản khí']},"{'Phụ kiện trong hộp': ['Bàn phím có dây', 'USB thu Wifi', 'Chuột có dây']}","{'OS': ['DOS', 'Free DOS']}",,,
20,00904965,PC Gaming E-Power G4060 i5 12400F/16GB/500GB/650W/GeForce RTX4060,Mua ngay,E-Power,Máy tính để bàn,PC lắp ráp,"['Intel Core i5-12400F ', 'RAM 16GB ', 'GeForce RTX 4060 ']",21090000,19590000,7,2024-10-31T23:59:00.000+07:00,"['Chủ thẻ OCB: Giảm thêm 500,000đ', 'Giảm 5% cho đơn từ 53,000đ', 'Giảm ngay 1 triệu khi mở thẻ tín dụng VPBank', 'Nhập mã FPTLAP giảm 5% tối đa 200.000đ', 'Giảm đến 700.000đ khi thanh toán trả góp qua Kredivo', 'Giảm đến 1 triệu trả góp qua thẻ Visa']",https://fptshop.com.vn/may-tinh-de-ban/pc-gaming-e-power-g4060-i5-12400f?sku=00904965,https://cdn2.fptshop.com.vn/unsafe/2023_11_1_638344509537778882_pc-gaming-e-power-g4060-i5-12400f-1.jpg,Đen,"{'Hãng CPU': 'Intel', 'Công nghệ CPU': 'Core i5', 'Loại CPU': '12400F', 'Số nhân': 6, 'Số luồng': 12, 'Bộ nhớ đệm': {'displayValue': '7.5 MB', 'value': 7.5}}","{'Hãng': 'NVIDIA', 'Model': 'GeForce RTX 4060', 'Đồ họa tổng hợp': 'NVIDIA GeForce RTX 4060 8GB GDDR6 (233 AI TOPS)'}","{'Hỗ trợ RAM tối đa': '64 GB', 'Dung lượng RAM': '16 GB (2 thanh 8 GB)', 'Loại RAM': ['DDR4'], 'Tốc độ RAM': [{'displayValue': '3200 MHz', 'value': 3200}]}","{'Kiểu ổ cứng': ['SSD'], 'Tổng số khe cắm SSD/HDD': ['SATA 3 x 4'], 'Số khe SSD/HDD còn lại': ['1 HDD'], 'Loại SSD': ['3 M.2 NVMe'], 'Chuẩn M2': '2280'}","{'Cổng giao tiếp': ['DisplayPort', 'HDMI 2.1'], 'Wifi': ['802.11 a/b/g/n']}","{'Chế độ bảo hành': ['Bảo hành theo linh kiện'], 'Tên thế hệ': 'Alder Lake', 'Tốc độ CPU': ['Cơ bản 2.5 GHz', 'Tối đa 4.4 GHz'], 'Khe RAM tối đa': '2 khe', 'Tốc độ đọc/ghi': ['Đọc 3500 Mb/s'], 'Công suất': ['Bên dưới: 650 W']}","{'Kích thước': '350 x 195 x 435 mm', 'Trọng lượng sản phẩm': [{'displayValue': '15 kg', 'value': 15}], 'Chất liệu': ['Mặt bên ngoài cùng: Kính', 'Khung máy: Kim loại']}","{'Xuất xứ': ['Việt Nam / Trung Quốc'], 'Thời điểm ra mắt': '2023', 'Thời gian bảo hành (tháng)': 36, 'Màu sắc': ['Đen']}",{'Dạng tản nhiệt': ['Tản khí']},,,,,
21,00905650,PC Gaming E-Power Ryzen 5 5500 / RAM 16GB / SSD 500GB / 650W / GTX 1650,Mua ngay,E-Power,Máy tính để bàn,PC lắp ráp,"['AMD Ryzen 5 5500 ', 'RAM 16GB ', 'GeForce GTX 1650 ']",13390000,12490000,7,2024-10-31T23:59:00.000+07:00,"['Chủ thẻ OCB: Giảm thêm 500,000đ', 'Giảm 5% cho đơn từ 53,000đ', 'Giảm ngay 1 triệu khi mở thẻ tín dụng VPBank', 'Nhập mã FPTLAP giảm 5% tối đa 200.000đ', 'Giảm đến 700.000đ khi thanh toán trả góp qua Kredivo', 'Giảm đến 1 triệu trả góp qua thẻ Visa']",https://fptshop.com.vn/may-tinh-de-ban/pc-gaming-e-power-ryzen-5-5500?sku=00905650,/,Đen,"{'Hãng CPU': 'AMD', 'Công nghệ CPU': 'Ryzen 5', 'Loại CPU': '5500', 'Số nhân': 6, 'Số luồng': 12}","{'Hãng': 'NVIDIA', 'Model': 'GeForce GTX 1650', 'Bộ nhớ': '4 GB', 'Đồ họa tổng hợp': 'NVIDIA GeForce GTX 1650 4GB'}","{'Số khe RAM còn lại': 2, 'Hỗ trợ RAM tối đa': '128GB', 'Dung lượng RAM': '16 GB (2 thanh 8 GB)', 'Loại RAM': ['DDR4'], 'Tốc độ RAM': [{'displayValue': '3200 MHz', 'value': 3200}]}","{'Kiểu ổ cứng': ['SSD'], 'Tổng số khe cắm SSD/HDD': ['M.2 slot x 1', '2 x SSD M2 PCIe'], 'Số khe SSD/HDD còn lại': ['0', '1 SSD']}",{'Cổng giao tiếp': ['Audio Jack: USB 3.2']},"{'Chipset': 'AMD B450', 'Khe RAM tối đa': '4 khe', 'Công suất': ['650 W']}","{'Kích thước': '299 x 310 x 345 mm', 'Trọng lượng sản phẩm': [{'displayValue': '5.5 kg', 'value': 5.5}], 'Loại Case': 'MID tower', 'Chất liệu': ['Khung máy: Kim loại'], 'Kích thước Mainboard': ['m-ATX']}","{'Xuất xứ': ['Việt Nam / Trung Quốc'], 'Thời điểm ra mắt': '2023', 'Thời gian bảo hành (tháng)': 36, 'Hướng dẫn bảo quản': 'Để nơi khô ráo, nhẹ tay, dễ vỡ.', 'Hướng dẫn sử dụng': 'Xem trong sách hướng dẫn sử dụng', 'Màu sắc': ['Đen']}","{'Dạng tản nhiệt': ['Tản khí'], 'Chất liệu tản nhiệt': ['Copper, Aluminum']}",,{'OS': ['Không']},,,
22,00905447,PC Gaming E-Power i3060 Core i5 12400F/16GB/500GB/650W/Geforce RTX 3060 8GB,Mua ngay,E-Power,Máy tính để bàn,PC lắp ráp,"['Intel Core i5-12400F ', 'RAM 16GB ', 'GeForce RTX 3060 ']",20490000,18990000,7,2024-10-31T23:59:00.000+07:00,"['Chủ thẻ OCB: Giảm thêm 500,000đ', 'Giảm 5% cho đơn từ 53,000đ', 'Giảm ngay 1 triệu khi mở thẻ tín dụng VPBank', 'Nhập mã FPTLAP giảm 5% tối đa 200.000đ', 'Giảm đến 700.000đ khi thanh toán trả góp qua Kredivo', 'Giảm đến 1 triệu trả góp qua thẻ Visa']",https://fptshop.com.vn/may-tinh-de-ban/pc-gaming-e-power-i3060-core-i5-12400f?sku=00905447,https://cdn2.fptshop.com.vn/unsafe/2023_12_7_638375674395242806_PC Gaming E-Power i3060 Core i5 12400F-02.jpg,Đen,"{'Hãng CPU': 'Intel', 'Công nghệ CPU': 'Core i5', 'Loại CPU': '12400F', 'Số nhân': 6, 'Số luồng': 12}","{'Hãng': 'NVIDIA', 'Model': 'GeForce RTX 3060', 'Bộ nhớ': '8 GB', 'Đồ họa tổng hợp': 'NVIDIA GeForce RTX 3060 8GB'}","{'Hỗ trợ RAM tối đa': '128 GB', 'Dung lượng RAM': '16 GB (2 thanh 8 GB)', 'Loại RAM': ['DDR4'], 'Tốc độ RAM': [{'displayValue': '3200 MHz', 'value': 3200}]}","{'Kiểu ổ cứng': ['SSD'], 'Tổng số khe cắm SSD/HDD': ['1 SSD', 'SATA 3 x 4'], 'Số khe SSD/HDD còn lại': ['2 SSD + 1 HDD'], 'Dung lượng': {'displayValue': '500 ', 'value': 500}, 'Chuẩn M2': '2280'}","{'Cổng giao tiếp': ['USB 3.1', 'USB 2.0', 'USB 3.2']}","{'Chế độ bảo hành': ['Bảo hành theo linh kiện'], 'Khe RAM tối đa': '2 khe', 'Công suất': ['Bên dưới: 750 W']}","{'Kích thước': '318 x 210 x 398 mm', 'Trọng lượng sản phẩm': [{'displayValue': '6.5 kg', 'value': 6.5}], 'Loại Case': 'MID tower', 'Chất liệu': ['Khung màn hình: Thép sơn tĩnh điện', 'Vỏ máy: Kính']}","{'Xuất xứ': ['Việt Nam / Trung Quốc'], 'Thời điểm ra mắt': '2023', 'Thời gian bảo hành (tháng)': 36, 'Màu sắc': ['Đen']}",,,,,,
23,00905247,iMac 24 2023 M3 8 CPU/10 GPU/8GB/256GB,Mua ngay,Apple,Máy tính để bàn,iMac,"['Chip Apple M3 siêu mạnh', 'Màn hình Retina 4.5K ', 'Thiết kế siêu mỏng 11.5mm']",41990000,41990000,0,,"['Giảm 5% cho đơn từ 53,000đ', 'Giảm ngay 1 triệu khi mở thẻ tín dụng VPBank', 'Giảm đến 700.000đ khi thanh toán trả góp qua Kredivo']",https://fptshop.com.vn/may-tinh-de-ban/imac-24-2023-m3-8-cpu-10-gpu-8gb-256gb?sku=00905247,https://cdn2.fptshop.com.vn/unsafe/2023_10_31_638343705937475967_imac-24-2023-m3-8-cpu-bac (1).jpg,Bạc,"{'Hãng CPU': 'Apple', 'Công nghệ CPU': 'M3', 'Loại CPU': '10-Core'}","{'Hãng': 'Apple', 'Model': 'GPU 10 nhân', 'Đồ họa tổng hợp': 'Đang cập nhật'}","{'Hỗ trợ RAM tối đa': '24 GB', 'Dung lượng RAM': '8 GB'}","{'Kiểu ổ cứng': ['SSD'], 'Tổng số khe cắm SSD/HDD': ['1'], 'Số khe SSD/HDD còn lại': ['0'], 'Dung lượng': {'displayValue': '256 ', 'value': 256}}","{'Cổng giao tiếp': ['Audio Jack: Jack 3.5 mm', '2 Type C'], 'Wifi': ['Wifi 6E'], 'Bluetooth': ['v5.3'], 'Webcam': ['Full HD Webcam (1080p Webcam)']}","{'Khe RAM tối đa': '1 khe', 'Công suất': ['Đang cập nhật 150 W']}","{'Kích thước': '54,7 x 14,7 x 46,1 cm', 'Trọng lượng sản phẩm': [{'displayValue': '4.48 kg', 'value': 4.48}], 'Chất liệu': ['Khung máy: Nhôm nguyên khối']}","{'Xuất xứ': ['Trung Quốc'], 'Thời điểm ra mắt': '10/2023', 'Thời gian bảo hành (tháng)': 12, 'Màu sắc': ['Bạc']}",,"{'Phụ kiện trong hộp': ['Bàn phím không dây', 'Chuột không dây', 'Dây nguồn', 'Adapter']}","{'OS': ['macOS'], 'Version': 'Sonoma'}","{'Kích thước màn hình': {'displayValue': '23.5 inch', 'value': 23.5}, 'Công nghệ màn hình': 'Retina', 'Độ phân giải': ['4480 x 2520 Pixels'], 'Tấm nền': 'IPS', 'Độ sáng': '500 nits'}",{'Công nghệ âm thanh': ['Dolby Atmost']},
24,00905245,iMac 24 2023 M3 8 CPU/10 GPU/8GB/256GB,Đặt cọc,Apple,Máy tính để bàn,iMac,"['Chip Apple M3 siêu mạnh', 'Màn hình Retina 4.5K ', 'Thiết kế siêu mỏng 11.5mm']",41990000,41990000,0,,"['Giảm 5% cho đơn từ 53,000đ', 'Giảm ngay 1 triệu khi mở thẻ tín dụng VPBank', 'Giảm đến 700.000đ khi thanh toán trả góp qua Kredivo']",https://fptshop.com.vn/may-tinh-de-ban/imac-24-2023-m3-8-cpu-10-gpu-8gb-256gb?sku=00905245,https://cdn2.fptshop.com.vn/unsafe/2023_10_31_638343701539066759_imac-24-2023-m3-8-cpu-xanh-la (1).jpg,Xanh lá,"{'Hãng CPU': 'Apple', 'Công nghệ CPU': 'M3', 'Loại CPU': '10-Core'}","{'Hãng': 'Apple', 'Model': 'GPU 10 nhân', 'Đồ họa tổng hợp': 'Đang cập nhật'}","{'Hỗ trợ RAM tối đa': '24 GB', 'Dung lượng RAM': '8 GB'}","{'Kiểu ổ cứng': ['SSD'], 'Tổng số khe cắm SSD/HDD': ['1'], 'Số khe SSD/HDD còn lại': ['0'], 'Dung lượng': {'displayValue': '256 ', 'value': 256}}","{'Cổng giao tiếp': ['Audio Jack: Jack 3.5 mm', '2 Type C'], 'Wifi': ['Wifi 6E'], 'Bluetooth': ['v5.3'], 'Webcam': ['Full HD Webcam (1080p Webcam)']}","{'Khe RAM tối đa': '1 khe', 'Công suất': ['Đang cập nhật 150 W']}","{'Kích thước': '54,7 x 14,7 x 46,1 cm', 'Trọng lượng sản phẩm': [{'displayValue': '4.48 kg', 'value': 4.48}], 'Chất liệu': ['Khung máy: Nhôm nguyên khối']}","{'Xuất xứ': ['Trung Quốc'], 'Thời điểm ra mắt': '10/2023', 'Thời gian bảo hành (tháng)': 12, 'Màu sắc': ['Bạc']}",,"{'Phụ kiện trong hộp': ['Bàn phím không dây', 'Chuột không dây', 'Dây nguồn', 'Adapter']}","{'OS': ['macOS'], 'Version': 'Sonoma'}","{'Kích thước màn hình': {'displayValue': '23.5 inch', 'value': 23.5}, 'Công nghệ màn hình': 'Retina', 'Độ phân giải': ['4480 x 2520 Pixels'], 'Tấm nền': 'IPS', 'Độ sáng': '500 nits'}",{'Công nghệ âm thanh': ['Dolby Atmost']},
25,00905244,iMac 24 2023 M3 8 CPU/10 GPU/8GB/256GB,Mua ngay,Apple,Máy tính để bàn,iMac,"['Chip Apple M3 siêu mạnh', 'Màn hình Retina 4.5K ', 'Thiết kế siêu mỏng 11.5mm']",41990000,41990000,0,,"['Giảm 5% cho đơn từ 53,000đ', 'Giảm ngay 1 triệu khi mở thẻ tín dụng VPBank', 'Giảm đến 700.000đ khi thanh toán trả góp qua Kredivo']",https://fptshop.com.vn/may-tinh-de-ban/imac-24-2023-m3-8-cpu-10-gpu-8gb-256gb?sku=00905244,https://cdn2.fptshop.com.vn/unsafe/2023_10_31_638343699863101959_imac-24-2023-m3-8-cpu-xanh (1).jpg,Xanh dương,"{'Hãng CPU': 'Apple', 'Công nghệ CPU': 'M3', 'Loại CPU': '10-Core'}","{'Hãng': 'Apple', 'Model': 'GPU 10 nhân', 'Đồ họa tổng hợp': 'Đang cập nhật'}","{'Hỗ trợ RAM tối đa': '24 GB', 'Dung lượng RAM': '8 GB'}","{'Kiểu ổ cứng': ['SSD'], 'Tổng số khe cắm SSD/HDD': ['1'], 'Số khe SSD/HDD còn lại': ['0'], 'Dung lượng': {'displayValue': '256 ', 'value': 256}}","{'Cổng giao tiếp': ['Audio Jack: Jack 3.5 mm', '2 Type C'], 'Wifi': ['Wifi 6E'], 'Bluetooth': ['v5.3'], 'Webcam': ['Full HD Webcam (1080p Webcam)']}","{'Khe RAM tối đa': '1 khe', 'Công suất': ['Đang cập nhật 150 W']}","{'Kích thước': '54,7 x 14,7 x 46,1 cm', 'Trọng lượng sản phẩm': [{'displayValue': '4.48 kg', 'value': 4.48}], 'Chất liệu': ['Khung máy: Nhôm nguyên khối']}","{'Xuất xứ': ['Trung Quốc'], 'Thời điểm ra mắt': '10/2023', 'Thời gian bảo hành (tháng)': 12, 'Màu sắc': ['Bạc']}",,"{'Phụ kiện trong hộp': ['Bàn phím không dây', 'Chuột không dây', 'Dây nguồn', 'Adapter']}","{'OS': ['macOS'], 'Version': 'Sonoma'}","{'Kích thước màn hình': {'displayValue': '23.5 inch', 'value': 23.5}, 'Công nghệ màn hình': 'Retina', 'Độ phân giải': ['4480 x 2520 Pixels'], 'Tấm nền': 'IPS', 'Độ sáng': '500 nits'}",{'Công nghệ âm thanh': ['Dolby Atmost']},
26,00750660,"iMac 24"" 2021 Retina 4.5K M1/8-Core CPU/8-Core GPU/8GB/256GB SSD",Mua ngay,Apple,Máy tính để bàn,iMac,"['Chip Apple M1 mạnh mẽ', 'Thiết kế cách mạng ', 'Màn hình Retina 4.5K ']",39999000,31990000,20,2024-10-24T23:59:00.000+07:00,"['Giảm 5% cho đơn từ 53,000đ', 'Giảm ngay 1 triệu khi mở thẻ tín dụng VPBank', 'Giảm đến 700.000đ khi thanh toán trả góp qua Kredivo']",https://fptshop.com.vn/may-tinh-de-ban/imac-24-2021-retina-45k-m1-8-core-cpu-8-core-gpu-8gb-256gb?sku=00750660,https://cdn2.fptshop.com.vn/unsafe/2021_4_21_637546108193515336_imac-24-blue-1.jpg,Xanh,"{'Hãng CPU': 'Apple', 'Công nghệ CPU': 'M1', 'Loại CPU': '8 - Core'}","{'Hãng': 'Apple', 'Model': 'GPU 8 nhân', 'Bộ nhớ': 'Share'}","{'Dung lượng RAM': '8 GB', 'Loại RAM': ['LPDDR4']}","{'Kiểu ổ cứng': ['SSD'], 'Tổng số khe cắm SSD/HDD': ['2'], 'Số khe SSD/HDD còn lại': ['0'], 'Dung lượng': {'displayValue': '256 GB', 'value': 256}, 'Loại HDD': 'SATA 3'}","{'Wifi': ['Wifi 6 AX201'], 'Bluetooth': ['v5.0']}",{'Khe RAM tối đa': '2 khe'},"{'Kích thước': '547 x 461 x 147 mm', 'Trọng lượng sản phẩm': [{'displayValue': '4480 g', 'value': 4480}], 'Kiểu dáng thiết kế': 'All in One'}","{'Xuất xứ': ['Trung Quốc'], 'Thời điểm ra mắt': '2021', 'Thời gian bảo hành (tháng)': 12, 'Màu sắc': ['Xanh lá']}",,,{'OS': ['macOS']},"{'Kích thước màn hình': {'displayValue': '24 inch', 'value': 24}, 'Công nghệ màn hình': 'Retina', 'Độ phân giải': ['4480 x 2520 Pixels']}",,
27,00906603,PC E-Power Office 28 AMD Ryzen 5 5600G/RAM 16GB/SSD 256GB/500W,Mua ngay,E-Power,Máy tính để bàn,PC lắp ráp,"['AMD Ryzen 5 5600G ', 'RAM 16GB ', 'Bảo hành theo linh kiện']",8990000,7390000,18,2024-10-24T23:59:00.000+07:00,"['Giảm 5% cho đơn từ 53,000đ', 'Giảm ngay 1 triệu khi mở thẻ tín dụng VPBank', 'Nhập mã FPTLAP giảm 5% tối đa 200.000đ', 'Giảm đến 700.000đ khi thanh toán trả góp qua Kredivo', 'Giảm đến 1 triệu trả góp qua thẻ Visa']",https://fptshop.com.vn/may-tinh-de-ban/pc-e-power-office-28-amd-ryzen-5-5600g?sku=00906603,https://cdn2.fptshop.com.vn/unsafe/2024_2_19_638439522694407850_pc-e-power-office-28-amd-ryzen-5-5600g.jpg,Trắng,"{'Hãng CPU': 'Intel', 'Công nghệ CPU': 'Ryzen 5', 'Loại CPU': '5600G', 'Số nhân': 6, 'Số luồng': 12}",{'Đồ họa tổng hợp': 'AMD Radeon Graphics'},"{'Hỗ trợ RAM tối đa': '128GB', 'Dung lượng RAM': '16 GB (2 thanh 8 GB)', 'Loại RAM': ['DDR4'], 'Tốc độ RAM': [{'displayValue': '3200 MHz', 'value': 3200}]}","{'Kiểu ổ cứng': ['SSD'], 'Tổng số khe cắm SSD/HDD': ['1 SSD'], 'Số khe SSD/HDD còn lại': ['1 SSD']}",{'Cổng giao tiếp': ['Audio Jack: USB 3.2']},"{'Tốc độ CPU': ['3.3 GHz'], 'Chipset': 'Intel H610', 'Khe RAM tối đa': '2 khe', 'Công suất': ['Tổng: 350 W']}","{'Kích thước': '299 x 310 x 345 mm', 'Trọng lượng sản phẩm': [{'displayValue': '7 kg', 'value': 7}], 'Loại Case': 'MID tower', 'Chất liệu': ['Khung máy: Kim loại'], 'Kích thước Mainboard': ['m-ATX']}","{'Xuất xứ': ['Việt Nam / Trung Quốc'], 'Thời điểm ra mắt': '2023', 'Thời gian bảo hành (tháng)': 36, 'Hướng dẫn bảo quản': 'Để nơi khô ráo, nhẹ tay, dễ vỡ.', 'Hướng dẫn sử dụng': 'Xem trong sách hướng dẫn sử dụng', 'Màu sắc': ['Trắng']}","{'Dạng tản nhiệt': ['Tản khí'], 'Chất liệu tản nhiệt': ['Lá tản nhiệt nhôm']}",,{'OS': ['Không']},,,
28,00899881,PC Gaming E-Power G1650 i3 10105F/16GB/250GB/500W/GeForce GTX1650,Mua ngay,E-Power,Máy tính để bàn,PC lắp ráp,"['Intel Core i3-10105F ', 'RAM 16GB ', 'GeForce GTX 1650 ']",11490000,10490000,9,2024-10-31T23:59:00.000+07:00,"['Chủ thẻ OCB: Giảm thêm 500,000đ', 'Giảm 5% cho đơn từ 53,000đ', 'Giảm ngay 1 triệu khi mở thẻ tín dụng VPBank', 'Nhập mã FPTLAP giảm 5% tối đa 200.000đ', 'Giảm đến 700.000đ khi thanh toán trả góp qua Kredivo', 'Giảm đến 1 triệu trả góp qua thẻ Visa']",https://fptshop.com.vn/may-tinh-de-ban/pc-gaming-e-power-g1650-i3-10105f?sku=00899881,https://cdn2.fptshop.com.vn/unsafe/2023_10_17_638331577475096871_pc-gaming-e-power-g1650-i3-10105f-2.jpg,Đen,"{'Hãng CPU': 'Intel', 'Công nghệ CPU': 'Core i3', 'Loại CPU': '10105F', 'Số nhân': 4, 'Số luồng': 8, 'Bộ nhớ đệm': {'displayValue': '6 MB', 'value': 6}}","{'Hãng': 'NVIDIA', 'Model': 'GeForce GTX 1650', 'Xung nhịp': '1410 MHz', 'Xung nhịp tối đa': '1600 MHz', 'Bộ nhớ': '4 GB GDDR6', 'Đồ họa tổng hợp': 'NVIDIA GeForce GTX 1650 4GB'}","{'Hỗ trợ RAM tối đa': '64 GB', 'Dung lượng RAM': '16 GB (2 thanh 8 GB)', 'Loại RAM': ['DDR4'], 'Tốc độ RAM': [{'displayValue': '3200 MHz', 'value': 3200}]}","{'Kiểu ổ cứng': ['SSD'], 'Tổng số khe cắm SSD/HDD': ['4 x 4'], 'Số khe SSD/HDD còn lại': ['4 HDD'], 'Loại SSD': ['M.2 NVMe 1'], 'Dung lượng': {'displayValue': '250 GB', 'value': 250}, 'Chuẩn M2': '2280'}","{'Cổng giao tiếp': ['1 HDMI 2.0', '1 DVI-D', '1 DisplayPort 1.4']}","{'Chế độ bảo hành': ['Bảo hành theo linh kiện'], 'Tên thế hệ': 'Comet Lake', 'Tốc độ CPU': ['Tối đa 4.4 GHz', 'Cơ bản 3.7 GHz'], 'Chipset': 'Intel H510', 'Khe RAM tối đa': '2 khe', 'Tốc độ đọc/ghi': ['2200 MB/s Đọc', '1600 MB/s Ghi'], 'Công suất': ['500 W Bên dưới:']}","{'Kích thước': '315x210x386 mm', 'Trọng lượng sản phẩm': [{'displayValue': '7 kg', 'value': 7}], 'Kiểu dáng thiết kế': 'PC lắp ráp', 'Loại Case': 'MID tower', 'Chất liệu': ['Mặt bên ngoài cùng: Kính', 'Khung máy: Kim loại'], 'Kích thước Mainboard': ['m-ATX']}","{'Xuất xứ': ['Việt Nam / Trung Quốc'], 'Thời điểm ra mắt': '2023', 'Thời gian bảo hành (tháng)': 36, 'Hướng dẫn bảo quản': 'Để nơi khô ráo, nhẹ tay, dễ vỡ.', 'Hướng dẫn sử dụng': 'Xem trong sách hướng dẫn sử dụng', 'Màu sắc': ['Đen']}",,{'Phụ kiện trong hộp': ['Dây nguồn']},,,,
29,00773541,Máy tính để bàn HP Pavilion TP01-1003d i3 10105/4GB/256GB SSD/DVDRW/Intel UHD/WL+BT,Mua ngay,HP,Máy tính để bàn,Bộ PC,[],12990000,12990000,0,,"['Chủ thẻ OCB: Giảm thêm 500,000đ', 'Giảm 5% cho đơn từ 53,000đ', 'Giảm ngay 1 triệu khi mở thẻ tín dụng VPBank', 'Nhập mã FPTLAP giảm 5% tối đa 200.000đ', 'Giảm đến 700.000đ khi thanh toán trả góp qua Kredivo', 'Giảm đến 1 triệu trả góp qua thẻ Visa']",https://fptshop.com.vn/may-tinh-de-ban/hp-pavilion-tp01-1003d-i3-10105?sku=00773541,https://cdn2.fptshop.com.vn/unsafe/2021_7_24_637627143022376942_hp-pavilion-tp01-2006d-bac-2.jpg,Đen,"{'Hãng CPU': 'Intel', 'Công nghệ CPU': 'Core i3', 'Loại CPU': '10105', 'Bộ nhớ đệm': {'displayValue': '6 MB', 'value': 6}}","{'Hãng': 'Intel', 'Model': 'UHD', 'Bộ nhớ': 'Share', 'Đồ họa tổng hợp': 'Intel UHD Graphics'}","{'Số khe RAM còn lại': 2, 'Hỗ trợ RAM tối đa': '32 GB', 'Dung lượng RAM': '4 GB', 'Loại RAM': ['DDR4'], 'Tốc độ RAM': [{'displayValue': '2666 MHz', 'value': 2666}]}","{'Kiểu ổ cứng': ['SSD'], 'Tổng số khe cắm SSD/HDD': ['1 SSD + 1 HDD'], 'Số khe SSD/HDD còn lại': ['1'], 'Loại SSD': ['M.2 NVMe'], 'Dung lượng': {'displayValue': '256 GB', 'value': 256}}","{'Cổng giao tiếp': ['1 HDMI', '2 USB 2.0', '1 LAN', '1 Jack 3.5 mm'], 'Wifi': ['802.11 a/b/g/n'], 'Bluetooth': ['v5.0']}","{'Tốc độ CPU': ['Tối đa 4.4 GHz', 'Cơ bản 3.7 GHz'], 'Khe RAM tối đa': '2 khe', 'Công suất': ['180 W']}","{'Trọng lượng sản phẩm': [{'displayValue': '5.96 kg', 'value': 5.96}], 'Kiểu dáng thiết kế': 'PC đồng bộ', 'Loại Case': 'MID tower'}","{'Xuất xứ': ['Trung Quốc'], 'Thời điểm ra mắt': '2021', 'Thời gian bảo hành (tháng)': 12, 'Hướng dẫn bảo quản': 'Để nơi khô ráo, nhẹ tay, dễ vỡ.', 'Hướng dẫn sử dụng': 'Xem trong sách hướng dẫn sử dụng', 'Màu sắc': ['Đen']}",,"{'Phụ kiện trong hộp': ['Bàn phím có dây', 'Adapter', 'Dây nguồn', 'Chuột có dây']}","{'OS': ['Windows'], 'Version': 'Windows 10'}",,,"{'Ổ đĩa quang': 'DVD', 'Loại đĩa quang': 'Read/Write'}"
30,00905240,iMac 24 2023 M3 8 CPU/10 GPU/8GB/512GB,Đặt cọc,Apple,Máy tính để bàn,iMac,"['Chip Apple M3 siêu mạnh', 'Màn hình Retina 4.5K ', 'Thiết kế siêu mỏng 11.5mm']",46990000,46990000,0,,"['Giảm 5% cho đơn từ 53,000đ', 'Giảm ngay 1 triệu khi mở thẻ tín dụng VPBank', 'Giảm đến 700.000đ khi thanh toán trả góp qua Kredivo']",https://fptshop.com.vn/may-tinh-de-ban/imac-24-2023-m3-8-cpu-10-gpu-8gb-512gb?sku=00905240,https://cdn2.fptshop.com.vn/unsafe/2023_10_31_638343699863101959_imac-24-2023-m3-8-cpu-xanh (1).jpg,Xanh dương,"{'Hãng CPU': 'Apple', 'Công nghệ CPU': 'M3', 'Loại CPU': '10-Core'}","{'Hãng': 'Apple', 'Model': 'GPU 10 nhân', 'Đồ họa tổng hợp': 'Đang cập nhật'}","{'Hỗ trợ RAM tối đa': '24 GB', 'Dung lượng RAM': '8 GB'}","{'Kiểu ổ cứng': ['SSD'], 'Tổng số khe cắm SSD/HDD': ['1'], 'Số khe SSD/HDD còn lại': ['0'], 'Dung lượng': {'displayValue': '512 ', 'value': 512}}","{'Cổng giao tiếp': ['Audio Jack: Jack 3.5 mm', '2 Type C'], 'Wifi': ['Wifi 6E'], 'Bluetooth': ['v5.3'], 'Webcam': ['Full HD Webcam (1080p Webcam)']}","{'Khe RAM tối đa': '1 khe', 'Công suất': ['Đang cập nhật 150 W']}","{'Kích thước': '54,7 x 14,7 x 46,1 cm', 'Trọng lượng sản phẩm': [{'displayValue': '4.48 kg', 'value': 4.48}], 'Chất liệu': ['Khung máy: Nhôm nguyên khối']}","{'Xuất xứ': ['Trung Quốc'], 'Thời điểm ra mắt': '10/2023', 'Thời gian bảo hành (tháng)': 12, 'Màu sắc': ['Xanh dương']}",,"{'Phụ kiện trong hộp': ['Bàn phím không dây', 'Chuột không dây', 'Dây nguồn', 'Adapter']}","{'OS': ['macOS'], 'Version': 'Sonoma'}","{'Kích thước màn hình': {'displayValue': '23.5 inch', 'value': 23.5}, 'Công nghệ màn hình': 'Retina', 'Độ phân giải': ['4480 x 2520 Pixels'], 'Tấm nền': 'IPS', 'Độ sáng': '500 nits'}",{'Công nghệ âm thanh': ['Dolby Atmost']},
31,00905243,iMac 24 2023 M3 8 CPU/10 GPU/8GB/512GB,Đặt cọc,Apple,Máy tính để bàn,iMac,"['Chip Apple M3 siêu mạnh', 'Màn hình Retina 4.5K ', 'Thiết kế siêu mỏng 11.5mm']",46990000,46990000,0,,"['Giảm 5% cho đơn từ 53,000đ', 'Giảm ngay 1 triệu khi mở thẻ tín dụng VPBank', 'Giảm đến 700.000đ khi thanh toán trả góp qua Kredivo']",https://fptshop.com.vn/may-tinh-de-ban/imac-24-2023-m3-8-cpu-10-gpu-8gb-512gb?sku=00905243,https://cdn2.fptshop.com.vn/unsafe/2023_10_31_638343705937475967_imac-24-2023-m3-8-cpu-bac (1).jpg,Bạc,"{'Hãng CPU': 'Apple', 'Công nghệ CPU': 'M3', 'Loại CPU': '10-Core'}","{'Hãng': 'Apple', 'Model': 'GPU 10 nhân', 'Đồ họa tổng hợp': 'Đang cập nhật'}","{'Hỗ trợ RAM tối đa': '24 GB', 'Dung lượng RAM': '8 GB'}","{'Kiểu ổ cứng': ['SSD'], 'Tổng số khe cắm SSD/HDD': ['1'], 'Số khe SSD/HDD còn lại': ['0'], 'Dung lượng': {'displayValue': '512 ', 'value': 512}}","{'Cổng giao tiếp': ['Audio Jack: Jack 3.5 mm', '2 Type C'], 'Wifi': ['Wifi 6E'], 'Bluetooth': ['v5.3'], 'Webcam': ['Full HD Webcam (1080p Webcam)']}","{'Khe RAM tối đa': '1 khe', 'Công suất': ['Đang cập nhật 150 W']}","{'Kích thước': '54,7 x 14,7 x 46,1 cm', 'Trọng lượng sản phẩm': [{'displayValue': '4.48 kg', 'value': 4.48}], 'Chất liệu': ['Khung máy: Nhôm nguyên khối']}","{'Xuất xứ': ['Trung Quốc'], 'Thời điểm ra mắt': '10/2023', 'Thời gian bảo hành (tháng)': 12, 'Màu sắc': ['Xanh dương']}",,"{'Phụ kiện trong hộp': ['Bàn phím không dây', 'Chuột không dây', 'Dây nguồn', 'Adapter']}","{'OS': ['macOS'], 'Version': 'Sonoma'}","{'Kích thước màn hình': {'displayValue': '23.5 inch', 'value': 23.5}, 'Công nghệ màn hình': 'Retina', 'Độ phân giải': ['4480 x 2520 Pixels'], 'Tấm nền': 'IPS', 'Độ sáng': '500 nits'}",{'Công nghệ âm thanh': ['Dolby Atmost']},
32,00905241,iMac 24 2023 M3 8 CPU/10 GPU/8GB/512GB,Đặt cọc,Apple,Máy tính để bàn,iMac,"['Chip Apple M3 siêu mạnh', 'Màn hình Retina 4.5K ', 'Thiết kế siêu mỏng 11.5mm']",46990000,46990000,0,,"['Giảm 5% cho đơn từ 53,000đ', 'Giảm ngay 1 triệu khi mở thẻ tín dụng VPBank', 'Giảm đến 700.000đ khi thanh toán trả góp qua Kredivo']",https://fptshop.com.vn/may-tinh-de-ban/imac-24-2023-m3-8-cpu-10-gpu-8gb-512gb?sku=00905241,https://cdn2.fptshop.com.vn/unsafe/2023_10_31_638343701539066759_imac-24-2023-m3-8-cpu-xanh-la (1).jpg,Xanh lá,"{'Hãng CPU': 'Apple', 'Công nghệ CPU': 'M3', 'Loại CPU': '10-Core'}","{'Hãng': 'Apple', 'Model': 'GPU 10 nhân', 'Đồ họa tổng hợp': 'Đang cập nhật'}","{'Hỗ trợ RAM tối đa': '24 GB', 'Dung lượng RAM': '8 GB'}","{'Kiểu ổ cứng': ['SSD'], 'Tổng số khe cắm SSD/HDD': ['1'], 'Số khe SSD/HDD còn lại': ['0'], 'Dung lượng': {'displayValue': '512 ', 'value': 512}}","{'Cổng giao tiếp': ['Audio Jack: Jack 3.5 mm', '2 Type C'], 'Wifi': ['Wifi 6E'], 'Bluetooth': ['v5.3'], 'Webcam': ['Full HD Webcam (1080p Webcam)']}","{'Khe RAM tối đa': '1 khe', 'Công suất': ['Đang cập nhật 150 W']}","{'Kích thước': '54,7 x 14,7 x 46,1 cm', 'Trọng lượng sản phẩm': [{'displayValue': '4.48 kg', 'value': 4.48}], 'Chất liệu': ['Khung máy: Nhôm nguyên khối']}","{'Xuất xứ': ['Trung Quốc'], 'Thời điểm ra mắt': '10/2023', 'Thời gian bảo hành (tháng)': 12, 'Màu sắc': ['Xanh dương']}",,"{'Phụ kiện trong hộp': ['Bàn phím không dây', 'Chuột không dây', 'Dây nguồn', 'Adapter']}","{'OS': ['macOS'], 'Version': 'Sonoma'}","{'Kích thước màn hình': {'displayValue': '23.5 inch', 'value': 23.5}, 'Công nghệ màn hình': 'Retina', 'Độ phân giải': ['4480 x 2520 Pixels'], 'Tấm nền': 'IPS', 'Độ sáng': '500 nits'}",{'Công nghệ âm thanh': ['Dolby Atmost']},
33,00905242,iMac 24 2023 M3 8 CPU/10 GPU/8GB/512GB,Đặt cọc,Apple,Máy tính để bàn,iMac,"['Chip Apple M3 siêu mạnh', 'Màn hình Retina 4.5K ', 'Thiết kế siêu mỏng 11.5mm']",46990000,46990000,0,,"['Giảm 5% cho đơn từ 53,000đ', 'Giảm ngay 1 triệu khi mở thẻ tín dụng VPBank', 'Giảm đến 700.000đ khi thanh toán trả góp qua Kredivo']",https://fptshop.com.vn/may-tinh-de-ban/imac-24-2023-m3-8-cpu-10-gpu-8gb-512gb?sku=00905242,https://cdn2.fptshop.com.vn/unsafe/2023_10_31_638343704492146647_imac-24-2023-m3-8-cpu-hong (1).jpg,Hồng,"{'Hãng CPU': 'Apple', 'Công nghệ CPU': 'M3', 'Loại CPU': '10-Core'}","{'Hãng': 'Apple', 'Model': 'GPU 10 nhân', 'Đồ họa tổng hợp': 'Đang cập nhật'}","{'Hỗ trợ RAM tối đa': '24 GB', 'Dung lượng RAM': '8 GB'}","{'Kiểu ổ cứng': ['SSD'], 'Tổng số khe cắm SSD/HDD': ['1'], 'Số khe SSD/HDD còn lại': ['0'], 'Dung lượng': {'displayValue': '512 ', 'value': 512}}","{'Cổng giao tiếp': ['Audio Jack: Jack 3.5 mm', '2 Type C'], 'Wifi': ['Wifi 6E'], 'Bluetooth': ['v5.3'], 'Webcam': ['Full HD Webcam (1080p Webcam)']}","{'Khe RAM tối đa': '1 khe', 'Công suất': ['Đang cập nhật 150 W']}","{'Kích thước': '54,7 x 14,7 x 46,1 cm', 'Trọng lượng sản phẩm': [{'displayValue': '4.48 kg', 'value': 4.48}], 'Chất liệu': ['Khung máy: Nhôm nguyên khối']}","{'Xuất xứ': ['Trung Quốc'], 'Thời điểm ra mắt': '10/2023', 'Thời gian bảo hành (tháng)': 12, 'Màu sắc': ['Xanh dương']}",,"{'Phụ kiện trong hộp': ['Bàn phím không dây', 'Chuột không dây', 'Dây nguồn', 'Adapter']}","{'OS': ['macOS'], 'Version': 'Sonoma'}","{'Kích thước màn hình': {'displayValue': '23.5 inch', 'value': 23.5}, 'Công nghệ màn hình': 'Retina', 'Độ phân giải': ['4480 x 2520 Pixels'], 'Tấm nền': 'IPS', 'Độ sáng': '500 nits'}",{'Công nghệ âm thanh': ['Dolby Atmost']},
34,00905238,iMac 24 2023 M3 8 CPU/8 GPU/8GB/256GB,Đặt cọc,Apple,Máy tính để bàn,iMac,"['Chip Apple M3 siêu mạnh', 'Màn hình Retina 4.5K ', 'Thiết kế siêu mỏng 11.5mm']",36990000,36990000,0,,"['Giảm 5% cho đơn từ 53,000đ', 'Giảm ngay 1 triệu khi mở thẻ tín dụng VPBank', 'Giảm đến 700.000đ khi thanh toán trả góp qua Kredivo']",https://fptshop.com.vn/may-tinh-de-ban/imac-24-2023-m3-8-cpu-8-gpu-8gb-256gb?sku=00905238,https://cdn2.fptshop.com.vn/unsafe/2023_10_31_638343686556332898_imac-24-2023-m3-8-cpu-hong (1).jpg,Hồng,"{'Hãng CPU': 'Apple', 'Công nghệ CPU': 'M3', 'Loại CPU': '8 - Core'}","{'Hãng': 'Apple', 'Model': 'GPU 8 nhân', 'Đồ họa tổng hợp': 'Đang cập nhật'}","{'Hỗ trợ RAM tối đa': '24 GB', 'Dung lượng RAM': '8 GB'}","{'Kiểu ổ cứng': ['SSD'], 'Tổng số khe cắm SSD/HDD': ['1'], 'Số khe SSD/HDD còn lại': ['0']}","{'Cổng giao tiếp': ['Audio Jack: Jack 3.5 mm', '2 Type C'], 'Wifi': ['Wifi 6E'], 'Bluetooth': ['v5.3'], 'Webcam': ['Full HD Webcam (1080p Webcam)']}","{'Khe RAM tối đa': '1 khe', 'Công suất': ['Đang cập nhật 150 W']}","{'Kích thước': '54,7 x 14,7 x 46,1 cm', 'Trọng lượng sản phẩm': [{'displayValue': '4.43 kg', 'value': 4.43}], 'Chất liệu': ['Khung máy: Nhôm nguyên khối']}","{'Xuất xứ': ['Trung Quốc'], 'Thời điểm ra mắt': '10/2023', 'Thời gian bảo hành (tháng)': 12, 'Màu sắc': ['Hồng']}",,"{'Phụ kiện trong hộp': ['Bàn phím không dây', 'Chuột không dây', 'Dây nguồn', 'Adapter']}","{'OS': ['macOS'], 'Version': 'Sonoma'}","{'Kích thước màn hình': {'displayValue': '23.5 inch', 'value': 23.5}, 'Công nghệ màn hình': 'Retina', 'Độ phân giải': ['4480 x 2520 Pixels'], 'Tấm nền': 'IPS', 'Độ sáng': '500 nits'}",{'Công nghệ âm thanh': ['Dolby Atmost']},
35,00905236,iMac 24 2023 M3 8 CPU/8 GPU/8GB/256GB,Đặt cọc,Apple,Máy tính để bàn,iMac,"['Chip Apple M3 siêu mạnh', 'Màn hình Retina 4.5K ', 'Thiết kế siêu mỏng 11.5mm']",36990000,36990000,0,,"['Giảm 5% cho đơn từ 53,000đ', 'Giảm ngay 1 triệu khi mở thẻ tín dụng VPBank', 'Giảm đến 700.000đ khi thanh toán trả góp qua Kredivo']",https://fptshop.com.vn/may-tinh-de-ban/imac-24-2023-m3-8-cpu-8-gpu-8gb-256gb?sku=00905236,https://cdn2.fptshop.com.vn/unsafe/2023_10_31_638343680205802666_imac-24-2023-m3-8-cpu-xanh (1).jpg,Xanh dương,"{'Hãng CPU': 'Apple', 'Công nghệ CPU': 'M3', 'Loại CPU': '8 - Core'}","{'Hãng': 'Apple', 'Model': 'GPU 8 nhân', 'Đồ họa tổng hợp': 'Đang cập nhật'}","{'Hỗ trợ RAM tối đa': '24 GB', 'Dung lượng RAM': '8 GB'}","{'Kiểu ổ cứng': ['SSD'], 'Tổng số khe cắm SSD/HDD': ['1'], 'Số khe SSD/HDD còn lại': ['0']}","{'Cổng giao tiếp': ['Audio Jack: Jack 3.5 mm', '2 Type C'], 'Wifi': ['Wifi 6E'], 'Bluetooth': ['v5.3'], 'Webcam': ['Full HD Webcam (1080p Webcam)']}","{'Khe RAM tối đa': '1 khe', 'Công suất': ['Đang cập nhật 150 W']}","{'Kích thước': '54,7 x 14,7 x 46,1 cm', 'Trọng lượng sản phẩm': [{'displayValue': '4.43 kg', 'value': 4.43}], 'Chất liệu': ['Khung máy: Nhôm nguyên khối']}","{'Xuất xứ': ['Trung Quốc'], 'Thời điểm ra mắt': '10/2023', 'Thời gian bảo hành (tháng)': 12, 'Màu sắc': ['Hồng']}",,"{'Phụ kiện trong hộp': ['Bàn phím không dây', 'Chuột không dây', 'Dây nguồn', 'Adapter']}","{'OS': ['macOS'], 'Version': 'Sonoma'}","{'Kích thước màn hình': {'displayValue': '23.5 inch', 'value': 23.5}, 'Công nghệ màn hình': 'Retina', 'Độ phân giải': ['4480 x 2520 Pixels'], 'Tấm nền': 'IPS', 'Độ sáng': '500 nits'}",{'Công nghệ âm thanh': ['Dolby Atmost']},
36,00905239,iMac 24 2023 M3 8 CPU/8 GPU/8GB/256GB,Đặt cọc,Apple,Máy tính để bàn,iMac,"['Chip Apple M3 siêu mạnh', 'Màn hình Retina 4.5K ', 'Thiết kế siêu mỏng 11.5mm']",36990000,36990000,0,,"['Giảm 5% cho đơn từ 53,000đ', 'Giảm ngay 1 triệu khi mở thẻ tín dụng VPBank', 'Giảm đến 700.000đ khi thanh toán trả góp qua Kredivo']",https://fptshop.com.vn/may-tinh-de-ban/imac-24-2023-m3-8-cpu-8-gpu-8gb-256gb?sku=00905239,https://cdn2.fptshop.com.vn/unsafe/2023_10_31_638343690228005229_imac-24-2023-m3-8-cpu-bac (1).jpg,Bạc,"{'Hãng CPU': 'Apple', 'Công nghệ CPU': 'M3', 'Loại CPU': '8 - Core'}","{'Hãng': 'Apple', 'Model': 'GPU 8 nhân', 'Đồ họa tổng hợp': 'Đang cập nhật'}","{'Hỗ trợ RAM tối đa': '24 GB', 'Dung lượng RAM': '8 GB'}","{'Kiểu ổ cứng': ['SSD'], 'Tổng số khe cắm SSD/HDD': ['1'], 'Số khe SSD/HDD còn lại': ['0']}","{'Cổng giao tiếp': ['Audio Jack: Jack 3.5 mm', '2 Type C'], 'Wifi': ['Wifi 6E'], 'Bluetooth': ['v5.3'], 'Webcam': ['Full HD Webcam (1080p Webcam)']}","{'Khe RAM tối đa': '1 khe', 'Công suất': ['Đang cập nhật 150 W']}","{'Kích thước': '54,7 x 14,7 x 46,1 cm', 'Trọng lượng sản phẩm': [{'displayValue': '4.43 kg', 'value': 4.43}], 'Chất liệu': ['Khung máy: Nhôm nguyên khối']}","{'Xuất xứ': ['Trung Quốc'], 'Thời điểm ra mắt': '10/2023', 'Thời gian bảo hành (tháng)': 12, 'Màu sắc': ['Hồng']}",,"{'Phụ kiện trong hộp': ['Bàn phím không dây', 'Chuột không dây', 'Dây nguồn', 'Adapter']}","{'OS': ['macOS'], 'Version': 'Sonoma'}","{'Kích thước màn hình': {'displayValue': '23.5 inch', 'value': 23.5}, 'Công nghệ màn hình': 'Retina', 'Độ phân giải': ['4480 x 2520 Pixels'], 'Tấm nền': 'IPS', 'Độ sáng': '500 nits'}",{'Công nghệ âm thanh': ['Dolby Atmost']},
37,00898379,Máy tính AIO ASUS A3402WBAK-WA604W i5-1235U/8GB/512GB/23.8''FHD/CAM/MIC/KB/M/Win11,Mua ngay,Asus,Máy tính để bàn,Máy tính All In One,[],20590000,14990000,27,2024-10-24T23:59:00.000+07:00,"['Giảm 5% cho đơn từ 53,000đ', 'Giảm ngay 1 triệu khi mở thẻ tín dụng VPBank', 'Nhập mã FPTLAP giảm 5% tối đa 200.000đ', 'Giảm đến 700.000đ khi thanh toán trả góp qua Kredivo', 'Giảm đến 1 triệu trả góp qua thẻ Visa']",https://fptshop.com.vn/may-tinh-de-ban/asus-a3402wbak-wa604w-i5-1235u?sku=00898379,https://cdn2.fptshop.com.vn/unsafe/2023_2_27_638131034515917961_asus-a3402wbak-wa066w-i5-1235u-trang-1.jpg,Trắng,"{'Hãng CPU': 'Intel', 'Công nghệ CPU': 'Core i5', 'Loại CPU': '1235U', 'Số nhân': 8, 'Số luồng': 12, 'Bộ nhớ đệm': {'displayValue': '12 MB', 'value': 12}}","{'Hãng': 'Intel', 'Đồ họa tổng hợp': 'Intel UHD Graphics'}","{'Số khe RAM còn lại': 1, 'Hỗ trợ RAM tối đa': '32 GB', 'Dung lượng RAM': '8 GB (1 thanh 8 GB)', 'Loại RAM': ['DDR4'], 'Tốc độ RAM': [{'displayValue': '3200 MHz', 'value': 3200}]}","{'Kiểu ổ cứng': ['SSD'], 'Tổng số khe cắm SSD/HDD': ['2'], 'Số khe SSD/HDD còn lại': ['1 HDD'], 'Loại SSD': ['M.2 NVMe'], 'Dung lượng': {'displayValue': '512 GB', 'value': 512}}","{'Cổng giao tiếp': ['1 Type C', '2 USB 2.0', '3 USB 3.2 Gen 1', '1 DC-in jack', '1 Jack 3.5 mm', '1 HDMI 1.4'], 'Wifi': ['802.11 ax'], 'Bluetooth': ['v5.3'], 'Webcam': ['HD Webcam (720p Webcam)']}","{'Chế độ bảo hành': ['Bảo hành tại hãng'], 'Tên thế hệ': 'Alder Lake', 'Tốc độ CPU': ['Cơ bản 3.3 GHz', 'Tối đa 4.4 GHz'], 'Khe RAM tối đa': '2 khe', 'Công suất': ['90 W']}","{'Kích thước': '53.9 x 42.3 x 1.5 ~ 16.5 cm', 'Trọng lượng sản phẩm': [{'displayValue': '5.46 kg', 'value': 5.46}], 'Kiểu dáng thiết kế': 'All in One', 'Chất liệu': ['Nhựa']}","{'Xuất xứ': ['Trung Quốc'], 'Thời điểm ra mắt': '2023', 'Thời gian bảo hành (tháng)': 24, 'Hướng dẫn bảo quản': 'Để nơi khô ráo, nhẹ tay, dễ vỡ.', 'Hướng dẫn sử dụng': 'Xem trong sách hướng dẫn sử dụng', 'Màu sắc': ['Trắng']}",,"{'Phụ kiện trong hộp': ['Bàn phím không dây', 'Sách HDSD', 'Chuột không dây']}","{'OS': ['Windows'], 'Version': 'Windows 11 Home'}","{'Kích thước màn hình': {'displayValue': '23.8 inch', 'value': 23.8}, 'Công nghệ màn hình': 'Anti-Glare LED-Backlit Display', 'Độ phân giải': ['1920 x 1080 Pixels'], 'Tần số quét': {'displayValue': '60 Hz', 'value': 60}, 'Độ sáng': '250 nits'}",{'Công nghệ âm thanh': ['Asus SonicMaster stereo']},
38,00856992,Mac mini 2023 M2 8CPU 10GPU 8GB/512GB,Mua ngay,Apple,Máy tính để bàn,iMac,"['Chip Apple M2 cực mạnh', 'Nhỏ gọn linh hoạt ', 'Kết nối Thunderbolt 4']",21990000,19690000,10,2024-10-24T23:59:00.000+07:00,"['Giảm 5% cho đơn từ 53,000đ', 'Giảm ngay 1 triệu khi mở thẻ tín dụng VPBank', 'Giảm đến 700.000đ khi thanh toán trả góp qua Kredivo']",https://fptshop.com.vn/may-tinh-de-ban/mac-mini-2023-m2-8cpu-10gpu-512gb?sku=00856992,https://cdn2.fptshop.com.vn/unsafe/2023_1_18_638096359388473379_mac-mini-2023-m2-3.jpg,Bạc,"{'Hãng CPU': 'Apple', 'Công nghệ CPU': 'M2', 'Loại CPU': '8 - Core', 'Số nhân': 8}","{'Hãng': 'Apple', 'Model': 'GPU 10 nhân', 'Đồ họa tổng hợp': 'Apple M2'}","{'Hỗ trợ RAM tối đa': '8 GB', 'Dung lượng RAM': '8 GB'}","{'Kiểu ổ cứng': ['SSD'], 'Tổng số khe cắm SSD/HDD': ['1'], 'Số khe SSD/HDD còn lại': ['0'], 'Dung lượng': {'displayValue': '512 GB', 'value': 512}}","{'Cổng giao tiếp': ['2 Type C', '1 LAN', '2 USB', '1 Jack 3.5 mm', '1 HDMI'], 'Wifi': ['802.11 ax'], 'Bluetooth': ['v5.3']}","{'Chế độ bảo hành': ['Bảo hành tại hãng'], 'Khe RAM tối đa': '1 khe', 'Công suất': ['150 W']}","{'Kích thước': '19.7 x 19.7 x 3.58 cm', 'Trọng lượng sản phẩm': [{'displayValue': '1.18 kg', 'value': 1.18}], 'Kiểu dáng thiết kế': 'PC đồng bộ', 'Chất liệu': ['Vỏ thân máy: Nhôm']}","{'Xuất xứ': ['Trung Quốc'], 'Thời điểm ra mắt': '2023', 'Thời gian bảo hành (tháng)': 12, 'Hướng dẫn bảo quản': 'Để nơi khô ráo, nhẹ tay, dễ vỡ.', 'Hướng dẫn sử dụng': 'Xem trong sách hướng dẫn sử dụng', 'Màu sắc': ['Bạc']}",,{'Phụ kiện trong hộp': ['Bộ sạc điện']},"{'OS': ['macOS'], 'Version': 'Ventura'}",,,
