,sku,Tên,Trạng thái,Nhãn hàng,Loại,Nhóm,Đặc điểm nổi bật,Giá gốc,Giá hiện tại,Giảm giá,Thời gian kết thúc giảm giá,Khuyến mãi,Link đặt hàng,Ảnh,Màu,Thông tin hàng hóa,Thiết kế và Trọng lượng,Thông số cơ bản,Tính năng và tiện ích,Phụ kiện trong hộp,Cảm biến
0,00907122,Quạt điều hòa Hòa Phát HPCF1-022,Mua ngay,Hòa Phát,Quạt,Quạt điều hòa,[],4590000,1990000,57,2024-10-31T23:59:00.000+07:00,"['Giảm 5% cho đơn từ 53,000đ', 'Giảm ngay 1 triệu khi mở thẻ tín dụng VPBank', 'Giảm đến 700.000đ khi thanh toán trả góp qua Kredivo', 'Giảm đến 1 triệu trả góp qua thẻ Visa']",https://fptshop.com.vn/quat-dieu-hoa/quat-dieu-hoa-hoa-phat-hpcf1-022?sku=00907122,https://cdn2.fptshop.com.vn/unsafe/2024_3_12_638458571057334183_quat-dieu-hoa-hoa-phat-hpcf1-022-1.jpg,Xanh Navy,"{'Model': 'HPCF1-022', 'Xuất xứ': ['Việt Nam'], 'Thời điểm ra mắt': '2022', 'Thời gian bảo hành (tháng)': 24, 'Thời hạn bảo hành phụ kiện': ['Điều khiển: 12 tháng', 'Tấm làm mát và lưới lọc bụi: 0 tháng'], 'Màu sắc': ['Xanh Navy']}","{'Kích thước': '48.6 x 97.8 x 31.3 cm', 'Trọng lượng sản phẩm': [{'displayValue': '9.2 kg', 'value': 9.2}], 'Chất liệu': ['Nhựa PP']}","{'Chế độ bảo hành': ['Bảo hành tại nhà'], 'Diện tích làm mát': '25 - 30 m2', 'Công suất': ['86 W'], 'Điện áp': '220 V / 50 Hz', 'Lưu lượng gió': ['1800 m3/h'], 'Độ ồn lớn nhất': ['Đang cập nhật'], 'Tốc độ gió': '3 tốc độ', 'Bình chứa nước': '35 lít', 'Hộp đá khô làm mát kèm máy': 'Có'}","{'Tính năng': ['Đảo gió tự động', 'Bơm tự động chống cạn', 'Thiết lập 3 tốc độ gió'], 'Tiện ích': ['Giải pháp làm mát cho không gian mở', 'Động cơ bền bỉ, hiệu năng cao', 'Có bánh xe di chuyển', 'Tiết kiệm điện']}",,
1,00906742,Quạt điều hòa Sunhouse SHD7727,Mua ngay,Sunhouse,Quạt,Quạt điều hòa,[],6490000,3790000,42,2024-10-31T23:59:00.000+07:00,"['Giảm 5% cho đơn từ 53,000đ', 'Giảm ngay 1 triệu khi mở thẻ tín dụng VPBank', 'Giảm đến 700.000đ khi thanh toán trả góp qua Kredivo', 'Giảm đến 1 triệu trả góp qua thẻ Visa']",https://fptshop.com.vn/quat-dieu-hoa/quat-dieu-hoa-sunhouse-shd7727?sku=00906742,https://cdn2.fptshop.com.vn/unsafe/2024_4_1_638475696569775809_quat-dieu-hoa-sunhouse-shd7727-1.jpg,Trắng,"{'Model': 'SHD7727', 'Xuất xứ': ['Việt Nam'], 'Thời điểm ra mắt': '2022', 'Thời gian bảo hành (tháng)': 12, 'Thời hạn bảo hành phụ kiện': ['Điều khiển: 0 tháng', 'Tấm làm mát và lưới lọc bụi: 0 tháng'], 'Màu sắc': ['Trắng']}","{'Kích thước': '48 x 36 x 105 cm', 'Trọng lượng sản phẩm': [{'displayValue': '13.5 kg', 'value': 13.5}], 'Chất liệu': ['Nhựa ABS']}","{'Chế độ bảo hành': ['Bảo hành tại nhà'], 'Diện tích làm mát': 'Lên đến 40 m2', 'Công suất': ['150 W'], 'Điện áp': '220 V / 50 Hz', 'Lưu lượng gió': ['3.000 m3/h'], 'Độ ồn lớn nhất': ['Dưới 60 dB'], 'Tốc độ gió': '3 tốc độ', 'Chế độ gió': ['3 chế độ'], 'Bình chứa nước': '40 lít', 'Hộp đá khô làm mát kèm máy': 'Có'}","{'Tiện ích': ['Thiết kế trang nhã, bền đẹp', 'Điều khiển dễ dàng, linh hoạt sử dụng', 'Bình chứa nước lớn']}",,
2,00757123,Quạt điều hoà Kangaroo KG50F62,Mua ngay,Kangaroo,Quạt,Quạt điều hòa,"['Công suất 110 W ', 'Diện tích làm mát 20-25m²', 'Bình chứa 33 lít ']",4490000,1990000,56,2024-10-31T23:59:00.000+07:00,"['Giảm 5% cho đơn từ 53,000đ', 'Giảm ngay 1 triệu khi mở thẻ tín dụng VPBank', 'Giảm đến 700.000đ khi thanh toán trả góp qua Kredivo', 'Giảm đến 1 triệu trả góp qua thẻ Visa']",https://fptshop.com.vn/quat-dieu-hoa/quat-dieu-hoa-kangaroo-kg50f62?sku=00757123,https://cdn2.fptshop.com.vn/unsafe/2021_6_17_637595459901655630_quat-dieu-hoa-kangaroo-kg50f62-5.jpg,Mixed,"{'Model': 'KG50F62', 'Xuất xứ': ['Trung Quốc'], 'Thời điểm ra mắt': '2019', 'Thời gian bảo hành (tháng)': 12, 'Thời hạn bảo hành phụ kiện': ['Điều khiển: 0 tháng', 'Tấm làm mát và lưới lọc bụi: 0 tháng'], 'Màu sắc': ['Mixed']}","{'Kích thước': '470 x 335 x 928 mm', 'Trọng lượng sản phẩm': [{'displayValue': '7.95 kg', 'value': 7.95}], 'Chất liệu': ['Vỏ máy: Nhựa cao cấp']}","{'Chế độ bảo hành': ['Bảo hành tại nhà'], 'Diện tích làm mát': '20 - 25 m2', 'Công suất': ['100 W'], 'Điện áp': '220 V', 'Lưu lượng gió': ['3700 m3/h'], 'Độ ồn lớn nhất': ['50 dB'], 'Tốc độ gió': '3 mức', 'Chế độ gió': ['Gió thường', 'Gió ngủ', 'Gió tự nhiên'], 'Bình chứa nước': '33 lít', 'Hộp đá khô làm mát kèm máy': '2 hộp'}","{'Tiện ích': ['Tự ngắt bơm khi cạn nước', 'Bánh xe di chuyển', 'Thang đo hiển thị mực nước', 'Van xả cặn khoang chứa nước']}",{'Phụ kiện trong hộp': ['Hộp đá khô']},
3,00760344,Quạt điều hoà Kangaroo KG50F64,Mua ngay,Kangaroo,Quạt,Quạt điều hòa,"['Công suất 90 W ', 'Diện tích làm mát 20-25m²', 'Bình chứa 42 lít ']",4990000,2490000,50,2024-10-31T23:59:00.000+07:00,"['Giảm 5% cho đơn từ 53,000đ', 'Giảm ngay 1 triệu khi mở thẻ tín dụng VPBank', 'Giảm đến 700.000đ khi thanh toán trả góp qua Kredivo', 'Giảm đến 1 triệu trả góp qua thẻ Visa']",https://fptshop.com.vn/quat-dieu-hoa/quat-dieu-hoa-kangaroo-kg50f64?sku=00760344,https://cdn2.fptshop.com.vn/unsafe/2021_6_22_637599691997440266_quat-dieu-hoa-kangaroo-kg50f64-1.jpg,Trắng,"{'Model': 'KG50F64', 'Xuất xứ': ['Trung Quốc'], 'Thời điểm ra mắt': '2019', 'Thời gian bảo hành (tháng)': 12, 'Thời hạn bảo hành phụ kiện': ['Điều khiển: 0 tháng', 'Tấm làm mát và lưới lọc bụi: 0 tháng'], 'Màu sắc': ['Trắng']}","{'Kích thước': '420 x 345 x 1000 mm', 'Trọng lượng sản phẩm': [{'displayValue': '9.8 kg', 'value': 9.8}], 'Chất liệu': ['Vỏ máy: Nhựa cao cấp']}","{'Chế độ bảo hành': ['Bảo hành tại nhà'], 'Diện tích làm mát': '20 - 25 m2', 'Công suất': ['90 W'], 'Điện áp': '220 V', 'Lưu lượng gió': ['5000 m3/h'], 'Độ ồn lớn nhất': ['50 dB'], 'Tốc độ gió': '3 mức', 'Chế độ gió': ['Gió tự nhiên', 'Gió ngủ', 'Gió thường'], 'Bình chứa nước': '42 lít', 'Hộp đá khô làm mát kèm máy': 'Không có'}","{'Tính năng': ['Đèn báo chức năng'], 'Tiện ích': ['Bánh xe di chuyển', 'Thang đo hiển thị mực nước', 'Hẹn giờ tắt', 'Tự ngắt bơm khi cạn nước', 'Điều khiển từ xa bằng remote', 'Tạo ion không khí', 'Van xả cặn khoang chứa nước', 'Màn hình hiển thị']}",{'Phụ kiện trong hộp': ['Remote']},{'Cảm biến': ['Cảm biến nhiệt độ phòng']}
4,00907120,Quạt điều hòa Hòa Phát HPCF1-045,Mua ngay,Hòa Phát,Quạt,Quạt điều hòa,[],5590000,2990000,47,2024-10-31T23:59:00.000+07:00,"['Giảm 5% cho đơn từ 53,000đ', 'Giảm ngay 1 triệu khi mở thẻ tín dụng VPBank', 'Giảm đến 700.000đ khi thanh toán trả góp qua Kredivo', 'Giảm đến 1 triệu trả góp qua thẻ Visa']",https://fptshop.com.vn/quat-dieu-hoa/quat-dieu-hoa-hoa-phat-hpcf1-045?sku=00907120,https://cdn2.fptshop.com.vn/unsafe/2024_3_12_638458534479232287_quat-dieu-hoa-hoa-phat-hpcf1-045-3.jpg,Đen,"{'Model': 'HPCF1-045', 'Xuất xứ': ['Việt Nam'], 'Thời điểm ra mắt': '2023', 'Thời gian bảo hành (tháng)': 24, 'Thời hạn bảo hành phụ kiện': ['Điều khiển: 12 tháng', 'Tấm làm mát và lưới lọc bụi: 0 tháng'], 'Màu sắc': ['Đen']}","{'Kích thước': '27.5 x 105 x 40.3 cm', 'Trọng lượng sản phẩm': [{'displayValue': '11 kg', 'value': 11}], 'Chất liệu': ['Nhựa PP']}","{'Chế độ bảo hành': ['Bảo hành tại nhà'], 'Diện tích làm mát': '15 - 20 m2', 'Công suất': ['112 W'], 'Điện áp': '220 V / 50 Hz', 'Lưu lượng gió': ['1115 m3/h'], 'Độ ồn lớn nhất': ['Đang cập nhật'], 'Tốc độ gió': '3 tốc độ', 'Bình chứa nước': '25 lít'}","{'Tính năng': ['Thiết lập 3 tốc độ gió', 'Màn hình điện tử/ Hiển thị LED', 'Hẹn giờ tắt bật', 'Đảo gió tự động', 'Bơm tự động chống cạn'], 'Tiện ích': ['Giải pháp làm mát cho không gian mở', 'Động cơ bền bỉ, hiệu năng cao', 'Có bánh xe di chuyển', 'Tiết kiệm điện']}",,
5,00907056,Quạt điều hòa Kangaroo KG50F88,Mua ngay,Kangaroo,Quạt,Quạt điều hòa,[],6990000,3990000,43,2024-10-31T23:59:00.000+07:00,"['Giảm 5% cho đơn từ 53,000đ', 'Giảm ngay 1 triệu khi mở thẻ tín dụng VPBank', 'Giảm đến 700.000đ khi thanh toán trả góp qua Kredivo', 'Giảm đến 1 triệu trả góp qua thẻ Visa']",https://fptshop.com.vn/quat-dieu-hoa/quat-dieu-hoa-kangaroo-kg50f88?sku=00907056,https://cdn2.fptshop.com.vn/unsafe/2024_4_1_638475693462484892_quat-dieu-hoa-kangaroo-kg50f88-2.jpg,Trắng,"{'Model': 'KG50F88', 'Xuất xứ': ['Việt Nam'], 'Thời điểm ra mắt': '2022', 'Thời gian bảo hành (tháng)': 12, 'Thời hạn bảo hành phụ kiện': ['Điều khiển: 0 tháng', 'Tấm làm mát và lưới lọc bụi: 0 tháng'], 'Màu sắc': ['Trắng']}","{'Kích thước': '61 x 118.5 x 41 cm', 'Trọng lượng sản phẩm': [{'displayValue': '16.5 kg', 'value': 16.5}]}","{'Chế độ bảo hành': ['Bảo hành tại nhà'], 'Diện tích làm mát': '30 - 40 m2', 'Công suất': ['200 W'], 'Điện áp': '220 V / 50 Hz', 'Lưu lượng gió': ['7000 m3/h'], 'Độ ồn lớn nhất': ['73.2 dB'], 'Tốc độ gió': '3 mức', 'Bình chứa nước': '60 lít'}","{'Tiện ích': ['Van xả cặn khoang chứa nước', 'Có hộp đá khô làm mát', 'Thang đo hiển thị mực nước', 'Bánh xe di chuyển']}",,
6,00798387,Quạt điều hoà Sunhouse SHD7723,Mua ngay,Sunhouse,Quạt,Quạt điều hòa,"['Công suất 95 W ', 'Diện tích làm mát 20-25m²', 'Bình chứa 33 lít ']",4590000,3590000,22,2024-10-31T23:59:00.000+07:00,"['Giảm 5% cho đơn từ 53,000đ', 'Giảm ngay 1 triệu khi mở thẻ tín dụng VPBank', 'Giảm đến 700.000đ khi thanh toán trả góp qua Kredivo', 'Giảm đến 1 triệu trả góp qua thẻ Visa']",https://fptshop.com.vn/quat-dieu-hoa/quat-dieu-hoa-sunhouse-shd7723?sku=00798387,https://cdn2.fptshop.com.vn/unsafe/2022_3_2_637818298406403611_quat-dieu-hoa-sunhouse-shd7723-trang-1.jpg,Trắng,"{'Model': 'SHD7723', 'Xuất xứ': ['Trung Quốc'], 'Thời điểm ra mắt': '2018', 'Thời gian bảo hành (tháng)': 12, 'Thời hạn bảo hành phụ kiện': ['Điều khiển: 0 tháng', 'Tấm làm mát và lưới lọc bụi: 0 tháng'], 'Hướng dẫn bảo quản': 'Để nơi khô ráo, nhẹ tay, dễ vỡ.', 'Hướng dẫn sử dụng': 'Xem trong sách hướng dẫn sử dụng', 'Màu sắc': ['Trắng']}","{'Kích thước': '420 x 348 x 928 mm', 'Trọng lượng sản phẩm': [{'displayValue': '12.3 kg', 'value': 12.3}], 'Chất liệu': ['Nhựa ABS']}","{'Chế độ bảo hành': ['Bảo hành tại nhà'], 'Diện tích làm mát': '20 - 25 m2', 'Công suất': ['95 W'], 'Điện áp': '220 V / 50 Hz', 'Lưu lượng gió': ['2000 m3/h'], 'Độ ồn lớn nhất': ['40 dB'], 'Tốc độ gió': '4 mức', 'Chế độ gió': ['Gió thường', 'Gió ngủ', 'Gió tự nhiên'], 'Bình chứa nước': '33 lít', 'Lượng nước tiêu thụ': '1.2 lít/giờ', 'Hộp đá khô làm mát kèm máy': 'Không có'}","{'Tính năng': ['Hẹn giờ tắt', 'Điền khiển từ xa', 'Đèn báo chức năng', 'Tạo ion không khí'], 'Tiện ích': ['Tự ngắt bơm khi cạn nước', 'Van xả cặn khoang chứa nước', 'Thang đo hiển thị mực nước']}","{'Phụ kiện trong hộp': ['Sách HDSD', 'Remote']}",{'Cảm biến': ['Cảm biến nhiệt độ phòng']}
7,00907118,Quạt điều hòa Nagakawa NFC555,Mua ngay,Nagakawa,Quạt,Quạt điều hòa,[],4990000,2590000,48,2024-10-31T23:59:00.000+07:00,"['Giảm 5% cho đơn từ 53,000đ', 'Giảm ngay 1 triệu khi mở thẻ tín dụng VPBank', 'Giảm đến 700.000đ khi thanh toán trả góp qua Kredivo', 'Giảm đến 1 triệu trả góp qua thẻ Visa']",https://fptshop.com.vn/quat-dieu-hoa/quat-dieu-hoa-nagakawa-nfc555?sku=00907118,https://cdn2.fptshop.com.vn/unsafe/2024_3_7_638454285316938255_quat-dieu-hoa-nagakawa-nfc555-2.jpg,Trắng,"{'Model': 'NFC555', 'Xuất xứ': ['Trung Quốc'], 'Thời điểm ra mắt': '2023', 'Thời gian bảo hành (tháng)': 12, 'Thời hạn bảo hành phụ kiện': ['Điều khiển: 0 tháng', 'Tấm làm mát và lưới lọc bụi: 0 tháng'], 'Màu sắc': ['Trắng']}","{'Kích thước': '47 x 34 x 97 cm', 'Trọng lượng sản phẩm': [{'displayValue': '9.6 kg', 'value': 9.6}], 'Chất liệu': ['Nhựa ABS']}","{'Chế độ bảo hành': ['Bảo hành tại nhà'], 'Diện tích làm mát': '35 - 45 m2', 'Công suất': ['90 W'], 'Điện áp': '220 V / 50 Hz', 'Lưu lượng gió': ['3000 m3/h'], 'Độ ồn lớn nhất': ['u003c 65 dB'], 'Tốc độ gió': '3 tốc độ', 'Bình chứa nước': '21 lít'}","{'Tính năng': ['Lấy gió đa chiều và làm mát tự nhiên', 'Thiết lập 3 tốc độ gió', '2 chế độ làm mát riêng biệt'], 'Tiện ích': ['Giải pháp làm mát tối ưu và tiết kiệm điện cho không gian mở', 'Gió mát tự nhiên, thân thiện với sức khỏe', 'Tấm lọc công nghệ cao – lọc sạch không khí, chống ẩm hiệu quả', 'Trang bị hệ thống chống giật, tránh gây rò điện, đảm bảo an toàn hơn cho người sử dụng', 'Dễ dàng di chuyển']}",,
8,00907527,Quạt điều hòa Hòa Phát HPCF1-021,Mua ngay,Hòa Phát,Quạt,Quạt điều hòa,[],4590000,1990000,57,2024-10-31T23:59:00.000+07:00,"['Giảm 5% cho đơn từ 53,000đ', 'Giảm ngay 1 triệu khi mở thẻ tín dụng VPBank', 'Giảm đến 700.000đ khi thanh toán trả góp qua Kredivo', 'Giảm đến 1 triệu trả góp qua thẻ Visa']",https://fptshop.com.vn/quat-dieu-hoa/quat-dieu-hoa-hoa-phat-hpcf1-021?sku=00907527,https://cdn2.fptshop.com.vn/unsafe/2024_4_12_638485102973566908_quat-dieu-hoa-hoa-phat-hpcf1-021-1.jpg,Nâu,"{'Model': 'HPCF1-021', 'Xuất xứ': ['Việt Nam'], 'Thời điểm ra mắt': '2022', 'Thời gian bảo hành (tháng)': 24, 'Thời hạn bảo hành phụ kiện': ['Điều khiển: 12 tháng', 'Tấm làm mát và lưới lọc bụi: 0 tháng'], 'Màu sắc': ['Nâu']}","{'Kích thước': '48.6 x 97.8 x 31.3 cm', 'Trọng lượng sản phẩm': [{'displayValue': '9.2 kg', 'value': 9.2}], 'Chất liệu': ['Nhựa PP']}","{'Chế độ bảo hành': ['Bảo hành tại nhà'], 'Diện tích làm mát': '25 - 30 m2', 'Công suất': ['86 W'], 'Điện áp': '220 V / 50 Hz', 'Lưu lượng gió': ['1800 m3/h'], 'Độ ồn lớn nhất': ['65 - 76 dB'], 'Tốc độ gió': '3 tốc độ', 'Bình chứa nước': '35 lít'}","{'Tiện ích': ['Động cơ bền bỉ, hiệu năng cao', 'Dễ dàng di chuyển', 'Tiết kiệm điện', 'Tính năng hiện đại: đảo gió tự động, bơm tự động chống cạn,...']}",,
9,00757122,Quạt điều hòa Kangaroo KG50F79N,Mua ngay,Kangaroo,Quạt,Quạt điều hòa,"['Công suất 160 W ', 'Diện tích làm mát 50m²', 'Bình chứa 60 lít ']",7990000,3290000,59,2024-10-31T23:59:00.000+07:00,"['Giảm 5% cho đơn từ 53,000đ', 'Giảm ngay 1 triệu khi mở thẻ tín dụng VPBank', 'Giảm đến 700.000đ khi thanh toán trả góp qua Kredivo', 'Giảm đến 1 triệu trả góp qua thẻ Visa']",https://fptshop.com.vn/quat-dieu-hoa/quat-dieu-hoa-kangaroo-kg50f79n?sku=00757122,https://cdn2.fptshop.com.vn/unsafe/2021_7_2_637608370373062680_quat-dieu-hoa-kangaroo-kg50f79n-1.jpg,Trắng,"{'Model': 'KG50F79N', 'Xuất xứ': ['Trung Quốc'], 'Thời điểm ra mắt': '2020', 'Thời gian bảo hành (tháng)': 12, 'Thời hạn bảo hành phụ kiện': ['Điều khiển: 0 tháng', 'Tấm làm mát và lưới lọc bụi: 0 tháng'], 'Màu sắc': ['Trắng']}","{'Kích thước': '570 x 392 x 1110 mm', 'Trọng lượng sản phẩm': [{'displayValue': '15.7 kg', 'value': 15.7}], 'Chất liệu': ['Vỏ máy: Nhựa cao cấp']}","{'Chế độ bảo hành': ['Bảo hành tại nhà'], 'Diện tích làm mát': '30 - 40 m2', 'Công suất': ['160 W'], 'Điện áp': '220 V', 'Lưu lượng gió': ['3700 m3/h'], 'Độ ồn lớn nhất': ['60 dB'], 'Tốc độ gió': '3 mức', 'Chế độ gió': ['Gió thường', 'Gió ngủ', 'Gió tự nhiên'], 'Bình chứa nước': '60 lít', 'Lượng nước tiêu thụ': '3 - 4 lít/giờ', 'Hộp đá khô làm mát kèm máy': '2 hộp'}","{'Tính năng': ['Đèn báo chức năng'], 'Tiện ích': ['Thang đo hiển thị mực nước', 'Hẹn giờ tắt', 'Màn hình LED hiển thị', 'Bánh xe di chuyển', 'Tự ngắt bơm khi cạn nước', 'Điều khiển từ xa bằng remote']}","{'Phụ kiện trong hộp': ['Remote', 'Hộp đá khô']}",{'Cảm biến': ['Cảm biến nhiệt độ phòng']}
10,00907055,Quạt điều hòa không cánh Magic Eco AC-301,Mua ngay,Magic Eco,Quạt,Quạt điều hòa,[],2990000,1690000,43,2024-10-31T23:59:00.000+07:00,"['Giảm 5% cho đơn từ 53,000đ', 'Giảm ngay 1 triệu khi mở thẻ tín dụng VPBank', 'Giảm đến 700.000đ khi thanh toán trả góp qua Kredivo', 'Giảm đến 1 triệu trả góp qua thẻ Visa']",https://fptshop.com.vn/quat-dieu-hoa/quat-khong-canh-magic-eco-ac-301?sku=00907055,https://cdn2.fptshop.com.vn/unsafe/2024_3_13_638459240538615504_quat-khong-canh-magic-eco-ac-301-1.jpg,Trắng,"{'Model': 'AC-301', 'Xuất xứ': ['Trung Quốc'], 'Thời điểm ra mắt': '2022', 'Thời gian bảo hành (tháng)': 24, 'Thời hạn bảo hành phụ kiện': ['Điều khiển: 12 tháng', 'Tấm làm mát và lưới lọc bụi: 0 tháng'], 'Màu sắc': ['Trắng']}","{'Kích thước': '35 x 25 x 85 cm', 'Trọng lượng sản phẩm': [{'displayValue': '4.5 kg', 'value': 4.5}]}","{'Chế độ bảo hành': ['Bảo hành tại hãng'], 'Công suất': ['Tổng: 95 W'], 'Lưu lượng gió': ['Trung bình: 360 m3/h'], 'Độ ồn lớn nhất': ['Đang cập nhật'], 'Tốc độ gió': '3 mức', 'Chế độ gió': ['Tự động: 3 chế độ'], 'Bình chứa nước': 'Đang cập nhật'}","{'Tính năng': ['Tạo ion không khí', 'Chế độ hẹn giờ thông minh', 'Hệ thống lưới lọc bụi'], 'Tiện ích': ['Bánh xe di chuyển', 'Điều khiển từ xa bằng remote']}",,
11,00907121,Quạt điều hòa Hòa Phát HPCF1-033I,Mua ngay,Hòa Phát,Quạt,Quạt điều hòa,[],6890000,3290000,52,2024-10-31T23:59:00.000+07:00,"['Giảm 5% cho đơn từ 53,000đ', 'Giảm ngay 1 triệu khi mở thẻ tín dụng VPBank', 'Giảm đến 700.000đ khi thanh toán trả góp qua Kredivo', 'Giảm đến 1 triệu trả góp qua thẻ Visa']",https://fptshop.com.vn/quat-dieu-hoa/quat-dieu-hoa-hoa-phat-hpcf1-033i?sku=00907121,https://cdn2.fptshop.com.vn/unsafe/2024_3_12_638458564038932485_quat-dieu-hoa-hoa-phat-hpcf1-033i-5.jpg,Đen,"{'Model': 'HPCF1-033I', 'Xuất xứ': ['Việt Nam'], 'Thời điểm ra mắt': '2022', 'Thời gian bảo hành (tháng)': 24, 'Thời hạn bảo hành phụ kiện': ['Điều khiển: 12 tháng', 'Tấm làm mát và lưới lọc bụi: 0 tháng'], 'Màu sắc': ['Đen']}","{'Kích thước': '49.2 x 104.4 x 36 cm', 'Trọng lượng sản phẩm': [{'displayValue': '11.6 kg', 'value': 11.6}], 'Chất liệu': ['Nhựa PP']}","{'Chế độ bảo hành': ['Bảo hành tại nhà'], 'Diện tích làm mát': '30 - 40 m2', 'Công suất': ['100 W'], 'Điện áp': '220 V / 50 Hz', 'Lưu lượng gió': ['2300 m3/h'], 'Độ ồn lớn nhất': ['Đang cập nhật'], 'Tốc độ gió': '3 tốc độ', 'Bình chứa nước': '40 lít', 'Hộp đá khô làm mát kèm máy': 'Có'}","{'Tính năng': ['Tạo Ion âm làm sạch không khí', '3 chế độ gió: Gió thường, Gió tự nhiên, Gió ngủ', 'Màn hình điện tử/ Hiển thị LED'], 'Tiện ích': ['Giải pháp làm mát cho không gian mở', 'Động cơ bền bỉ, hiệu năng cao', 'Có bánh xe di chuyển', 'Tiết kiệm điện']}",,
12,00906743,Quạt điều hòa Sunhouse SHD7744,Mua ngay,Sunhouse,Quạt,Quạt điều hòa,[],3490000,2190000,37,2024-10-31T23:59:00.000+07:00,"['Giảm 5% cho đơn từ 53,000đ', 'Giảm ngay 1 triệu khi mở thẻ tín dụng VPBank', 'Giảm đến 700.000đ khi thanh toán trả góp qua Kredivo', 'Giảm đến 1 triệu trả góp qua thẻ Visa']",https://fptshop.com.vn/quat-dieu-hoa/quat-dieu-hoa-sunhouse-shd7744?sku=00906743,https://cdn2.fptshop.com.vn/unsafe/2024_2_26_638445627527880718_quat-dieu-hoa-sunhouse-shd7744-2.jpg,Ghi sữa,"{'Model': 'SHD7744', 'Xuất xứ': ['Việt Nam'], 'Thời điểm ra mắt': '2023', 'Thời gian bảo hành (tháng)': 12, 'Thời hạn bảo hành phụ kiện': ['Điều khiển: 0 tháng', 'Tấm làm mát và lưới lọc bụi: 0 tháng'], 'Màu sắc': ['Ghi sữa']}","{'Kích thước': '52.5 x 36 x 93 cm', 'Trọng lượng sản phẩm': [{'displayValue': '11 kg', 'value': 11}], 'Chất liệu': ['Nhựa PP']}","{'Chế độ bảo hành': ['Bảo hành tại nhà'], 'Diện tích làm mát': '40 m2', 'Công suất': ['125 W'], 'Điện áp': '220 V / 50 Hz', 'Lưu lượng gió': ['3700 m3/h'], 'Độ ồn lớn nhất': ['Dưới 54 dB'], 'Tốc độ gió': '3 tốc độ', 'Chế độ gió': ['3 chế độ'], 'Bình chứa nước': '40 lít', 'Hộp đá khô làm mát kèm máy': 'Có'}","{'Tiện ích': ['Thiết kế trang nhã, bền đẹp', 'Điều khiển dễ dàng, linh hoạt sử dụng', 'Bình chứa nước lớn']}",,
13,00798315,Quạt điều hoà Sunhouse SHD7719,Mua ngay,Sunhouse,Quạt,Quạt điều hòa,"['Diện tích làm mát: 15-20m²', 'Công suất 95 W ', 'Bình chứa 15 lít ']",4590000,3490000,24,2024-10-31T23:59:00.000+07:00,"['Giảm 5% cho đơn từ 53,000đ', 'Giảm ngay 1 triệu khi mở thẻ tín dụng VPBank', 'Giảm đến 700.000đ khi thanh toán trả góp qua Kredivo', 'Giảm đến 1 triệu trả góp qua thẻ Visa']",https://fptshop.com.vn/quat-dieu-hoa/quat-dieu-hoa-sunhouse-shd7719?sku=00798315,https://cdn2.fptshop.com.vn/unsafe/2022_4_1_637844229910980944_quat-dieu-hoa-sunhouse-shd7719-den-1.jpg,Đen,"{'Model': 'SHD7719', 'Xuất xứ': ['Trung Quốc'], 'Thời điểm ra mắt': '2018', 'Thời gian bảo hành (tháng)': 12, 'Thời hạn bảo hành phụ kiện': ['Điều khiển: 0 tháng', 'Tấm làm mát và lưới lọc bụi: 0 tháng'], 'Hướng dẫn bảo quản': 'Để nơi khô ráo, nhẹ tay, dễ vỡ.', 'Hướng dẫn sử dụng': 'Xem trong sách hướng dẫn sử dụng', 'Màu sắc': ['Đen']}","{'Kích thước': '235 x 258 x 928 mm', 'Trọng lượng sản phẩm': [{'displayValue': '9.5 kg', 'value': 9.5}], 'Chất liệu': ['Nhựa ABS']}","{'Chế độ bảo hành': ['Bảo hành tại nhà'], 'Diện tích làm mát': '15 - 20 m2', 'Công suất': ['95 W'], 'Điện áp': '220 V / 50 Hz', 'Lưu lượng gió': ['2000 m3/h'], 'Độ ồn lớn nhất': ['40 dB'], 'Tốc độ gió': '4 mức', 'Chế độ gió': ['Gió ngủ', 'Gió tự nhiên', 'Gió thường'], 'Bình chứa nước': '15 lít', 'Lượng nước tiêu thụ': '1.8 lít/giờ', 'Hộp đá khô làm mát kèm máy': 'Không có'}","{'Tính năng': ['Điền khiển từ xa', 'Tạo ion không khí', 'Hẹn giờ tắt'], 'Tiện ích': ['Van xả cặn khoang chứa nước', 'Tự ngắt bơm khi cạn nước']}","{'Phụ kiện trong hộp': ['Remote', 'Sách HDSD']}",{'Cảm biến': ['Cảm biến nhiệt độ phòng']}
14,00880665,Quạt điều hòa Kangaroo KG50F68,Mua ngay,Kangaroo,Quạt,Quạt điều hòa,[],8490000,3890000,54,2024-10-31T23:59:00.000+07:00,"['Giảm 5% cho đơn từ 53,000đ', 'Giảm ngay 1 triệu khi mở thẻ tín dụng VPBank', 'Giảm đến 700.000đ khi thanh toán trả góp qua Kredivo', 'Giảm đến 1 triệu trả góp qua thẻ Visa']",https://fptshop.com.vn/quat-dieu-hoa/quat-dieu-hoa-kangaroo-kg50f68?sku=00880665,https://cdn2.fptshop.com.vn/unsafe/2023_6_2_638213161974987117_quat-dieu-hoa-kangaroo-kg50f68-1.jpg,Trắng,"{'Model': 'KG50F68', 'Xuất xứ': ['Trung Quốc'], 'Thời điểm ra mắt': '2021', 'Thời gian bảo hành (tháng)': 12, 'Thời hạn bảo hành phụ kiện': ['Điều khiển: 0 tháng', 'Tấm làm mát và lưới lọc bụi: 0 tháng'], 'Hướng dẫn bảo quản': 'Để nơi khô ráo, nhẹ tay, dễ vỡ.', 'Hướng dẫn sử dụng': 'Xem trong sách hướng dẫn sử dụng', 'Màu sắc': ['Trắng']}","{'Trọng lượng sản phẩm': [{'displayValue': '12.7 kg', 'value': 12.7}]}","{'Diện tích làm mát': '20 - 25 m2', 'Công suất': ['200 W'], 'Lưu lượng gió': ['5000 m3/h'], 'Độ ồn lớn nhất': ['50 - 65 dB', 'Đang cập nhật'], 'Tốc độ gió': 'Đang cập nhật', 'Chế độ gió': ['4 chế độ'], 'Bình chứa nước': 'Đang cập nhật'}","{'Tính năng': ['Quạt mát'], 'Tiện ích': ['Bánh xe di chuyển']}","{'Phụ kiện trong hộp': ['Điều khiển', 'Hộp đá khô']}",
15,00880899,Quạt điều hòa Kangaroo KG50F16E,Mua ngay,Kangaroo,Quạt,Quạt điều hòa,[],3990000,2390000,40,2024-10-31T23:59:00.000+07:00,"['Giảm 5% cho đơn từ 53,000đ', 'Giảm ngay 1 triệu khi mở thẻ tín dụng VPBank', 'Giảm đến 700.000đ khi thanh toán trả góp qua Kredivo', 'Giảm đến 1 triệu trả góp qua thẻ Visa']",https://fptshop.com.vn/quat-dieu-hoa/quat-dieu-hoa-kangaroo-kg50f16e?sku=00880899,https://cdn2.fptshop.com.vn/unsafe/2023_6_2_638213153588437952_quat-dieu-hoa-kangaroo-kg50f16e-1.jpg,Trắng,"{'Model': 'KG50F16E', 'Xuất xứ': ['Trung Quốc'], 'Thời điểm ra mắt': '07/2021', 'Thời gian bảo hành (tháng)': 12, 'Thời hạn bảo hành phụ kiện': ['Điều khiển: 0 tháng', 'Tấm làm mát và lưới lọc bụi: 0 tháng'], 'Hướng dẫn bảo quản': 'Để nơi khô ráo, nhẹ tay, dễ vỡ.', 'Hướng dẫn sử dụng': 'Xem trong sách hướng dẫn sử dụng', 'Màu sắc': ['Trắng']}","{'Trọng lượng sản phẩm': [{'displayValue': '11.8 kg', 'value': 11.8}]}","{'Chế độ bảo hành': ['Bảo hành tại nhà'], 'Diện tích làm mát': '20 - 25 m2', 'Công suất': ['110 W'], 'Lưu lượng gió': ['3372 m3/h'], 'Độ ồn lớn nhất': ['30 - 60 dB'], 'Tốc độ gió': '3 tốc độ', 'Chế độ gió': ['3 chế độ'], 'Bình chứa nước': '12 lít'}","{'Tính năng': ['Quạt mát'], 'Tiện ích': ['Bánh xe di chuyển']}",{'Phụ kiện trong hộp': ['Điều khiển']},
16,00764743,Quạt điều hòa Sunhouse SHD7713,Mua ngay,Sunhouse,Quạt,Quạt điều hòa,"['Công suất 85 W ', 'Diện tích làm mát:  25-30m²', 'Bình chứa 12 lít ']",3890000,1990000,49,2024-10-31T23:59:00.000+07:00,"['Giảm 5% cho đơn từ 53,000đ', 'Giảm ngay 1 triệu khi mở thẻ tín dụng VPBank', 'Giảm đến 700.000đ khi thanh toán trả góp qua Kredivo', 'Giảm đến 1 triệu trả góp qua thẻ Visa']",https://fptshop.com.vn/quat-dieu-hoa/quat-dieu-hoa-sunhouse-shd7713?sku=00764743,https://cdn2.fptshop.com.vn/unsafe/2021_7_9_637614398969024000_quat-dieu-hoa-sunhouse-shd7713-trang-3.jpg,Trắng,"{'Model': 'SHD7713', 'Xuất xứ': ['Trung Quốc'], 'Thời điểm ra mắt': '2019', 'Thời gian bảo hành (tháng)': 12, 'Thời hạn bảo hành phụ kiện': ['Điều khiển: 0 tháng', 'Tấm làm mát và lưới lọc bụi: 0 tháng'], 'Màu sắc': ['Trắng']}","{'Kích thước': '315 x 348 x 1110 mm', 'Trọng lượng sản phẩm': [{'displayValue': '6.4 kg', 'value': 6.4}], 'Chất liệu': ['Vỏ máy: Nhựa ABS']}","{'Chế độ bảo hành': ['Bảo hành tại nhà'], 'Diện tích làm mát': '25 - 30 m2', 'Công suất': ['85 W'], 'Điện áp': '220 V / 50 Hz', 'Lưu lượng gió': ['1350 m3/h'], 'Độ ồn lớn nhất': ['40 dB'], 'Tốc độ gió': '4 mức', 'Chế độ gió': ['Gió tự nhiên', 'Gió thường', 'Gió ngủ'], 'Bình chứa nước': '12 lít', 'Lượng nước tiêu thụ': '1.2 lít/giờ', 'Hộp đá khô làm mát kèm máy': 'Không có'}","{'Tiện ích': ['Màn hình hiển thị', 'Điều khiển từ xa bằng remote', 'Tạo ion không khí', 'Tự ngắt bơm khi cạn nước', 'Bánh xe di chuyển']}",{'Phụ kiện trong hộp': ['Remote']},
17,00756031,Quạt điều hòa Kangaroo KG50F78N,Mua ngay,Kangaroo,Quạt,Quạt điều hòa,"['Công suất 130 W ', 'Diện tích làm mát 20-25m²', 'Bình chứa 10 lít ']",8390000,3490000,58,2024-10-31T23:59:00.000+07:00,"['Giảm 5% cho đơn từ 53,000đ', 'Giảm ngay 1 triệu khi mở thẻ tín dụng VPBank', 'Giảm đến 700.000đ khi thanh toán trả góp qua Kredivo', 'Giảm đến 1 triệu trả góp qua thẻ Visa']",https://fptshop.com.vn/quat-dieu-hoa/quat-dieu-hoa-kangaroo-kg50f78n?sku=00756031,https://cdn2.fptshop.com.vn/unsafe/2021_6_2_637582303922265553_quat-dieu-hoa-kangaroo-kg50f78n-a2.jpg,Trắng,"{'Model': 'KG50F78N', 'Xuất xứ': ['Trung Quốc'], 'Thời điểm ra mắt': '2018', 'Thời gian bảo hành (tháng)': 12, 'Thời hạn bảo hành phụ kiện': ['Điều khiển: 0 tháng', 'Tấm làm mát và lưới lọc bụi: 0 tháng'], 'Màu sắc': ['Trắng']}","{'Kích thước': '363 x 329 x 928 mm', 'Trọng lượng sản phẩm': [{'displayValue': '10.8 kg', 'value': 10.8}], 'Chất liệu': ['Vỏ máy: Nhựa cao cấp']}","{'Chế độ bảo hành': ['Bảo hành tại nhà'], 'Diện tích làm mát': '20 - 25 m2', 'Công suất': ['130 W'], 'Điện áp': '220 V', 'Lưu lượng gió': ['5000 m3/h'], 'Độ ồn lớn nhất': ['60 dB'], 'Tốc độ gió': '4 mức', 'Chế độ gió': ['Gió tự nhiên', 'Gió thường', 'Gió ngủ'], 'Bình chứa nước': '10 lít', 'Hộp đá khô làm mát kèm máy': 'Không có'}","{'Tính năng': ['Đèn báo chức năng'], 'Tiện ích': ['Điều khiển từ xa bằng remote', 'Bánh xe di chuyển', 'Thang đo hiển thị mực nước', 'Van xả cặn khoang chứa nước', 'Tạo ion không khí', 'Hẹn giờ tắt', 'Tự ngắt bơm khi cạn nước', 'Màn hình LED hiển thị']}",{'Phụ kiện trong hộp': ['Remote']},{'Cảm biến': ['Cảm biến nhiệt độ phòng']}
18,00880900,Quạt điều hòa Kangaroo KG50F16,Mua ngay,Kangaroo,Quạt,Quạt điều hòa,[],3990000,2490000,38,2024-10-31T23:59:00.000+07:00,"['Giảm 5% cho đơn từ 53,000đ', 'Giảm ngay 1 triệu khi mở thẻ tín dụng VPBank', 'Giảm đến 700.000đ khi thanh toán trả góp qua Kredivo', 'Giảm đến 1 triệu trả góp qua thẻ Visa']",https://fptshop.com.vn/quat-dieu-hoa/quat-dieu-hoa-kangaroo-kg50f16?sku=00880900,https://cdn2.fptshop.com.vn/unsafe/2023_6_2_638213166237531453_quat-dieu-hoa-kangaroo-kg50f16-5.jpg,Trắng,"{'Model': 'KG50F16', 'Xuất xứ': ['Trung Quốc'], 'Thời điểm ra mắt': '2017', 'Thời gian bảo hành (tháng)': 12, 'Thời hạn bảo hành phụ kiện': ['Điều khiển: 0 tháng', 'Tấm làm mát và lưới lọc bụi: 0 tháng'], 'Hướng dẫn bảo quản': 'Để nơi khô ráo, nhẹ tay, dễ vỡ.', 'Hướng dẫn sử dụng': 'Xem trong sách hướng dẫn sử dụng', 'Màu sắc': ['Trắng']}","{'Trọng lượng sản phẩm': [{'displayValue': '12 kg', 'value': 12}]}","{'Chế độ bảo hành': ['Bảo hành tại nhà'], 'Diện tích làm mát': '20 - 25 m2', 'Công suất': ['110 W'], 'Lưu lượng gió': ['2000 m3/h'], 'Độ ồn lớn nhất': ['34.1 - 65 dB'], 'Tốc độ gió': '3 mức', 'Chế độ gió': ['Gió tự nhiên'], 'Bình chứa nước': '12 lít'}","{'Tính năng': ['Quạt mát'], 'Tiện ích': ['Bánh xe di chuyển']}",,
19,00906740,Quạt điều hòa Sunhouse SHD7747,Mua ngay,Sunhouse,Quạt,Quạt điều hòa,[],5990000,3790000,37,2024-10-31T23:59:00.000+07:00,"['Giảm 5% cho đơn từ 53,000đ', 'Giảm ngay 1 triệu khi mở thẻ tín dụng VPBank', 'Giảm đến 700.000đ khi thanh toán trả góp qua Kredivo', 'Giảm đến 1 triệu trả góp qua thẻ Visa']",https://fptshop.com.vn/quat-dieu-hoa/quat-dieu-hoa-sunhouse-shd7747?sku=00906740,https://cdn2.fptshop.com.vn/unsafe/2024_2_26_638445638161006543_quat-dieu-hoa-sunhouse-shd7747-1.jpg,Ghi sữa,"{'Model': 'SHD7747', 'Xuất xứ': ['Việt Nam'], 'Thời điểm ra mắt': '2022', 'Thời gian bảo hành (tháng)': 12, 'Thời hạn bảo hành phụ kiện': ['Điều khiển: 0 tháng', 'Tấm làm mát và lưới lọc bụi: 0 tháng'], 'Màu sắc': ['Ghi sữa']}","{'Kích thước': '60 x 40 x 102 cm', 'Trọng lượng sản phẩm': [{'displayValue': '17 kg', 'value': 17}], 'Chất liệu': ['Nhựa ABS']}","{'Chế độ bảo hành': ['Bảo hành tại nhà'], 'Diện tích làm mát': 'Lên đến 40 m2', 'Công suất': ['170 W'], 'Điện áp': '220 V / 50 Hz', 'Lưu lượng gió': ['4.500 m3/h'], 'Độ ồn lớn nhất': ['Dưới 60 dB'], 'Tốc độ gió': '3 tốc độ', 'Chế độ gió': ['3 chế độ'], 'Bình chứa nước': '45 lít', 'Hộp đá khô làm mát kèm máy': 'Có'}","{'Tiện ích': ['Có bánh xe di chuyển', 'Hẹn giờ tắt', 'Tự ngắt bơm khi cạn nước', 'Tự động đảo chiều liên tục', 'Bình chứa nước lớn', 'Điều khiển dễ dàng, linh hoạt sử dụng']}",,
20,00864478,Quạt điều hoà Kangaroo KG50F69,Mua ngay,Kangaroo,Quạt,Quạt điều hòa,"['Công suất 200 W ', 'Diện tích làm mát 35-60m²', 'Bình chứa 60 lít ']",6990000,4490000,36,2024-10-31T23:59:00.000+07:00,"['Giảm 5% cho đơn từ 53,000đ', 'Giảm ngay 1 triệu khi mở thẻ tín dụng VPBank', 'Giảm đến 700.000đ khi thanh toán trả góp qua Kredivo', 'Giảm đến 1 triệu trả góp qua thẻ Visa']",https://fptshop.com.vn/quat-dieu-hoa/quat-dieu-hoa-kangaroo-kg50f69?sku=00864478,https://cdn2.fptshop.com.vn/unsafe/2023_4_5_638163044779433212_quat-dieu-hoa-kangaroo-kg50f69-5.jpg,Trắng,"{'Model': 'KG50F69', 'Xuất xứ': ['Trung Quốc'], 'Thời điểm ra mắt': '2019', 'Thời gian bảo hành (tháng)': 12, 'Thời hạn bảo hành phụ kiện': ['Điều khiển: 0 tháng', 'Tấm làm mát và lưới lọc bụi: 0 tháng'], 'Hướng dẫn bảo quản': 'Để nơi khô ráo, nhẹ tay, dễ vỡ.', 'Hướng dẫn sử dụng': 'Xem trong sách hướng dẫn sử dụng', 'Màu sắc': ['Trắng']}","{'Trọng lượng sản phẩm': [{'displayValue': '24.4 kg', 'value': 24.4}]}","{'Chế độ bảo hành': ['Bảo hành tại nhà'], 'Diện tích làm mát': '35 - 60 m2', 'Công suất': ['200 W'], 'Lưu lượng gió': ['10000 m3/h'], 'Độ ồn lớn nhất': ['Dưới 78 dB'], 'Tốc độ gió': '3 mức', 'Chế độ gió': ['Gió tự nhiên', 'Gió thường', 'Gió ngủ'], 'Bình chứa nước': '60 lít'}","{'Tính năng': ['Chống ồn'], 'Tiện ích': ['Bảng điều khiển có đèn', 'Bánh xe di chuyển']}","{'Phụ kiện trong hộp': ['Hộp đá khô', 'Điều khiển']}",
21,00880897,Quạt điều hòa Kangaroo KG50F30,Mua ngay,Kangaroo,Quạt,Quạt điều hòa,[],5490000,1790000,67,2024-10-31T23:59:00.000+07:00,"['Giảm 5% cho đơn từ 53,000đ', 'Giảm ngay 1 triệu khi mở thẻ tín dụng VPBank', 'Giảm đến 700.000đ khi thanh toán trả góp qua Kredivo', 'Giảm đến 1 triệu trả góp qua thẻ Visa']",https://fptshop.com.vn/quat-dieu-hoa/quat-dieu-hoa-kangaroo-kg50f30?sku=00880897,https://cdn2.fptshop.com.vn/unsafe/2023_6_2_638213140450001025_quat-dieu-hoa-kangaroo-kg50f30-3.jpg,Xám,"{'Model': 'KG50F30', 'Xuất xứ': ['Trung Quốc'], 'Thời điểm ra mắt': '2017', 'Thời gian bảo hành (tháng)': 12, 'Thời hạn bảo hành phụ kiện': ['Điều khiển: 0 tháng', 'Tấm làm mát và lưới lọc bụi: 0 tháng'], 'Hướng dẫn bảo quản': 'Để nơi khô ráo, nhẹ tay, dễ vỡ.', 'Hướng dẫn sử dụng': 'Xem trong sách hướng dẫn sử dụng', 'Màu sắc': ['Xám']}","{'Kích thước': '695 x 438 x 1050 mm', 'Trọng lượng sản phẩm': [{'displayValue': '19 kg', 'value': 19}]}","{'Chế độ bảo hành': ['Bảo hành tại nhà'], 'Diện tích làm mát': '25 - 35 m2', 'Công suất': ['200 W'], 'Lưu lượng gió': ['2000 m3/h'], 'Độ ồn lớn nhất': ['65 dB'], 'Tốc độ gió': '3 mức', 'Chế độ gió': ['3 chế độ'], 'Bình chứa nước': '42 lít'}","{'Tính năng': ['Quạt mát'], 'Tiện ích': ['Bánh xe di chuyển']}",{'Phụ kiện trong hộp': ['Hộp']},
22,00765644,Quạt điều hoà Kangaroo KG50F20,Mua ngay,Kangaroo,Quạt,Quạt điều hòa,"['Công suất 110 W ', 'Diện tích làm mát 20-25m²', 'Bình chứa 20 lít ']",6990000,1990000,72,2024-10-31T23:59:00.000+07:00,"['Giảm 5% cho đơn từ 53,000đ', 'Giảm ngay 1 triệu khi mở thẻ tín dụng VPBank', 'Giảm đến 700.000đ khi thanh toán trả góp qua Kredivo', 'Giảm đến 1 triệu trả góp qua thẻ Visa']",https://fptshop.com.vn/quat-dieu-hoa/quat-dieu-hoa-kangaroo-kg50f20?sku=00765644,/,Trắng,"{'Model': 'KG50F20', 'Xuất xứ': ['Trung Quốc'], 'Thời điểm ra mắt': '2019', 'Thời gian bảo hành (tháng)': 12, 'Thời hạn bảo hành phụ kiện': ['Điều khiển: 0 tháng', 'Tấm làm mát và lưới lọc bụi: 0 tháng'], 'Màu sắc': ['Trắng']}","{'Kích thước': '420 x 345 x 1000 mm', 'Trọng lượng sản phẩm': [{'displayValue': '8.0 kg', 'value': 8}], 'Chất liệu': ['Vỏ máy: Nhựa cao cấp']}","{'Chế độ bảo hành': ['Bảo hành tại nhà'], 'Diện tích làm mát': '20 - 25 m2', 'Công suất': ['110 W'], 'Điện áp': '220 V', 'Lưu lượng gió': ['1000 m3/h'], 'Độ ồn lớn nhất': ['50 dB'], 'Tốc độ gió': '3 mức', 'Chế độ gió': ['Gió tự nhiên', 'Gió thường', 'Gió ngủ'], 'Bình chứa nước': '20 lít', 'Hộp đá khô làm mát kèm máy': 'Không có'}","{'Tính năng': ['Đèn báo chức năng'], 'Tiện ích': ['Tự ngắt bơm khi cạn nước', 'Van xả cặn khoang chứa nước', 'Tạo ion không khí', 'Hẹn giờ tắt', 'Màn hình hiển thị', 'Điều khiển từ xa bằng remote', 'Bánh xe di chuyển']}",{'Phụ kiện trong hộp': ['Remote']},{'Cảm biến': ['Cảm biến nhiệt độ phòng']}
23,00756029,Quạt điều hòa Karofi KAC-18R,Mua ngay,Karofi,Quạt,Quạt điều hòa,"['Công suất 110 W ', 'Diện tích làm mát 20-25m²', 'Bình chứa 6 lít ']",4490000,3490000,22,2024-10-31T23:59:00.000+07:00,"['Giảm 5% cho đơn từ 53,000đ', 'Giảm ngay 1 triệu khi mở thẻ tín dụng VPBank', 'Giảm đến 700.000đ khi thanh toán trả góp qua Kredivo', 'Giảm đến 1 triệu trả góp qua thẻ Visa']",https://fptshop.com.vn/quat-dieu-hoa/quat-dieu-hoa-karofi-kac-18r?sku=00756029,https://cdn2.fptshop.com.vn/unsafe/2021_6_2_637582294565857205_quat-dieu-hoa-karofi-kac-18r-a1.jpg,Trắng,"{'Model': 'KAC-18R', 'Xuất xứ': ['Trung Quốc'], 'Thời điểm ra mắt': '2021', 'Thời gian bảo hành (tháng)': 24, 'Thời hạn bảo hành phụ kiện': ['Điều khiển: 12 tháng', 'Tấm làm mát và lưới lọc bụi: 0 tháng'], 'Màu sắc': ['Trắng']}","{'Kích thước': '356 x 279 x 825 mm', 'Trọng lượng sản phẩm': [{'displayValue': '7.1 kg', 'value': 7.1}], 'Chất liệu': ['Vỏ máy: Nhựa ABS']}","{'Chế độ bảo hành': ['Bảo hành tại nhà'], 'Diện tích làm mát': '25 - 30 m2', 'Công suất': ['110 W'], 'Điện áp': '220 V / 50 Hz', 'Lưu lượng gió': ['800 m3/h'], 'Độ ồn lớn nhất': ['60 dB'], 'Tốc độ gió': '3 mức', 'Chế độ gió': ['Gió thường', 'Gió ngủ', 'Gió tự nhiên'], 'Bình chứa nước': '6 lít', 'Hộp đá khô làm mát kèm máy': '2 hộp'}","{'Tính năng': ['Đèn báo chức năng'], 'Tiện ích': ['Hẹn giờ tắt', 'Màn hình hiển thị', 'Tạo ion không khí', 'Tự ngắt bơm khi cạn nước', 'Thang đo hiển thị mực nước', 'Điều khiển từ xa bằng remote', 'Bánh xe di chuyển']}","{'Phụ kiện trong hộp': ['Hộp đá khô', 'Remote']}",
24,00756028,Quạt điều hòa Karofi KAC-E41,Mua ngay,Karofi,Quạt,Quạt điều hòa,"['Công suất 70 W ', 'Diện tích làm mát 20-25m²', 'Bình chứa 15.5 lít ']",3490000,2790000,20,2024-10-31T23:59:00.000+07:00,"['Giảm 5% cho đơn từ 53,000đ', 'Giảm ngay 1 triệu khi mở thẻ tín dụng VPBank', 'Giảm đến 700.000đ khi thanh toán trả góp qua Kredivo', 'Giảm đến 1 triệu trả góp qua thẻ Visa']",https://fptshop.com.vn/quat-dieu-hoa/quat-dieu-hoa-karofii-kac-e41?sku=00756028,https://cdn2.fptshop.com.vn/unsafe/2021_6_2_637582289772782194_quat-dieu-hoa-karofii-kac-e41-a1.jpg,Trắng,"{'Model': 'KAC-E41', 'Xuất xứ': ['Việt Nam'], 'Thời điểm ra mắt': '2021', 'Thời gian bảo hành (tháng)': 24, 'Thời hạn bảo hành phụ kiện': ['Điều khiển: 12 tháng', 'Tấm làm mát và lưới lọc bụi: 0 tháng'], 'Màu sắc': ['Trắng']}","{'Kích thước': '340 x 320 x 755 mm', 'Trọng lượng sản phẩm': [{'displayValue': '8.0 kg', 'value': 8}], 'Chất liệu': ['Vỏ máy: Nhựa ABS']}","{'Chế độ bảo hành': ['Bảo hành tại nhà'], 'Diện tích làm mát': '20 - 25 m2', 'Công suất': ['70 W'], 'Điện áp': '220 V / 50 Hz', 'Lưu lượng gió': ['580 m3/h'], 'Độ ồn lớn nhất': ['60 dB'], 'Tốc độ gió': '3 mức', 'Chế độ gió': ['Gió tự nhiên', 'Gió thường', 'Gió ngủ'], 'Bình chứa nước': '15.5 lít', 'Hộp đá khô làm mát kèm máy': '2 hộp'}","{'Tính năng': ['Đèn báo chức năng'], 'Tiện ích': ['Màn hình hiển thị', 'Tạo ion không khí', 'Van xả cặn khoang chứa nước', 'Thang đo hiển thị mực nước', 'Bánh xe di chuyển', 'Tự ngắt bơm khi cạn nước']}",{'Phụ kiện trong hộp': ['Hộp đá khô']},
25,00880898,Quạt điều hòa Kangaroo KG50F12,Mua ngay,Kangaroo,Quạt,Quạt điều hòa,[],3890000,1490000,62,2024-10-31T23:59:00.000+07:00,"['Giảm 5% cho đơn từ 53,000đ', 'Giảm ngay 1 triệu khi mở thẻ tín dụng VPBank', 'Giảm đến 700.000đ khi thanh toán trả góp qua Kredivo', 'Giảm đến 1 triệu trả góp qua thẻ Visa']",https://fptshop.com.vn/quat-dieu-hoa/quat-dieu-hoa-kangaroo-kg50f12?sku=00880898,https://cdn2.fptshop.com.vn/unsafe/2023_6_2_638213147037291240_quat-dieu-hoa-kangaroo-kg50f12-2.jpg,Trắng,"{'Model': 'KG50F12', 'Xuất xứ': ['Trung Quốc'], 'Thời điểm ra mắt': '2017', 'Thời gian bảo hành (tháng)': 12, 'Thời hạn bảo hành phụ kiện': ['Điều khiển: 0 tháng', 'Tấm làm mát và lưới lọc bụi: 0 tháng'], 'Hướng dẫn bảo quản': 'Để nơi khô ráo, nhẹ tay, dễ vỡ.', 'Hướng dẫn sử dụng': 'Xem trong sách hướng dẫn sử dụng', 'Màu sắc': ['Trắng']}","{'Trọng lượng sản phẩm': [{'displayValue': '8.9 kg', 'value': 8.9}]}","{'Chế độ bảo hành': ['Bảo hành tại nhà'], 'Diện tích làm mát': '10 - 15 m2', 'Công suất': ['55 W'], 'Lưu lượng gió': ['400 m3/h'], 'Độ ồn lớn nhất': ['30 - 60 dB'], 'Tốc độ gió': '3 mức', 'Chế độ gió': ['3 chế độ'], 'Bình chứa nước': '7 lít'}","{'Tính năng': ['Quạt mát'], 'Tiện ích': ['Bánh xe di chuyển']}","{'Phụ kiện trong hộp': ['Hộp đá khô', 'Điều khiển']}",
26,00758756,Quạt điều hòa hai chiều Karofi KAC-020HR,Mua ngay,Karofi,Quạt,Quạt điều hòa,"['Công suất 160 W ', 'Diện tích làm mát 30-40m²', 'Bình chứa 16.5 lít ']",5790000,4990000,14,2024-10-31T23:59:00.000+07:00,"['Giảm 5% cho đơn từ 53,000đ', 'Giảm ngay 1 triệu khi mở thẻ tín dụng VPBank', 'Giảm đến 700.000đ khi thanh toán trả góp qua Kredivo', 'Giảm đến 1 triệu trả góp qua thẻ Visa']",https://fptshop.com.vn/quat-dieu-hoa/quat-dieu-hoa-hai-chieu-karofi-kac-020hr?sku=00758756,https://cdn2.fptshop.com.vn/unsafe/2021_8_18_637648895467086617_quat-dieu-hoa-hai-chieu-karofi-kac-020hr-1.jpg,Trắng,"{'Model': 'KAC-020HR', 'Xuất xứ': ['Trung Quốc'], 'Thời điểm ra mắt': '2021', 'Thời gian bảo hành (tháng)': 24, 'Thời hạn bảo hành phụ kiện': ['Điều khiển: 12 tháng', 'Tấm làm mát và lưới lọc bụi: 0 tháng'], 'Màu sắc': ['Trắng']}","{'Kích thước': '420 x 360 x 1010 mm', 'Trọng lượng sản phẩm': [{'displayValue': '14.5 kg', 'value': 14.5}], 'Chất liệu': ['Vỏ máy: Nhựa ABS']}","{'Chế độ bảo hành': ['Bảo hành tại nhà'], 'Diện tích làm mát': '30 - 40 m2', 'Công suất': ['160 W'], 'Điện áp': '220 V / 50 Hz', 'Lưu lượng gió': ['2000 m3/h'], 'Độ ồn lớn nhất': ['60 dB'], 'Tốc độ gió': '4 mức', 'Chế độ gió': ['Gió tự nhiên', 'Gió thường', 'Gió ngủ'], 'Bình chứa nước': '16.5 lít', 'Hộp đá khô làm mát kèm máy': '2 hộp'}","{'Tính năng': ['Đèn báo chức năng'], 'Tiện ích': ['Thang đo hiển thị mực nước', 'Bánh xe di chuyển', 'Tự ngắt bơm khi cạn nước', 'Hẹn giờ tắt', 'Màn hình LED hiển thị', 'Tạo ion không khí', 'Điều khiển từ xa bằng remote']}","{'Phụ kiện trong hộp': ['Hộp đá khô', 'Remote']}",
27,00756030,Quạt điều hòa Kangaroo KG50F58,Mua ngay,Kangaroo,Quạt,Quạt điều hòa,"['Công suất 85 W ', 'Diện tích làm mát: 15-20m²', 'Bình chứa 6 lít ']",3490000,2490000,29,2024-10-31T23:59:00.000+07:00,"['Giảm 5% cho đơn từ 53,000đ', 'Giảm ngay 1 triệu khi mở thẻ tín dụng VPBank', 'Giảm đến 700.000đ khi thanh toán trả góp qua Kredivo', 'Giảm đến 1 triệu trả góp qua thẻ Visa']",https://fptshop.com.vn/quat-dieu-hoa/quat-dieu-hoa-kangaroo-kg50f58?sku=00756030,https://cdn2.fptshop.com.vn/unsafe/2021_6_2_637582299477663707_quat-dieu-hoa-kangaroo-kg50f58-a1.jpg,Trắng,"{'Model': 'KG50F58', 'Xuất xứ': ['Trung Quốc'], 'Thời điểm ra mắt': '2018', 'Thời gian bảo hành (tháng)': 12, 'Thời hạn bảo hành phụ kiện': ['Điều khiển: 0 tháng', 'Tấm làm mát và lưới lọc bụi: 0 tháng'], 'Màu sắc': ['Trắng']}","{'Kích thước': '315 x 305 x 765 mm', 'Trọng lượng sản phẩm': [{'displayValue': '7.5 kg', 'value': 7.5}], 'Chất liệu': ['Vỏ máy: Nhựa cao cấp']}","{'Chế độ bảo hành': ['Bảo hành tại nhà'], 'Diện tích làm mát': '15 - 20 m2', 'Công suất': ['85 W'], 'Điện áp': '220 V', 'Lưu lượng gió': ['2000 m3/h'], 'Độ ồn lớn nhất': ['50 dB'], 'Tốc độ gió': '3 mức', 'Chế độ gió': ['Gió tự nhiên', 'Gió thường', 'Gió ngủ'], 'Bình chứa nước': '6 lít', 'Hộp đá khô làm mát kèm máy': '2 hộp'}","{'Tính năng': ['Đèn báo chức năng'], 'Tiện ích': ['Tự ngắt bơm khi cạn nước', 'Màn hình LED hiển thị', 'Điều khiển từ xa bằng remote', 'Hẹn giờ tắt', 'Bánh xe di chuyển', 'Thang đo hiển thị mực nước', 'Tạo ion không khí']}","{'Phụ kiện trong hộp': ['Hộp đá khô', 'Remote']}",{'Cảm biến': ['Cảm biến nhiệt độ phòng']}
