,sku,Tên,Trạng thái,Nhãn hàng,Loại,Nhóm,Đặc điểm nổi bật,Giá gốc,Giá hiện tại,Giảm giá,Thời gian kết thúc giảm giá,Khuyến mãi,Link đặt hàng,Ảnh,Màu,Thông tin hàng hóa,Thiết kế và Trọng lượng,Thông số cơ bản,Thông tin pin và sạc,Tính năng và tiện ích,Phụ kiện trong hộp
0,00907646,Robot hút bụi lau nhà Xiaomi Vacuum E5,Mua ngay,Xiaomi,Gia dụng thông minh,Robot hút bụi,"['Lực hút 2000 Pa ', ""Thời gian hoạt động 110'"", 'Hút bụi lau sàn 2 in 1']",2490000,2190000,12,2024-10-31T23:59:00.000+07:00,"['Giảm 5% cho đơn từ 53,000đ', 'Giảm ngay 1 triệu khi mở thẻ tín dụng VPBank', 'Giảm đến 700.000đ khi thanh toán trả góp qua Kredivo', 'Giảm đến 1 triệu trả góp qua thẻ Visa']",https://fptshop.com.vn/may-hut-bui/robot-hut-bui-lau-nha-xiaomi-vacuum-e5?sku=00907646,https://cdn2.fptshop.com.vn/unsafe/2024_4_16_638488773735353877_xiaomi-robot-vacuum-e5-1.jpg,Trắng,"{'Model': 'Xiaomi Vacuum E5', 'Xuất xứ': ['Trung Quốc'], 'Thời điểm ra mắt': '2024', 'Thời gian bảo hành (tháng)': 12, 'Hướng dẫn bảo quản': 'Để nơi khô ráo, nhẹ tay, dễ vỡ.', 'Màu sắc': ['Trắng']}","{'Kích thước': '300 x 300 x 70 mm', 'Trọng lượng sản phẩm': [{'displayValue': '4.5 kg', 'value': 4.5}]}","{'Loại máy hút bụi': ['Robot hút bụi'], 'Công suất hút': '2000 Pa', 'Độ ồn lớn nhất': ['64 dB'], 'Bộ lọc bụi cho máy': ['HEPA'], 'Chế độ hút thông minh': ['Chế độ zigzag'], 'Thời gian sử dụng': ['3 giờ'], 'Ứng dụng kết nối': ['Mi Home']}","{'Dung lượng pin': [{'displayValue': '2600 mAh', 'value': 2600}]}","{'Tính năng': ['Lau và hút 2 trong 1', 'Hẹn giờ lau dọn', '3 Cấp độ lực hút', 'Tắt bật chế độ sạc'], 'Tiện ích': ['Tháo dời nhanh', 'Điều khiển thiết bị qua ứng dụng', 'Trợ lý ảo Google và Alexaz', 'Khả năng leo 15mm']}","{'Phụ kiện trong hộp': ['Dây nguồn', 'Dock sạc']}"
1,00852335,Robot hút bụi Xiaomi Mi Vacuum Mop 2,Mua ngay,Xiaomi,Gia dụng thông minh,Robot hút bụi,"['Đế sạc ', 'Diện tích làm sạch 150m²', 'Lực hút 2700 Pa ']",7990000,4490000,44,2024-10-31T23:59:00.000+07:00,"['Giảm 5% cho đơn từ 53,000đ', 'Giảm ngay 1 triệu khi mở thẻ tín dụng VPBank', 'Giảm đến 700.000đ khi thanh toán trả góp qua Kredivo', 'Giảm đến 1 triệu trả góp qua thẻ Visa']",https://fptshop.com.vn/may-hut-bui/robot-hut-bui-xiaomi-mi-vacuum-mop-2?sku=00852335,https://cdn2.fptshop.com.vn/unsafe/2022_12_5_638058585260852347_robot-hut-bui-xiaomi-mi-vacuum-mop-2-trang-2.jpg,Trắng,"{'Model': 'Mop 2', 'Xuất xứ': ['Trung Quốc'], 'Thời điểm ra mắt': '2022', 'Thời gian bảo hành (tháng)': 12, 'Hướng dẫn bảo quản': 'Để nơi khô ráo, nhẹ tay, dễ vỡ.', 'Màu sắc': ['Trắng']}","{'Kích thước': '353×350×81 mm', 'Trọng lượng sản phẩm': [{'displayValue': '3.6 kg', 'value': 3.6}]}","{'Loại máy hút bụi': ['Robot hút bụi'], 'Công suất hút': '2700 Pa', 'Độ ồn lớn nhất': ['72 dB'], 'Bộ lọc bụi cho máy': ['HEPA'], 'Công nghệ hút bụi': ['Động cơ không chổi than Nidec'], 'Chế độ hút thông minh': ['Chế độ tự động'], 'Dung tích bình chứa': ['Hộp nước: 0.2 lít', 'Hộp bụi: 0.5 lít'], 'Thời gian sử dụng': ['110 phút'], 'Đầu hút bụi': ['Đầu hút bàn chải'], 'Ứng dụng kết nối': ['Mi Home']}","{'Dung lượng pin': [{'displayValue': '3200 mAh', 'value': 3200}]}","{'Tính năng': ['4 tốc độ/chế độ hút', 'Thiết lập tường ảo/ Khu vực giới hạn', 'Tiếp tục làm sạch tại điểm dừng', 'Điền khiển từ xa', 'Tự động về dock sạc khi dọn dẹp xong'], 'Tiện ích': ['Thiết lập bản đồ di chuyển thông minh', 'Ngăn chứa nước điều khiển điện tử thông minh', 'Có thể leo vật cản 20 mm', 'Kết nối qua wifi', 'Tự quay lại dock sạc khi hết pin', 'Điều khiển bằng điện thoại qua ứng dụng riêng', 'Khay chứa bụi dễ dàng tháo rời để vệ sinh', 'Trợ lí ảo Google Assistant', 'Chổi bên lục giác, chổi chính bằng sợi 0,1mm', 'Module lau nhà tăng áp cải tiến', 'Hẹn giờ', 'Dễ vệ sinh']}","{'Phụ kiện trong hộp': ['Chổi ven', 'Dụng cụ vệ sinh robot', 'Sách HDSD', 'Dây sạc', 'Ngăn đựng nước', 'Khăn lau', 'Dock sạc']}"
2,00862695,Robot hút bụi lau nhà Ecovacs Deebot N10,Mua ngay,Ecovacs,Gia dụng thông minh,Robot hút bụi,"['Vừa hút bụi, vừa lau sàn', 'Dung lượng pin  5200 mAh', 'Lực hút mạnh mẽ 4000 Pa']",11990000,6990000,42,2024-10-31T23:59:00.000+07:00,"['Tặng nước lau sàn', 'Giảm 5% cho đơn từ 53,000đ', 'Giảm ngay 1 triệu khi mở thẻ tín dụng VPBank', 'Giảm đến 700.000đ khi thanh toán trả góp qua Kredivo', 'Giảm đến 1 triệu trả góp qua thẻ Visa']",https://fptshop.com.vn/may-hut-bui/robot-hut-bui-lau-nha-ecovacs-deebot-n10-trang?sku=00862695,https://cdn2.fptshop.com.vn/unsafe/2023_3_2_638133724897723526_robot-hut-bui-lau-nha-ecovacs-deebot-n10-trang-5.jpg,Trắng,"{'Model': 'Deebot N10', 'Xuất xứ': ['Trung Quốc'], 'Thời điểm ra mắt': '03/2023', 'Thời gian bảo hành (tháng)': 24, 'Hướng dẫn bảo quản': 'Để nơi khô ráo, nhẹ tay, dễ vỡ.', 'Màu sắc': ['Trắng']}","{'Kích thước': '350 x 97 mm', 'Trọng lượng sản phẩm': [{'displayValue': '4.19 kg', 'value': 4.19}]}","{'Loại máy hút bụi': ['Robot hút bụi'], 'Công suất': ['4000 W'], 'Công suất hút': '4000 Pa', 'Độ ồn lớn nhất': ['65.5 - 72 dB'], 'Bộ lọc bụi cho máy': ['HEPA'], 'Công nghệ hút bụi': ['Động cơ không chổi than'], 'Chế độ hút thông minh': ['Chế độ tự động'], 'Dung tích bình chứa': ['Hộp bụi: 0.43 lít'], 'Thời gian sử dụng': ['2 - 6 giờ Chế độ bình thường'], 'Thời gian sạc đầy': ['3 - 5 giờ'], 'Ứng dụng kết nối': ['Ecovacs Home']}","{'Dung lượng pin': [{'displayValue': '5200 mAh', 'value': 5200}]}","{'Tính năng': ['3 chế độ vệ sinh: quét, hút và lau nhà.'], 'Tiện ích': ['Công nghệ Air Freshener khử mùi làm mát không khí', 'Công nghệ trí tuệ nhân tạo AIVI thế hệ mới', 'Hệ thống lập bản đồ TrueMapping 3D 2.0', 'Hệ thống lau thông minh OZMO điều chỉnh lượng nước']}",{'Phụ kiện trong hộp': ['Sạc']}
3,00911929,Robot hút bụi lau nhà Ecovacs N30 Pro Omni,Mua ngay,Ecovacs,Gia dụng thông minh,Robot hút bụi,"['Lực hút 10000 Pa ', ""Thời gian hoạt động 320'"", 'Giặt khăn bằng nước nóng 60°C']",20990000,11900000,43,2024-10-31T23:59:00.000+07:00,"['Giảm 5% cho đơn từ 53,000đ', 'Giảm ngay 1 triệu khi mở thẻ tín dụng VPBank', 'Giảm đến 700.000đ khi thanh toán trả góp qua Kredivo', 'Giảm đến 1 triệu trả góp qua thẻ Visa']",https://fptshop.com.vn/robot-hut-bui/robot-hut-bui-lau-nha-ecovacs-n30-pro-omni?sku=00911929,https://cdn2.fptshop.com.vn/unsafe/00911930_robot_hut_bui_lau_nha_ecovacs_n30_pro_omni_1_30904fe41c.png,Trắng,"{'Model': 'N30 Pro', 'Xuất xứ': ['Trung Quốc'], 'Thời điểm ra mắt': '2024', 'Thời gian bảo hành (tháng)': 12, 'Màu sắc': ['Trắng']}","{'Kích thước': '353 x 353 x 104 mm', 'Kích thước Trạm sạc': '340 x 485 x 540 mm', 'Trọng lượng sản phẩm': [{'displayValue': '11.62 kg', 'value': 11.62}]}","{'Công suất': ['60 W'], 'Công suất hút': '10000 Pa', 'Độ ồn lớn nhất': ['65.3 dB'], 'Bộ lọc bụi cho máy': ['HEPA'], 'Chế độ hút thông minh': ['Chế độ tự động'], 'Thời gian sử dụng': ['6.5 giờ'], 'Ứng dụng kết nối': ['Ecovacs Home']}","{'Dung lượng pin': [{'displayValue': '5200 mAh', 'value': 5200}]}","{'Tính năng': ['Công nghệ chống rối ZeroTangle', 'Công nghệ làm sạch sâu các góc và mép tường với khả năng điều chỉnh tự động phù hợp cho từng bề mặt'], 'Tiện ích': ['Cảm biến chống rơi, chống va chạm', 'Tường ảo', 'Tự động quay về đế sạc khi pin yếu và quay trở lại vị trí đang vệ sinh dở để hoàn thành chu trình dọn dẹp', 'Tự động nâng giẻ lau 9mm khi leo thảm, đồng thời tăng lực hút làm sạch thảm', 'Tự động thu gom bụi vào túi rác', 'Điều khiển từ xa qua điện thoại']}","{'Phụ kiện trong hộp': ['Trạm sạc', 'Dây nguồn', 'Sách HDSD', 'Đế lau xoay', 'Giẻ lau xoay', 'Chổi quét cạnh', 'Chổi chính', 'Bộ lọc', 'Túi đựng bụi', 'Bình chứa nước sạch', 'Bình chứa nước bẩn']}"
4,00911930,Robot hút bụi lau nhà Ecovacs N30 Pro Omni,Mua ngay,Ecovacs,Gia dụng thông minh,Robot hút bụi,"['Lực hút 10000 Pa ', ""Thời gian hoạt động 320'"", 'Giặt khăn bằng nước nóng 60°C']",20990000,11900000,43,2024-10-31T23:59:00.000+07:00,"['Giảm 5% cho đơn từ 53,000đ', 'Giảm ngay 1 triệu khi mở thẻ tín dụng VPBank', 'Giảm đến 700.000đ khi thanh toán trả góp qua Kredivo', 'Giảm đến 1 triệu trả góp qua thẻ Visa']",https://fptshop.com.vn/robot-hut-bui/robot-hut-bui-lau-nha-ecovacs-n30-pro-omni?sku=00911930,https://cdn2.fptshop.com.vn/unsafe/00911929_robot_hut_bui_lau_nha_ecovacs_n30_pro_omni_1_418ee7b650.png,Đen,"{'Model': 'N30 Pro', 'Xuất xứ': ['Trung Quốc'], 'Thời điểm ra mắt': '2024', 'Thời gian bảo hành (tháng)': 12, 'Màu sắc': ['Trắng']}","{'Kích thước': '353 x 353 x 104 mm', 'Kích thước Trạm sạc': '340 x 485 x 540 mm', 'Trọng lượng sản phẩm': [{'displayValue': '11.62 kg', 'value': 11.62}]}","{'Công suất': ['60 W'], 'Công suất hút': '10000 Pa', 'Độ ồn lớn nhất': ['65.3 dB'], 'Bộ lọc bụi cho máy': ['HEPA'], 'Chế độ hút thông minh': ['Chế độ tự động'], 'Thời gian sử dụng': ['6.5 giờ'], 'Ứng dụng kết nối': ['Ecovacs Home']}","{'Dung lượng pin': [{'displayValue': '5200 mAh', 'value': 5200}]}","{'Tính năng': ['Công nghệ chống rối ZeroTangle', 'Công nghệ làm sạch sâu các góc và mép tường với khả năng điều chỉnh tự động phù hợp cho từng bề mặt'], 'Tiện ích': ['Cảm biến chống rơi, chống va chạm', 'Tường ảo', 'Tự động quay về đế sạc khi pin yếu và quay trở lại vị trí đang vệ sinh dở để hoàn thành chu trình dọn dẹp', 'Tự động nâng giẻ lau 9mm khi leo thảm, đồng thời tăng lực hút làm sạch thảm', 'Tự động thu gom bụi vào túi rác', 'Điều khiển từ xa qua điện thoại']}","{'Phụ kiện trong hộp': ['Trạm sạc', 'Dây nguồn', 'Sách HDSD', 'Đế lau xoay', 'Giẻ lau xoay', 'Chổi quét cạnh', 'Chổi chính', 'Bộ lọc', 'Túi đựng bụi', 'Bình chứa nước sạch', 'Bình chứa nước bẩn']}"
5,00907072,Robot hút bụi lau nhà Ecovacs Deebot Y1 Pro,Mua ngay,Ecovacs,Gia dụng thông minh,Robot hút bụi,"[""Thời gian hoạt động  180'"", 'Đế sạc ', 'Lực hút 6500 Pa ']",8900000,5890000,34,2024-10-31T23:59:00.000+07:00,"['Giảm 5% cho đơn từ 53,000đ', 'Giảm ngay 1 triệu khi mở thẻ tín dụng VPBank', 'Giảm đến 700.000đ khi thanh toán trả góp qua Kredivo', 'Giảm đến 1 triệu trả góp qua thẻ Visa']",https://fptshop.com.vn/may-hut-bui/robot-hut-bui-lau-nha-ecovacs-deebot-y1-pro?sku=00907072,https://cdn2.fptshop.com.vn/unsafe/2024_3_12_638458368879269859_robot-hut-bui-lau-nha-ecovacs-deebot-y1-pro-3.jpg,Đen,"{'Model': 'Deebot Y1 Pro', 'Xuất xứ': ['Trung Quốc'], 'Thời điểm ra mắt': '2024', 'Thời gian bảo hành (tháng)': 24, 'Hướng dẫn bảo quản': 'Để nơi khô ráo, nhẹ tay, dễ vỡ.', 'Màu sắc': ['Đen']}","{'Kích thước': '35 x 35 x 9.3 cm', 'Trọng lượng sản phẩm': [{'displayValue': '4.1 kg', 'value': 4.1}]}","{'Loại máy hút bụi': ['Robot hút bụi'], 'Công suất hút': '6000 Pa', 'Độ ồn lớn nhất': ['64.9 dB'], 'Bộ lọc bụi cho máy': ['HEPA'], 'Công nghệ hút bụi': ['Động cơ không chổi than'], 'Chế độ hút thông minh': ['Chế độ chạy hút cạnh tường'], 'Thời gian sử dụng': ['Khoảng 150 phút']}","{'Dung lượng pin': [{'displayValue': '5200 mAh', 'value': 5200}]}","{'Tiện ích': ['Công nghệ Air Freshener khử mùi làm mát không khí', 'Công nghệ trí tuệ nhân tạo AIVI thế hệ mới', 'Hệ thống lau thông minh OZMO điều chỉnh lượng nước', 'Hệ thống lập bản đồ TrueMapping 3D 2.0']}",{'Phụ kiện trong hộp': ['Trạm sạc']}
6,00874788,Robot hút bụi lau nhà Ecovacs Deebot T20 Omni DLX23,Mua ngay,Ecovacs,Gia dụng thông minh,Robot hút bụi,"['Trạm sạc ', ""Thời gian hoạt động 260'"", 'Lực hút 6000 Pa ']",29900000,13490000,55,2024-10-31T23:59:00.000+07:00,"['Chủ thẻ OCB: Giảm thêm 500,000đ', 'Giảm 5% cho đơn từ 53,000đ', 'Giảm ngay 1 triệu khi mở thẻ tín dụng VPBank', 'Giảm đến 700.000đ khi thanh toán trả góp qua Kredivo', 'Giảm đến 1 triệu trả góp qua thẻ Visa']",https://fptshop.com.vn/may-hut-bui/robot-hut-bui-lau-nha-ecovacs-deebot-t20-omni-dlx23?sku=00874788,https://cdn2.fptshop.com.vn/unsafe/2023_4_28_638182878661005970_robot-hut-bui-lau-nha-ecovacs-deebot-t20-omni-dlx23-3.jpg,Trắng,"{'Model': 'DEEBOT T20 OMNI', 'Xuất xứ': ['Trung Quốc'], 'Thời điểm ra mắt': '2023', 'Thời gian bảo hành (tháng)': 24, 'Hướng dẫn bảo quản': 'Để nơi khô ráo, nhẹ tay, dễ vỡ.', 'Màu sắc': ['Trắng']}","{'Kích thước': '35 x 35 x 10,2 cm', 'Trọng lượng sản phẩm': [{'displayValue': '4.1 kg', 'value': 4.1}]}","{'Loại máy hút bụi': ['Robot hút bụi'], 'Công suất': ['45 W'], 'Công suất hút': '6000 Pa', 'Độ ồn lớn nhất': ['70 dB'], 'Bộ lọc bụi cho máy': ['HEPA E12'], 'Công nghệ hút bụi': ['Công nghệ tăng áp kép hút rãnh khe sâu 4mm'], 'Chế độ hút thông minh': ['Chế độ tự động'], 'Dung tích bình chứa': ['Hộp bụi: 0.3 lít'], 'Thời gian sử dụng': ['3 - 4 giờ Chế độ bình thường'], 'Thời gian sạc đầy': ['3 - 6 giờ'], 'Đầu hút bụi': ['Đầu hút đa năng'], 'Ứng dụng kết nối': ['Ecovacs Home']}","{'Dung lượng pin': [{'displayValue': '5200 mAh', 'value': 5200}]}","{'Tính năng': ['4 tốc độ/chế độ hút'], 'Tiện ích': ['Khóa trẻ em', 'Hệ thống TrueDetect 3D 2.0 phát hiện vật nhỏ giảm mắc kẹt', 'Hệ thống lau xoay OZMO Turbo 2.0', 'Chế độ Quản gia 2.0', 'Tự động giặt khăn lau', 'Bộ lọc kháng khuẩn hiệu quả cao', 'Khử trùng bằng ion bạc']}",{'Phụ kiện trong hộp': ['Chổi chính']}
7,00797668,Robot hút bụi Xiaomi Mi Vacuum Mop 2 Lite,Mua ngay,Xiaomi,Gia dụng thông minh,Robot hút bụi,"['Hút bụi lau sàn 2 in 1', 'Diện tích làm sạch 150m²', 'Lực hút 2200 Pa ']",5990000,2190000,63,2024-10-31T23:59:00.000+07:00,"['Giảm 5% cho đơn từ 53,000đ', 'Giảm ngay 1 triệu khi mở thẻ tín dụng VPBank', 'Giảm đến 700.000đ khi thanh toán trả góp qua Kredivo', 'Giảm đến 1 triệu trả góp qua thẻ Visa']",https://fptshop.com.vn/may-hut-bui/robot-hut-bui-xiaomi-mi-vacuum-mop-2-lite?sku=00797668,https://cdn2.fptshop.com.vn/unsafe/2022_2_15_637805318883717608_robot-hut-bui-xiaomi-mi-vacuum-mop-2-lite-trang-5.jpg,Trắng,"{'Model': 'Mi Mop 2 Lite', 'Xuất xứ': ['Trung Quốc'], 'Thời điểm ra mắt': '2022', 'Thời gian bảo hành (tháng)': 12, 'Hướng dẫn bảo quản': 'Để nơi khô ráo, nhẹ tay, dễ vỡ.', 'Màu sắc': ['Trắng']}","{'Kích thước': '353 x 353 x 81,3 mm', 'Trọng lượng sản phẩm': [{'displayValue': '5.8 kg', 'value': 5.8}]}","{'Loại máy hút bụi': ['Robot hút bụi'], 'Công suất hút': '2200 Pa', 'Độ ồn lớn nhất': ['72 dB'], 'Bộ lọc bụi cho máy': ['HEPA'], 'Công nghệ hút bụi': ['Động cơ không chổi than Nidec'], 'Chế độ hút thông minh': ['Chế độ chạy hút cạnh tường'], 'Dung tích bình chứa': ['Hộp bụi: 0.45 lít'], 'Ứng dụng kết nối': ['Mi Home']}","{'Dung lượng pin': [{'displayValue': '2600 mAh', 'value': 2600}]}",{'Tính năng': ['Tự động về dock sạc khi dọn dẹp xong']},"{'Phụ kiện trong hộp': ['Dock sạc', 'Dây nguồn']}"
8,00910314,Robot hút bụi lau nhà Ecovacs Deebot X5 Pro Omni,Mua ngay,Ecovacs,Gia dụng thông minh,Robot hút bụi,"['Diện tích làm sạch 145m²', 'Trạm sạc ', 'Lực hút 12800 Pa ']",33900000,23900000,29,2024-10-31T23:59:00.000+07:00,"['Tặng Máy ép chậm', 'Tặng nước lau sàn', 'Giảm 5% cho đơn từ 53,000đ', 'Giảm ngay 1 triệu khi mở thẻ tín dụng VPBank', 'Giảm đến 700.000đ khi thanh toán trả góp qua Kredivo', 'Giảm đến 1 triệu trả góp qua thẻ Visa']",https://fptshop.com.vn/may-hut-bui/robot-hut-bui-lau-nha-ecovacs-deebot-x5-pro-omni-trang,https://cdn2.fptshop.com.vn/unsafe/00910314_robot_hut_bui_lau_nha_ecovacs_deebot_x5_pro_omni_f1dd709ddc.png,Trắng,"{'Model': 'X5 Pro Omni', 'Xuất xứ': ['Trung Quốc'], 'Thời điểm ra mắt': '2024', 'Thời gian bảo hành (tháng)': 24, 'Hướng dẫn bảo quản': 'Để nơi khô ráo, nhẹ tay, dễ vỡ.', 'Màu sắc': ['Trắng']}","{'Kích thước': '34.6 x 31.3 x 9.5 cm', 'Trọng lượng sản phẩm': [{'displayValue': '15.8 kg', 'value': 15.8}]}","{'Loại máy hút bụi': ['Robot hút bụi'], 'Công suất': ['45 W'], 'Công suất hút': '12800 Pa', 'Độ ồn lớn nhất': ['67.9 dB'], 'Bộ lọc bụi cho máy': ['HEPA'], 'Chế độ hút thông minh': ['Chế độ zigzag', 'Chế độ làm sạch tổng thể', 'Chế độ làm sạch sâu', 'Chế độ hút tại điểm chỉ định'], 'Thời gian sử dụng': ['Tối đa 164 phút'], 'Thời gian sạc đầy': ['4 - 5 giờ'], 'Ứng dụng kết nối': ['Ecovacs Home']}","{'Dung lượng pin': [{'displayValue': '6400 mAh', 'value': 6400}]}","{'Tính năng': ['Công nghệ làm sạch cạnh TruEdge', 'Công nghệ chống rối ZeroTangle', 'Điều hướng AINI 2.0, AIVI 3.0', 'Cảm biến thảm, tự động nâng giẻ 15mm và tăng lực hút khi gặp thảm', 'Cảm biến mức độ của vết bẩn, tự động phát hiện những khu vực chưa được làm sạch triệt để và kích hoạt chương trình tái vệ sinh khu vực đó', 'Trợ lý giọng nói độc quyền YIKO AI', 'Trò chuyện video theo thời gian thực', 'Lập bản đồ TrueMapping 2.0', 'Điều khiển qua màn hình iPhone Apple Watch'], 'Tiện ích': ['Tự động nhận diện thảm', 'Tự động tăng lực hút trên thảm', 'Tự động làm trống hộp bụi', 'Tự động giặt giẻ lau bằng nước nóng 70 độ C', 'Tự động sấy khô bằng không khí nóng trong 5 phút', 'Tự đông nâng giẻ 15mm', 'Vượt chướng ngại vật ngưỡng cao 22mm', 'Widget trên điện thoại thông minh', 'Dymamic Island trên Iphone', 'Khả năng tương thích với ứng dụng Smart Home']}","{'Phụ kiện trong hộp': ['Dock sạc', 'Sách HDSD', 'Chổi ven', 'Chổi chính', 'Túi đựng bụi', 'Dụng cụ vệ sinh robot']}"
9,00910470,Robot hút bụi lau nhà Ecovacs Deebot X5 Pro Omni,Mua ngay,Ecovacs,Gia dụng thông minh,Robot hút bụi,"['Diện tích làm sạch 145m²', 'Trạm sạc ', 'Lực hút 12800 Pa ']",33900000,23900000,29,2024-10-31T23:59:00.000+07:00,"['Tặng Máy ép chậm', 'Tặng nước lau sàn', 'Giảm 5% cho đơn từ 53,000đ', 'Giảm ngay 1 triệu khi mở thẻ tín dụng VPBank', 'Giảm đến 700.000đ khi thanh toán trả góp qua Kredivo', 'Giảm đến 1 triệu trả góp qua thẻ Visa']",https://fptshop.com.vn/may-hut-bui/robot-hut-bui-lau-nha-ecovacs-deebot-x5-pro-omni?sku=00910470,https://cdn2.fptshop.com.vn/unsafe/00910470_robot_hut_bui_lau_nha_ecovacs_deebot_x5_pro_omni_den_01205a0d7b.png,Đen,"{'Model': 'X5 Pro Omni', 'Xuất xứ': ['Trung Quốc'], 'Thời điểm ra mắt': '2024', 'Thời gian bảo hành (tháng)': 24, 'Hướng dẫn bảo quản': 'Để nơi khô ráo, nhẹ tay, dễ vỡ.', 'Màu sắc': ['Trắng']}","{'Kích thước': '34.6 x 31.3 x 9.5 cm', 'Trọng lượng sản phẩm': [{'displayValue': '15.8 kg', 'value': 15.8}]}","{'Loại máy hút bụi': ['Robot hút bụi'], 'Công suất': ['45 W'], 'Công suất hút': '12800 Pa', 'Độ ồn lớn nhất': ['67.9 dB'], 'Bộ lọc bụi cho máy': ['HEPA'], 'Chế độ hút thông minh': ['Chế độ zigzag', 'Chế độ làm sạch tổng thể', 'Chế độ làm sạch sâu', 'Chế độ hút tại điểm chỉ định'], 'Thời gian sử dụng': ['Tối đa 164 phút'], 'Thời gian sạc đầy': ['4 - 5 giờ'], 'Ứng dụng kết nối': ['Ecovacs Home']}","{'Dung lượng pin': [{'displayValue': '6400 mAh', 'value': 6400}]}","{'Tính năng': ['Công nghệ làm sạch cạnh TruEdge', 'Công nghệ chống rối ZeroTangle', 'Điều hướng AINI 2.0, AIVI 3.0', 'Cảm biến thảm, tự động nâng giẻ 15mm và tăng lực hút khi gặp thảm', 'Cảm biến mức độ của vết bẩn, tự động phát hiện những khu vực chưa được làm sạch triệt để và kích hoạt chương trình tái vệ sinh khu vực đó', 'Trợ lý giọng nói độc quyền YIKO AI', 'Trò chuyện video theo thời gian thực', 'Lập bản đồ TrueMapping 2.0', 'Điều khiển qua màn hình iPhone Apple Watch'], 'Tiện ích': ['Tự động nhận diện thảm', 'Tự động tăng lực hút trên thảm', 'Tự động làm trống hộp bụi', 'Tự động giặt giẻ lau bằng nước nóng 70 độ C', 'Tự động sấy khô bằng không khí nóng trong 5 phút', 'Tự đông nâng giẻ 15mm', 'Vượt chướng ngại vật ngưỡng cao 22mm', 'Widget trên điện thoại thông minh', 'Dymamic Island trên Iphone', 'Khả năng tương thích với ứng dụng Smart Home']}","{'Phụ kiện trong hộp': ['Dock sạc', 'Sách HDSD', 'Chổi ven', 'Chổi chính', 'Túi đựng bụi', 'Dụng cụ vệ sinh robot']}"
10,00880886,Robot hút bụi lau nhà Ecovacs Deebot T10,Mua ngay,Ecovacs,Gia dụng thông minh,Robot hút bụi,"['Hệ thống lọc HEPA ', ""Thời gian dùng 200' "", 'Lực hút 3000 Pa ']",15900000,8990000,43,2024-10-31T23:59:00.000+07:00,"['Tặng nước lau sàn', 'Chủ thẻ OCB: Giảm thêm 500,000đ', 'Giảm 5% cho đơn từ 53,000đ', 'Giảm ngay 1 triệu khi mở thẻ tín dụng VPBank', 'Giảm đến 700.000đ khi thanh toán trả góp qua Kredivo', 'Giảm đến 1 triệu trả góp qua thẻ Visa']",https://fptshop.com.vn/may-hut-bui/robot-hut-bui-lau-nha-ecovacs-deebot-t10?sku=00880886,https://cdn2.fptshop.com.vn/unsafe/2023_6_15_638224438409082943_robot-hut-bui-lau-nha-ecovacs-deebot-t10-5.jpg,Trắng,"{'Model': 'Deebot T10', 'Xuất xứ': ['Trung Quốc'], 'Thời gian bảo hành (tháng)': 24, 'Hướng dẫn bảo quản': 'Để nơi khô ráo, nhẹ tay, dễ vỡ.', 'Màu sắc': ['Trắng']}","{'Kích thước': '353 x 103.3 mm', 'Trọng lượng sản phẩm': [{'displayValue': '6.4 kg', 'value': 6.4}]}","{'Loại máy hút bụi': ['Robot hút bụi'], 'Công suất': ['45 W'], 'Công suất hút': '3000 Pa', 'Độ ồn lớn nhất': ['66 dB'], 'Bộ lọc bụi cho máy': ['HEPA'], 'Chế độ hút thông minh': ['Chế độ tự động', 'Chế độ zigzag', 'Chế độ chạy hút cạnh tường'], 'Dung tích bình chứa': ['Hộp nước: 0.2 lít'], 'Thời gian sử dụng': ['3 - 4 giờ Chế độ bình thường'], 'Thời gian sạc đầy': ['6 giờ'], 'Ứng dụng kết nối': ['Ecovacs Home']}","{'Dung lượng pin': [{'displayValue': '5200 mAh', 'value': 5200}]}","{'Tính năng': ['Hỗ trợ Tiếng Việt trên App', 'Setup chế độ trực tiếp trên ứng dụng Ecovacs Home', 'Thiết lập tường ảo/ Khu vực giới hạn', 'Tránh vật cảm 20mm', '3 chế độ vệ sinh: quét, hút và lau nhà', 'Hẹn giờ dọn dẹp cho từng khu vực', 'Điền khiển từ xa', 'Theo dõi vị trí đồ vật qua ứng dụng trên smartphone', 'Công nghệ nhận diện AIVI 3D', 'Tự động về dock sạc khi dọn dẹp xong', 'Kết nối với điện thoại bằng Wifi', 'Trợ lý giọng nói thông minh YIKO'], 'Tiện ích': ['Có thể leo vật cản 20 mm', 'Hỗ trợ điều khiển giọng nói', 'Công nghệ trí tuệ nhân tạo AIVI thế hệ mới', 'Màng lọc không khí HEPA', 'Vừa hút vừa lau nhà', 'Lưới lọc có thể tháo rời', 'Cài đặt tùy chỉnh cho từng phòng', 'Lưu chế độ đang chạy khi mất điện', 'Thiết lập bản đồ nhiều tầng', 'Kết nối qua wifi', 'Thiết lập bản đồ di chuyển thông minh', 'Hệ thống lập bản đồ TrueMapping 3D 2.0', 'Khay chứa bụi dễ dàng tháo rời để vệ sinh', 'Truemaping giúp robot lập bản đồ', 'Công nghệ Air Freshener khử mùi làm mát không khí', 'Hỗ trợ đàm thoại 2 chiều', 'Tự quay lại dock sạc khi hết pin', 'Điều khiển bằng điện thoại qua ứng dụng riêng', 'Hệ thống lau thông minh OZMO điều chỉnh lượng nước', 'Quét bản đồ 360 độ']}","{'Phụ kiện trong hộp': ['Dock sạc', 'Sách HDSD', 'Dây nguồn']}"
11,00911927,Robot hút bụi lau nhà Ecovacs T30S Pro 2025,Hàng sắp về,Ecovacs,Gia dụng thông minh,Robot hút bụi,"['Lực hút 11000 Pa ', 'Điều khiển giọng nói ', ""Thời gian hoạt động 180'""]",25990000,19500000,25,2024-10-31T23:59:00.000+07:00,"['Giảm 5% cho đơn từ 53,000đ', 'Giảm ngay 1 triệu khi mở thẻ tín dụng VPBank', 'Giảm đến 700.000đ khi thanh toán trả góp qua Kredivo', 'Giảm đến 1 triệu trả góp qua thẻ Visa']",https://fptshop.com.vn/robot-hut-bui/robot-hut-bui-lau-nha-ecovacs-t30s-pro-2025?sku=00911927,https://cdn2.fptshop.com.vn/unsafe/00911927_robot_hut_bui_lau_nha_ecovacs_t30s_pro_2025_1_56468631e6.png,Trắng,"{'Model': 'T30S Pro', 'Xuất xứ': ['Trung Quốc'], 'Thời điểm ra mắt': '2024', 'Thời gian bảo hành (tháng)': 24, 'Màu sắc': ['Trắng']}","{'Kích thước': '353 x 351 x 104 mm', 'Kích thước Trạm sạc': '394 x 443 x 527.5 mm', 'Trọng lượng sản phẩm': [{'displayValue': '15 kg', 'value': 15}]}","{'Công suất': ['60 W'], 'Công suất hút': '11000 Pa', 'Độ ồn lớn nhất': ['65 dB'], 'Chế độ hút thông minh': ['Tự động nhận diện thảm', 'Làm sạch điểm/ khu vực', 'Tự động làm sạch tổng thể'], 'Thời gian sử dụng': ['200 phút Chế độ tiêu chuẩn sàn cứng (quét u0026 lau)'], 'Thời gian sạc đầy': ['Khoảng 5.1 giờ'], 'Ứng dụng kết nối': ['Ecovacs Home']}","{'Dung lượng pin': [{'displayValue': '6400 mAh', 'value': 6400}]}","{'Tính năng': ['Combo 3 công nghệ mới nhất của Ecovacs: Làm sạch cạnh TruEdge, chống tóc rối ZeroTangle, lau lại tức thì AI Remop', 'AIVi 3D 2.0 điều hướng và tránh vật cản có chiến lược', 'Công nghệ lau xoay OZMO Turbo 2.0 và tự động bổ sung nước vào bình chứa điện tử 55ml trong thân robot', 'Điều khiển cảm ứng bằng chân T30 Kick', 'Camera AI trò chuyện video theo thời gian thực, có thể sử dụng như camera để giám sát nhà cửa', 'Điều khiển từ xa qua app Ecovacs Home', 'Chế độ quản gia thông minh, cá nhân hóa dựa trên môi trường nhà, loại sàn, thói quen vệ sinh và mức độ bụi bẩn', 'Trợ lý giọng nói độc quyền YIKO AI'], 'Tiện ích': ['Cảm biến chống rơi, chống va chạm', 'Tường ảo', 'Tự động quay về đế sạc khi pin yếu và quay trở lại vị trí đang vệ sinh dở để hoàn thành chu trình dọn dẹp', 'Tự động nâng giẻ lau 9mm khi leo thảm, đồng thời tăng lực hút làm sạch thảm', 'Vượt chướng ngại vật ngưỡng cao 22mm', 'Tự động thu gom bụi vào túi rác', 'Tự động giặt giẻ lau bằng nước nóng 70 độ C']}","{'Phụ kiện trong hộp': ['Trạm sạc', 'Dây nguồn', 'Sách HDSD', 'Đế lau xoay', 'Giẻ lau xoay', 'Chổi quét cạnh', 'Chổi chính', 'Bộ lọc', 'Túi đựng bụi', 'Bình chứa nước sạch', 'Bình chứa nước bẩn']}"
12,00911928,Robot hút bụi lau nhà Ecovacs T30S Pro 2025,Mua ngay,Ecovacs,Gia dụng thông minh,Robot hút bụi,"['Lực hút 11000 Pa ', 'Điều khiển giọng nói ', ""Thời gian hoạt động 180'""]",25990000,19500000,25,2024-10-31T23:59:00.000+07:00,"['Giảm 5% cho đơn từ 53,000đ', 'Giảm ngay 1 triệu khi mở thẻ tín dụng VPBank', 'Giảm đến 700.000đ khi thanh toán trả góp qua Kredivo', 'Giảm đến 1 triệu trả góp qua thẻ Visa']",https://fptshop.com.vn/robot-hut-bui/robot-hut-bui-lau-nha-ecovacs-t30s-pro-2025?sku=00911928,https://cdn2.fptshop.com.vn/unsafe/00911928_robot_hut_bui_lau_nha_ecovacs_t30s_pro_2025_1_35323ce0b8.png,Đen,"{'Model': 'T30S Pro', 'Xuất xứ': ['Trung Quốc'], 'Thời điểm ra mắt': '2024', 'Thời gian bảo hành (tháng)': 24, 'Màu sắc': ['Trắng']}","{'Kích thước': '353 x 351 x 104 mm', 'Kích thước Trạm sạc': '394 x 443 x 527.5 mm', 'Trọng lượng sản phẩm': [{'displayValue': '15 kg', 'value': 15}]}","{'Công suất': ['60 W'], 'Công suất hút': '11000 Pa', 'Độ ồn lớn nhất': ['65 dB'], 'Chế độ hút thông minh': ['Tự động nhận diện thảm', 'Làm sạch điểm/ khu vực', 'Tự động làm sạch tổng thể'], 'Thời gian sử dụng': ['200 phút Chế độ tiêu chuẩn sàn cứng (quét u0026 lau)'], 'Thời gian sạc đầy': ['Khoảng 5.1 giờ'], 'Ứng dụng kết nối': ['Ecovacs Home']}","{'Dung lượng pin': [{'displayValue': '6400 mAh', 'value': 6400}]}","{'Tính năng': ['Combo 3 công nghệ mới nhất của Ecovacs: Làm sạch cạnh TruEdge, chống tóc rối ZeroTangle, lau lại tức thì AI Remop', 'AIVi 3D 2.0 điều hướng và tránh vật cản có chiến lược', 'Công nghệ lau xoay OZMO Turbo 2.0 và tự động bổ sung nước vào bình chứa điện tử 55ml trong thân robot', 'Điều khiển cảm ứng bằng chân T30 Kick', 'Camera AI trò chuyện video theo thời gian thực, có thể sử dụng như camera để giám sát nhà cửa', 'Điều khiển từ xa qua app Ecovacs Home', 'Chế độ quản gia thông minh, cá nhân hóa dựa trên môi trường nhà, loại sàn, thói quen vệ sinh và mức độ bụi bẩn', 'Trợ lý giọng nói độc quyền YIKO AI'], 'Tiện ích': ['Cảm biến chống rơi, chống va chạm', 'Tường ảo', 'Tự động quay về đế sạc khi pin yếu và quay trở lại vị trí đang vệ sinh dở để hoàn thành chu trình dọn dẹp', 'Tự động nâng giẻ lau 9mm khi leo thảm, đồng thời tăng lực hút làm sạch thảm', 'Vượt chướng ngại vật ngưỡng cao 22mm', 'Tự động thu gom bụi vào túi rác', 'Tự động giặt giẻ lau bằng nước nóng 70 độ C']}","{'Phụ kiện trong hộp': ['Trạm sạc', 'Dây nguồn', 'Sách HDSD', 'Đế lau xoay', 'Giẻ lau xoay', 'Chổi quét cạnh', 'Chổi chính', 'Bộ lọc', 'Túi đựng bụi', 'Bình chứa nước sạch', 'Bình chứa nước bẩn']}"
13,00907073,Robot hút bụi lau nhà Ecovacs Deebot X2 Combo,Mua ngay,Ecovacs,Gia dụng thông minh,Robot hút bụi,"['Trạm sạc đa nhiệm ', 'Hệ thống lọc HEPA ', 'Lực hút 8700 Pa ']",39900000,25890000,35,2024-10-31T23:59:00.000+07:00,"['Tặng nước lau sàn', 'Chủ thẻ OCB: Giảm thêm 500,000đ', 'Giảm 5% cho đơn từ 53,000đ', 'Giảm ngay 1 triệu khi mở thẻ tín dụng VPBank', 'Giảm đến 700.000đ khi thanh toán trả góp qua Kredivo', 'Giảm đến 1 triệu trả góp qua thẻ Visa']",https://fptshop.com.vn/may-hut-bui/robot-hut-bui-lau-nha-ecovacs-deebot-x2-combo?sku=00907073,https://cdn2.fptshop.com.vn/unsafe/2024_3_4_638451550921357319_robot-hut-bui-lau-nha-ecovacs-deebot-x2-omni-combo-1.jpg,Đen,"{'Model': 'Deebot X2 Combo', 'Xuất xứ': ['Trung Quốc'], 'Thời điểm ra mắt': '2024', 'Thời gian bảo hành (tháng)': 24, 'Hướng dẫn bảo quản': 'Để nơi khô ráo, nhẹ tay, dễ vỡ.', 'Màu sắc': ['Đen']}","{'Kích thước': '397 x 443 x 527.5 mm', 'Trọng lượng sản phẩm': [{'displayValue': '24.2 kg', 'value': 24.2}]}","{'Loại máy hút bụi': ['Robot hút bụi'], 'Công suất hút': '8700 Pa', 'Độ ồn lớn nhất': ['64.9 dB'], 'Bộ lọc bụi cho máy': ['HEPA'], 'Công nghệ hút bụi': ['Động cơ không chổi than'], 'Chế độ hút thông minh': ['Chế độ chạy hút cạnh tường'], 'Thời gian sử dụng': ['Khoảng 186 phút']}","{'Dung lượng pin': [{'displayValue': '6400 mAh', 'value': 6400}]}","{'Tính năng': ['Khả năng dọn dẹp cá nhân hóa, nhận dạng và hạn chế va chạm 99% với công nghệ AIVI 3D 2.0', 'Điều hướng chính xác, không bỏ sót và lập bản đồ nhà 3D chi tiết bằng công nghệ True Mapping 2.0 và công nghệ AINA', 'Hệ thống lau xoay OZMO™ Turbo 2.0 làm sạch sâu, loại bỏ vết bẩn', 'Điều khiển bằng lệnh nói với trợ lý  AI YIKO 2.0', 'Điều khiển từ xa qua App Ecovacs Home giao diện tiếng Việt'], 'Tiện ích': ['Tự động giặt, sấy khô giẻ', 'Dock tự động hút rác', 'Cảm biến thảm', 'Cảm biến chống rơi, chống va chạm', 'Xem video theo thời gian thực', 'Nâng giẻ khi gặp thảm', 'Dễ vệ sinh']}",
14,00880892,Robot hút bụi lau nhà Ecovacs Deebot T10 OMNI,Mua ngay,Ecovacs,Gia dụng thông minh,Robot hút bụi,"['Vừa hút bụi, vừa lau sàn', 'Trạm sạc ', 'Lực hút 5000 Pa ']",26900000,12990000,52,2024-10-27T23:59:00.000+07:00,"['Tặng nước lau sàn', 'Chủ thẻ OCB: Giảm thêm 500,000đ', 'Giảm 5% cho đơn từ 53,000đ', 'Giảm ngay 1 triệu khi mở thẻ tín dụng VPBank', 'Giảm đến 700.000đ khi thanh toán trả góp qua Kredivo', 'Giảm đến 1 triệu trả góp qua thẻ Visa']",https://fptshop.com.vn/may-hut-bui/robot-hut-bui-lau-nha-ecovacs-deebot-t10-omni?sku=00880892,https://cdn2.fptshop.com.vn/unsafe/2023_6_15_638224428350722339_robot-hut-bui-lau-nha-ecovacs-deebot-t10-omni-4.jpg,Trắng,"{'Model': 'Deebot T10 Omni', 'Xuất xứ': ['Trung Quốc'], 'Thời điểm ra mắt': '2022', 'Thời gian bảo hành (tháng)': 24, 'Hướng dẫn bảo quản': 'Để nơi khô ráo, nhẹ tay, dễ vỡ.', 'Màu sắc': ['Trắng']}","{'Kích thước': '430 x 448 x 578 mm', 'Trọng lượng sản phẩm': [{'displayValue': '24.2 kg', 'value': 24.2}]}","{'Loại máy hút bụi': ['Robot hút bụi'], 'Công suất': ['45 W'], 'Công suất hút': '5000 Pa', 'Độ ồn lớn nhất': ['65.5 - 72 dB'], 'Bộ lọc bụi cho máy': ['HEPA'], 'Chế độ hút thông minh': ['Chế độ tự động', 'Chế độ chạy hút cạnh tường', 'Chế độ zigzag'], 'Dung tích bình chứa': ['Hộp nước dơ 4 lít', 'Hộp nước sạch 4 lít', 'Hộp bụi: 3 lít', 'Hộp bụi: 0.42 lít'], 'Thời gian sử dụng': ['3 - 4 giờ Chế độ bình thường'], 'Thời gian sạc đầy': ['6 giờ'], 'Ứng dụng kết nối': ['Ecovacs Home']}","{'Dung lượng pin': [{'displayValue': '5200 mAh', 'value': 5200}]}","{'Tính năng': ['Trạm sạc có chức năng dọn dẹp rác của robot', 'Thiết lập tường ảo/ Khu vực giới hạn', 'Công nghệ nhận diện AIVI 3D', 'Điền khiển từ xa', 'Setup chế độ trực tiếp trên ứng dụng Ecovacs Home', 'Trợ lý giọng nói thông minh YIKO', '3 chế độ vệ sinh: quét, hút và lau nhà', 'Tự động về dock sạc khi dọn dẹp xong', 'Tự làm sạch giẻ khi đang sử dụng', 'Hộc nước dơ, sạch riêng biệt', 'Làm sạch 3 trong 1: Hút bụi, lau nhà, giặt', 'Tiếp tục làm sạch tại điểm dừng', 'Hẹn giờ dọn dẹp cho từng khu vực', 'Tránh vật cảm 20mm', 'Dọn dẹp theo khu vực'], 'Tiện ích': ['Có thể leo vật cản 20 mm', 'Vừa hút vừa lau nhà', 'Tự quay lại dock sạc khi hết pin', 'Kết nối qua wifi', 'Lưu chế độ đang chạy khi mất điện', 'Hỗ trợ đàm thoại 2 chiều', 'Tự động giặt khăn lau', 'Màng lọc không khí HEPA', 'Cài đặt tùy chỉnh cho từng phòng', 'Quét bản đồ 360 độ', 'Khử trùng bằng ion bạc', 'Công nghệ trí tuệ nhân tạo AIVI thế hệ mới', 'Sấy khô khăn lau bằng hơi nóng', 'Thiết lập bản đồ di chuyển thông minh', 'Hỗ trợ điều khiển giọng nói', 'Hệ thống lập bản đồ TrueMapping 3D 2.0', 'Điều khiển bằng điện thoại qua ứng dụng riêng', 'Khay chứa bụi dễ dàng tháo rời để vệ sinh', 'Lưới lọc có thể tháo rời', 'Thiết lập bản đồ nhiều tầng', 'Hệ thống lau xoay OZMO Turbo 2.0']}","{'Phụ kiện trong hộp': ['Sách HDSD', 'Dây nguồn']}"
15,00850601,Robot hút bụi Takdir V3-2s VC,Mua ngay,Takdir,Gia dụng thông minh,Robot hút bụi,"['Vừa hút bụi, vừa lau sàn', 'Lực hút mạnh mẽ 2000 Pa', 'Dung lượng pin 4400 mAh']",4290000,1490000,65,2024-10-27T23:59:00.000+07:00,"['Giảm 5% cho đơn từ 53,000đ', 'Giảm ngay 1 triệu khi mở thẻ tín dụng VPBank', 'Giảm đến 700.000đ khi thanh toán trả góp qua Kredivo', 'Giảm đến 1 triệu trả góp qua thẻ Visa']",https://fptshop.com.vn/may-hut-bui/robot-hut-bui-takdir-v3-2s-vc?sku=00850601,https://cdn2.fptshop.com.vn/unsafe/2022_12_14_638066157746428644_robot-hut-bui-takdir-v3-2s-vc-3.jpg,Trắng,"{'Model': 'V32s', 'Xuất xứ': ['Trung Quốc'], 'Thời điểm ra mắt': '08/2021', 'Thời gian bảo hành (tháng)': 12, 'Hướng dẫn bảo quản': 'Để nơi khô ráo, nhẹ tay, dễ vỡ.', 'Màu sắc': ['Trắng']}","{'Kích thước': '49*12*37 cm', 'Trọng lượng sản phẩm': [{'displayValue': '3626 g', 'value': 3626}]}","{'Loại máy hút bụi': ['Robot hút bụi'], 'Công suất hút': '2000 Pa', 'Độ ồn lớn nhất': ['50 - 65 dB'], 'Bộ lọc bụi cho máy': ['HEPA E12'], 'Công nghệ hút bụi': ['Công nghệ tăng áp kép hút rãnh khe sâu 4mm'], 'Chế độ hút thông minh': ['Chế độ chạy hút cạnh tường', 'Chế độ tự động', 'Chế độ lốc xoáy', 'Chế độ zigzag', 'Chế độ xoắn ốc'], 'Dung tích bình chứa': ['Hộp nước: 0.2 lít', 'Hộp bụi: 0.6 lít'], 'Thời gian sử dụng': ['3 - 4 giờ Chế độ bình thường'], 'Thời gian sạc đầy': ['3 - 4 giờ'], 'Đầu hút bụi': ['Đầu hút đa năng'], 'Ứng dụng kết nối': ['SmartThings']}","{'Dung lượng pin': [{'displayValue': '4400 mAh', 'value': 4400}]}","{'Tính năng': ['3 chế độ vệ sinh: quét, hút và lau nhà.', 'Hỗ trợ Tiếng Việt trên App', 'Chống va đập', 'Tự động về dock sạc khi dọn dẹp xong', 'Điền khiển từ xa', 'Dễ dàng thao tác', '3 chế độ lau dọn: Chế độ mặc định, Im lặng, Tối đa', 'Kết nối với điện thoại bằng Wifi'], 'Tiện ích': ['Tự chạy về đốc sạc khi pin còn dưới 20%', 'Kết nối qua wifi', 'Đèn cảnh báo lỗi trên robot', 'Thiết lập bản đồ di chuyển thông minh', 'Cảnh báo thay bộ lọc', 'Hẹn giờ', 'Có chổi vệ sinh máy', 'Tự ngắt khi sạc đầy', 'Khay chứa bụi dễ dàng tháo rời để vệ sinh', 'Có chế độ tiết kiệm điện']}","{'Phụ kiện trong hộp': ['Chổi vệ sinh', 'Dock sạc', 'Adapter', 'Bàn chải vệ sinh máy', 'Chổi chính', 'Điều khiển']}"
16,00899769,Robot hút bụi lau nhà Ecovacs Deebot X2 OMNI,Mua ngay,Ecovacs,Gia dụng thông minh,Robot hút bụi,"['Vừa hút bụi, vừa lau sàn', 'Lực hút mạnh mẽ 8000 Pa', 'Dung lượng pin 6400 mAh']",34900000,20890000,40,2024-10-31T23:59:00.000+07:00,"['Tặng nước lau sàn', 'Chủ thẻ OCB: Giảm thêm 500,000đ', 'Giảm 5% cho đơn từ 53,000đ', 'Giảm ngay 1 triệu khi mở thẻ tín dụng VPBank', 'Giảm đến 700.000đ khi thanh toán trả góp qua Kredivo', 'Giảm đến 1 triệu trả góp qua thẻ Visa']",https://fptshop.com.vn/may-hut-bui/robot-hut-bui-lau-nha-ecovacs-deebot-x2-omni?sku=00899769,https://cdn2.fptshop.com.vn/unsafe/2023_8_18_638279473706813104_robot-hut-bui-lau-nha-ecovacs-deebot-x2-omni-den-1.jpg,Đen,"{'Model': 'Deebot X2 OMNI', 'Xuất xứ': ['Việt Nam / Trung Quốc'], 'Thời điểm ra mắt': '2023', 'Thời gian bảo hành (tháng)': 24, 'Hướng dẫn bảo quản': 'Để nơi khô ráo, nhẹ tay, dễ vỡ.', 'Màu sắc': ['Đen']}","{'Kích thước': '459*469*623 mm', 'Trọng lượng sản phẩm': [{'displayValue': '16 kg', 'value': 16}]}","{'Loại máy hút bụi': ['Robot hút bụi'], 'Công suất hút': '8000 Pa', 'Độ ồn lớn nhất': ['62 dB'], 'Bộ lọc bụi cho máy': ['HEPA 13'], 'Công nghệ hút bụi': ['Hệ thống cảm biến thông minh'], 'Chế độ hút thông minh': ['Phát hiện bụi bẩn thông minh'], 'Dung tích bình chứa': ['4 lít', '4 lít'], 'Thời gian sử dụng': ['2 - 3 giờ'], 'Thời gian sạc đầy': ['3 - 6 giờ'], 'Ứng dụng kết nối': ['Ecovacs Home']}","{'Dung lượng pin': [{'displayValue': '6400 mAh', 'value': 6400}]}","{'Tính năng': ['Trạm sạc có chức năng dọn dẹp rác của robot', 'Làm sạch 3 trong 1: Hút bụi, lau nhà, giặt', 'Trợ lý giọng nói thông minh YIKO', 'Tự động về dock sạc khi dọn dẹp xong'], 'Tiện ích': ['Hệ thống lập bản đồ TrueMapping 3D 2.0', 'Robot thu video truyền phát trực tiếp', 'Tự động giặt khăn lau']}","{'Phụ kiện trong hộp': ['Sách HDSD', 'Dây nguồn']}"
17,00907069,Robot hút bụi lau nhà Ecovacs Deebot T30 Pro Omni,Mua ngay,Ecovacs,Gia dụng thông minh,Robot hút bụi,[],29900000,16890000,44,2024-10-31T23:59:00.000+07:00,"['Tặng nước lau sàn', 'Chủ thẻ OCB: Giảm thêm 500,000đ', 'Giảm 5% cho đơn từ 53,000đ', 'Giảm ngay 1 triệu khi mở thẻ tín dụng VPBank', 'Giảm đến 700.000đ khi thanh toán trả góp qua Kredivo', 'Giảm đến 1 triệu trả góp qua thẻ Visa']",https://fptshop.com.vn/may-hut-bui/robot-hut-bui-lau-nha-ecovacs-deebot-t30-pro-omni?sku=00907069,https://cdn2.fptshop.com.vn/unsafe/2024_3_14_638460242751671512_robot-hut-bui-lau-nha-ecovacs-deebot-t30-pro-omni-den-2.jpg,Đen,"{'Model': 'Deebot T30 Omni', 'Xuất xứ': ['Trung Quốc'], 'Thời điểm ra mắt': '2024', 'Thời gian bảo hành (tháng)': 24, 'Hướng dẫn bảo quản': 'Để nơi khô ráo, nhẹ tay, dễ vỡ.', 'Màu sắc': ['Đen']}","{'Kích thước': '35 x 35 x 10.2 cm', 'Trọng lượng sản phẩm': [{'displayValue': '20 kg', 'value': 20}]}","{'Loại máy hút bụi': ['Robot hút bụi'], 'Công suất hút': '11000 Pa', 'Độ ồn lớn nhất': ['70 dB'], 'Bộ lọc bụi cho máy': ['HEPA'], 'Công nghệ hút bụi': ['Động cơ không chổi than'], 'Chế độ hút thông minh': ['Chế độ chạy hút cạnh tường'], 'Thời gian sử dụng': ['260 phút']}","{'Dung lượng pin': [{'displayValue': '5200 mAh', 'value': 5200}]}","{'Tính năng': ['Nâng cấp Công nghệ lau xoay 360 độ OZMO™ Turbo 2.0', 'Lập bản đồ tiên tiến TrueMapping 2.0 trong 6 phút', 'Công nghệ TrueDetect 3D nhận diện và tránh vật cản', 'Giặt sấy giẻ lau bằng khí nóng 55 độ C', 'Tự động nâng giẻ 9mm khi gặp thảm', 'Tự động sạc và khôi phục chu trình làm sạch', 'Kết nối các thiết bị thông minh', 'Trợ lý giọng nói thông minh YIKO', 'Thiết lập tường ảo/ Khu vực giới hạn'], 'Tiện ích': ['Điều khiển qua app']}",
18,00907070,Robot hút bụi lau nhà Ecovacs Deebot T30 Pro Omni,Mua ngay,Ecovacs,Gia dụng thông minh,Robot hút bụi,[],29900000,16890000,44,2024-10-31T23:59:00.000+07:00,"['Tặng nước lau sàn', 'Chủ thẻ OCB: Giảm thêm 500,000đ', 'Giảm 5% cho đơn từ 53,000đ', 'Giảm ngay 1 triệu khi mở thẻ tín dụng VPBank', 'Giảm đến 700.000đ khi thanh toán trả góp qua Kredivo', 'Giảm đến 1 triệu trả góp qua thẻ Visa']",https://fptshop.com.vn/may-hut-bui/robot-hut-bui-lau-nha-ecovacs-deebot-t30-pro-omni?sku=00907070,https://cdn2.fptshop.com.vn/unsafe/2024_3_4_638451617993702550_robot-hut-bui-lau-nha-ecovacs-deebot-t30-pro-omni-trang-1.jpg,Trắng,"{'Model': 'Deebot T30 Omni', 'Xuất xứ': ['Trung Quốc'], 'Thời điểm ra mắt': '2024', 'Thời gian bảo hành (tháng)': 24, 'Hướng dẫn bảo quản': 'Để nơi khô ráo, nhẹ tay, dễ vỡ.', 'Màu sắc': ['Đen']}","{'Kích thước': '35 x 35 x 10.2 cm', 'Trọng lượng sản phẩm': [{'displayValue': '20 kg', 'value': 20}]}","{'Loại máy hút bụi': ['Robot hút bụi'], 'Công suất hút': '11000 Pa', 'Độ ồn lớn nhất': ['70 dB'], 'Bộ lọc bụi cho máy': ['HEPA'], 'Công nghệ hút bụi': ['Động cơ không chổi than'], 'Chế độ hút thông minh': ['Chế độ chạy hút cạnh tường'], 'Thời gian sử dụng': ['260 phút']}","{'Dung lượng pin': [{'displayValue': '5200 mAh', 'value': 5200}]}","{'Tính năng': ['Nâng cấp Công nghệ lau xoay 360 độ OZMO™ Turbo 2.0', 'Lập bản đồ tiên tiến TrueMapping 2.0 trong 6 phút', 'Công nghệ TrueDetect 3D nhận diện và tránh vật cản', 'Giặt sấy giẻ lau bằng khí nóng 55 độ C', 'Tự động nâng giẻ 9mm khi gặp thảm', 'Tự động sạc và khôi phục chu trình làm sạch', 'Kết nối các thiết bị thông minh', 'Trợ lý giọng nói thông minh YIKO', 'Thiết lập tường ảo/ Khu vực giới hạn'], 'Tiện ích': ['Điều khiển qua app']}",
19,00800910,Hộp khăn lau Ecovacs OZMO T8 AIVI,Mua ngay,Ecovacs,Gia dụng thông minh,Robot hút bụi,[],289000,289000,0,,"['Giảm 5% cho đơn từ 53,000đ', 'Giảm ngay 1 triệu khi mở thẻ tín dụng VPBank', 'Giảm đến 700.000đ khi thanh toán trả góp qua Kredivo', 'Giảm đến 1 triệu trả góp qua thẻ Visa']",https://fptshop.com.vn/phu-kien/hop-khan-lau-ozmo-t8-aivi?sku=00800910,https://cdn2.fptshop.com.vn/unsafe/2023_6_7_638217329621983539_hop-khan-lau-ozmo-t8-aivi-1.jpg,Trắng,"{'Model': 'Deebot OZMO T8 AIVI', 'Xuất xứ': ['Trung Quốc'], 'Thời điểm ra mắt': '2021', 'Hướng dẫn bảo quản': 'Để nơi khô ráo, nhẹ tay, dễ vỡ.', 'Màu sắc': ['Trắng']}","{'Kích thước': '12x3x20 cm', 'Trọng lượng sản phẩm': [{'displayValue': '200 g', 'value': 200}]}","{'Loại máy hút bụi': ['Robot hút bụi'], 'Công suất hút': '2000 Pa', 'Độ ồn lớn nhất': ['22 - 66 dB'], 'Bộ lọc bụi cho máy': ['HEPA'], 'Chế độ hút thông minh': ['Chế độ tự động'], 'Dung tích bình chứa': ['Hộp bụi: 0.43 lít']}","{'Dung lượng pin': [{'displayValue': '5200 mAh', 'value': 5200}]}","{'Tính năng': ['3 chế độ vệ sinh: quét, hút và lau nhà.']}",{'Phụ kiện trong hộp': ['3 tấm giẻ lau']}
20,00905296,Hộp khăn lau xoay Ecovacs Deebot T20 omni,Mua ngay,Ecovacs,Gia dụng thông minh,Robot hút bụi,[],898000,299000,67,2024-10-31T23:59:00.000+07:00,"['Giảm 5% cho đơn từ 53,000đ', 'Giảm ngay 1 triệu khi mở thẻ tín dụng VPBank', 'Giảm đến 700.000đ khi thanh toán trả góp qua Kredivo', 'Giảm đến 1 triệu trả góp qua thẻ Visa']",https://fptshop.com.vn/phu-kien/hop-khan-lau-xoay-ecovacs-deebot-t20-omni?sku=00905296,https://cdn2.fptshop.com.vn/unsafe/2023_12_28_638393681606265601_hop-khan-lau-xoay-ecovacs-deebot-t20-omni-3.jpg,Trắng,"{'Model': 'Ecovacs T20 omni', 'Xuất xứ': ['Trung Quốc'], 'Thời điểm ra mắt': '2023', 'Thời gian bảo hành (tháng)': 12, 'Hướng dẫn bảo quản': 'Để nơi khô ráo, nhẹ tay, dễ vỡ.', 'Màu sắc': ['Trắng']}","{'Kích thước': '20.6 x 12.8 x 7 cm', 'Trọng lượng sản phẩm': [{'displayValue': '350 g', 'value': 350}]}","{'Loại máy hút bụi': ['PK robot hút bụi'], 'Công suất hút': 'Đang cập nhật', 'Độ ồn lớn nhất': ['65.5 - 75 dBA'], 'Bộ lọc bụi cho máy': ['HEPA'], 'Công nghệ hút bụi': ['Công nghệ hút chân không'], 'Chế độ hút thông minh': ['Chế độ lốc xoáy'], 'Dung tích bình chứa': ['Hộp bụi: 1.25 lít']}",,,
21,00858427,Nước lau sàn dành cho robot hút bụi lau nhà Ecovacs,Mua ngay,Ecovacs,Gia dụng thông minh,Robot hút bụi,[],139000,139000,0,,"['Giảm 5% cho đơn từ 53,000đ', 'Giảm ngay 1 triệu khi mở thẻ tín dụng VPBank', 'Giảm đến 700.000đ khi thanh toán trả góp qua Kredivo', 'Giảm đến 1 triệu trả góp qua thẻ Visa']",https://fptshop.com.vn/phu-kien/nuoc-lau-san-danh-cho-robot-hut-bui-lau-nha-ecovacs?sku=00858427,/,,,,,,,
22,00906284,Hộp phụ kiện cho Robot hút bụi Ecovacs dòng T10 Series và X1 Omni D-KT01-0022,Mua ngay,Ecovacs,Gia dụng thông minh,Robot hút bụi,[],619000,439000,29,2024-10-31T23:59:00.000+07:00,"['Giảm 5% cho đơn từ 53,000đ', 'Giảm ngay 1 triệu khi mở thẻ tín dụng VPBank', 'Giảm đến 700.000đ khi thanh toán trả góp qua Kredivo', 'Giảm đến 1 triệu trả góp qua thẻ Visa']",https://fptshop.com.vn/phu-kien/hop-phu-kien-cho-robot-hut-bui-ecovacs-t10-series-x1-omni-d-kt01-0022?sku=00906284,https://cdn2.fptshop.com.vn/unsafe/2024_3_22_638466954771763807_hop-phu-kien-cho-robot-hut-bui-ecovacs-t10-series-x1-omni-d-kt01-0022-1.jpg,Trắng,"{'Model': 'D-KT01-0022', 'Xuất xứ': ['Trung Quốc'], 'Thời điểm ra mắt': '2020', 'Hướng dẫn bảo quản': 'Để nơi khô ráo, nhẹ tay, dễ vỡ.', 'Màu sắc': ['Trắng']}","{'Kích thước': '21.1 x 8.4 x 24.6 cm', 'Trọng lượng sản phẩm': [{'displayValue': '400 g', 'value': 400}]}","{'Công suất hút': '5000 Pa', 'Độ ồn lớn nhất': ['64 dB'], 'Bộ lọc bụi cho máy': ['HEPA'], 'Chế độ hút thông minh': ['Chế độ tự động']}",,,"{'Phụ kiện trong hộp': ['Chổi chính', 'Chổi quét cạnh', 'Bộ lọc']}"
23,00864450,Robot hút bụi Xiaomi Robot Vacuum E10,Mua ngay,Xiaomi,Gia dụng thông minh,Robot hút bụi,"[""Thời gian hoạt động 110'"", 'Hút bụi lau sàn 2 in 1', 'Lực hút 4000 Pa ']",6490000,3990000,39,2024-10-31T23:59:00.000+07:00,"['Giảm 5% cho đơn từ 53,000đ', 'Giảm ngay 1 triệu khi mở thẻ tín dụng VPBank', 'Giảm đến 700.000đ khi thanh toán trả góp qua Kredivo', 'Giảm đến 1 triệu trả góp qua thẻ Visa']",https://fptshop.com.vn/may-hut-bui/robot-hut-bui-xiaomi-robot-vacuum-e10?sku=00864450,https://cdn2.fptshop.com.vn/unsafe/2023_3_14_638144053858574378_robot-hut-bui-xiaomi-robot-vacuum-e10-5.jpg,Trắng,"{'Model': 'Robot Vacuum E10', 'Xuất xứ': ['Trung Quốc'], 'Thời điểm ra mắt': '2023', 'Thời gian bảo hành (tháng)': 12, 'Hướng dẫn bảo quản': 'Để nơi khô ráo, nhẹ tay, dễ vỡ.', 'Màu sắc': ['Trắng']}","{'Kích thước': '325 x 325 x 80 mm', 'Trọng lượng sản phẩm': [{'displayValue': '3.2 kg', 'value': 3.2}]}","{'Công suất hút': '4000 Pa', 'Chế độ hút thông minh': ['Chế độ tự động'], 'Ứng dụng kết nối': ['Mi Home']}","{'Dung lượng pin': [{'displayValue': '2600 mAh', 'value': 2600}]}",{'Tiện ích': ['Hỗ trợ điều khiển giọng nói']},
24,00907647,Robot hút bụi lau nhà Xiaomi Vacuum X20,Mua ngay,Xiaomi,Gia dụng thông minh,Robot hút bụi,"['Chống rơi ', '3D map ', 'Lực hút 5000 Pa ']",9990000,8990000,10,2024-10-31T23:59:00.000+07:00,"['Giảm 5% cho đơn từ 53,000đ', 'Giảm ngay 1 triệu khi mở thẻ tín dụng VPBank', 'Giảm đến 700.000đ khi thanh toán trả góp qua Kredivo', 'Giảm đến 1 triệu trả góp qua thẻ Visa']",https://fptshop.com.vn/may-hut-bui/robot-hut-bui-lau-nha-xiaomi-vacuum-x20?sku=00907647,https://cdn2.fptshop.com.vn/unsafe/2024_4_19_638491442454359572_robot-hut-bui-lau-nha-xiaomi-vacuum-x20-1.jpg,Trắng,"{'Model': 'Xiaomi Vacuum X20', 'Xuất xứ': ['Trung Quốc'], 'Thời điểm ra mắt': '2024', 'Thời gian bảo hành (tháng)': 12, 'Hướng dẫn bảo quản': 'Để nơi khô ráo, nhẹ tay, dễ vỡ.', 'Màu sắc': ['Trắng']}","{'Kích thước': '50 x 353 x 96.5 mm', 'Trọng lượng sản phẩm': [{'displayValue': '7.5 kg', 'value': 7.5}]}","{'Loại máy hút bụi': ['Robot hút bụi'], 'Công suất hút': '5000 Pa', 'Độ ồn lớn nhất': ['64 dB'], 'Bộ lọc bụi cho máy': ['HEPA'], 'Chế độ hút thông minh': ['Chế độ zigzag'], 'Thời gian sử dụng': ['3 giờ'], 'Ứng dụng kết nối': ['Mi Home']}","{'Dung lượng pin': [{'displayValue': '5200 mAh', 'value': 5200}]}","{'Tính năng': ['Tạo lập bản đồ 3D', 'Lưu bản đồ 4 tầng', 'Lau xoay 360 độ Turbo cải tiến', 'Tự động giặt giẻ lau', 'Công nghệ tránh vật cản Reactive', 'Sạc nhanh hơn 30%', 'Điều hướng LDS'], 'Tiện ích': ['Tháo dời nhanh', 'Điều khiển thiết bị qua ứng dụng', 'Trợ lý ảo Google và Alexaz', 'Khả năng leo 15mm']}",{'Phụ kiện trong hộp': ['Dock sạc']}
25,00800914,Hộp phụ kiện Ecovacs Deebot OZMO920/950,Mua ngay,Ecovacs,Gia dụng thông minh,Robot hút bụi,[],569000,569000,0,,"['Giảm 5% cho đơn từ 53,000đ', 'Giảm ngay 1 triệu khi mở thẻ tín dụng VPBank', 'Giảm đến 700.000đ khi thanh toán trả góp qua Kredivo', 'Giảm đến 1 triệu trả góp qua thẻ Visa']",https://fptshop.com.vn/phu-kien/hop-phu-kien-deebot-ozmo920-950?sku=00800914,https://cdn2.fptshop.com.vn/unsafe/2022_3_31_637843357213674501_hop-phu-kien-deebot-ozmo920-950-trang-1.jpg,Trắng,"{'Xuất xứ': ['Trung Quốc'], 'Thời điểm ra mắt': '2021', 'Hướng dẫn bảo quản': 'Để nơi khô ráo, nhẹ tay, dễ vỡ.', 'Màu sắc': ['Trắng']}","{'Kích thước': '20x8x23 cm', 'Trọng lượng sản phẩm': [{'displayValue': '300 g', 'value': 300}]}","{'Loại máy hút bụi': ['Robot hút bụi'], 'Công suất hút': '3000 Pa', 'Độ ồn lớn nhất': ['22 - 66 dB'], 'Bộ lọc bụi cho máy': ['HEPA'], 'Công nghệ hút bụi': ['Công nghệ tăng áp kép hút rãnh khe sâu 4mm'], 'Chế độ hút thông minh': ['Chế độ tự động'], 'Dung tích bình chứa': ['Hộp bụi: 0.43 lít']}","{'Dung lượng pin': [{'displayValue': '5200 mAh', 'value': 5200}]}","{'Tính năng': ['3 chế độ vệ sinh: quét, hút và lau nhà.']}","{'Phụ kiện trong hộp': ['2 cặp chổi ven', '1 chổi chính', '3 tấm lọc bụi']}"
26,00783657,Robot hút bụi lau nhà Ecovacs Deebot Ozmo T8 Aivi Đen,Mua ngay,Ecovacs,Gia dụng thông minh,Robot hút bụi,"['Lực hút 1500 Pa ', 'Vừa hút bụi, vừa lau sàn', 'Dung lượng pin  5200 mAh']",14900000,10990000,26,2024-10-31T23:59:00.000+07:00,"['Chủ thẻ OCB: Giảm thêm 500,000đ', 'Giảm 5% cho đơn từ 53,000đ', 'Giảm ngay 1 triệu khi mở thẻ tín dụng VPBank', 'Giảm đến 700.000đ khi thanh toán trả góp qua Kredivo', 'Giảm đến 1 triệu trả góp qua thẻ Visa']",https://fptshop.com.vn/may-hut-bui/robot-hut-bui-lau-nha-ecovacs-deebot-ozmo-t8-aivi?sku=00783657,https://cdn2.fptshop.com.vn/unsafe/2021_11_19_637729096284279623_00783657-2.jpg,Đen,"{'Model': 'Deebot OZMO T8 AIVI', 'Xuất xứ': ['Trung Quốc'], 'Thời điểm ra mắt': '2020', 'Thời gian bảo hành (tháng)': 24, 'Màu sắc': ['Đen']}","{'Kích thước': '35 x 35 x 9.3 cm', 'Trọng lượng sản phẩm': [{'displayValue': '4.1 kg', 'value': 4.1}]}","{'Công suất hút': '1500 Pa', 'Độ ồn lớn nhất': ['65.5 - 75 dBA'], 'Bộ lọc bụi cho máy': ['HEPA'], 'Công nghệ hút bụi': ['Công nghệ tăng áp kép hút rãnh khe sâu 4mm'], 'Dung tích bình chứa': ['Hộp bụi: 0.43 lít'], 'Ứng dụng kết nối': ['Ecovacs Home']}","{'Dung lượng pin': [{'displayValue': '5200 mAh', 'value': 5200}]}","{'Tiện ích': ['Robot thu video truyền phát trực tiếp', 'Điều khiển bằng điện thoại qua ứng dụng riêng', 'Công nghệ trí tuệ nhân tạo AIVI thế hệ mới', 'Truemaping giúp robot lập bản đồ']}","{'Phụ kiện trong hộp': ['Ngăn đựng nước', 'Khăn lau', 'Chổi ven', 'Dock sạc', 'Chổi chính', 'Dây nguồn', 'Bộ lọc hiệu suất cao', 'Dụng cụ vệ sinh robot']}"
27,00855989,Robot hút bụi lau nhà Ecovacs Deebot Ozmo T8 Max (DLX11-61),Mua ngay,Ecovacs,Gia dụng thông minh,Robot hút bụi,"['Lực hút 1600 Pa ', 'Dung lượng pin  5200 mAh', 'Vừa hút bụi, vừa lau sàn']",8900000,4990000,44,2024-10-31T23:59:00.000+07:00,"['Giảm 5% cho đơn từ 53,000đ', 'Giảm ngay 1 triệu khi mở thẻ tín dụng VPBank', 'Giảm đến 700.000đ khi thanh toán trả góp qua Kredivo', 'Giảm đến 1 triệu trả góp qua thẻ Visa']",https://fptshop.com.vn/may-hut-bui/robot-hut-bui-lau-nha-ecovacs-deebot-oozmo-t8-max-trang-tq?sku=00855989,https://cdn2.fptshop.com.vn/unsafe/2022_9_14_637987450010342664_robot-hut-bui-lau-nha-ecovacs-deebot-oozmo-t8-max-trang-tq-3.jpg,Trắng,"{'Model': 'Ozmo T8 Max', 'Xuất xứ': ['Việt Nam / Trung Quốc'], 'Thời điểm ra mắt': '2021', 'Thời gian bảo hành (tháng)': 24, 'Hướng dẫn bảo quản': 'Để nơi khô ráo, nhẹ tay, dễ vỡ.', 'Màu sắc': ['Trắng']}","{'Kích thước': '352 x 352 x 93 mm', 'Trọng lượng sản phẩm': [{'displayValue': '3700 kg', 'value': 3700}]}","{'Loại máy hút bụi': ['Robot hút bụi'], 'Công suất hút': '1500 Pa', 'Độ ồn lớn nhất': ['Dưới 78 dB'], 'Bộ lọc bụi cho máy': ['HEPA'], 'Công nghệ hút bụi': ['Động cơ không chổi than Nidec'], 'Chế độ hút thông minh': ['Chế độ tự động'], 'Dung tích bình chứa': ['Hộp bụi: 0.45 lít'], 'Thời gian sử dụng': ['180 phút Chế độ bình thường'], 'Thời gian sạc đầy': ['3 - 4 giờ'], 'Đầu hút bụi': ['Đầu hút 2 trong 1'], 'Ứng dụng kết nối': ['Ecovacs Home']}","{'Dung lượng pin': [{'displayValue': '5200 mAh', 'value': 5200}]}","{'Tính năng': ['3 chế độ lau dọn: Chế độ mặc định, Im lặng, Tối đa', 'Sạc không dây', '3 chế độ vệ sinh: quét, hút và lau nhà.', 'Sạc thông minh bảo vệ khi sạc quá mức', 'Điền khiển từ xa', 'Setup chế độ trực tiếp trên ứng dụng Ecovacs Home', 'Hẹn giờ dọn dẹp cho từng khu vực'], 'Tiện ích': ['Hệ thống điều hướng Laser LSD', 'Hệ thống điều hướng thông minh Smart Navi 3.0 lưu nhớ bản đồ', 'Khay chứa bụi dễ dàng tháo rời để vệ sinh', 'Đèn báo sạc đầy', 'Hệ thống lau thông minh OZMO điều chỉnh lượng nước', 'Tự ngắt khi sạc đầy', 'Kết nối qua wifi', 'Hẹn giờ', 'Tự quay lại dock sạc khi hết pin', 'Hệ thống TrueDetect 3D 2.0 phát hiện vật nhỏ giảm mắc kẹt']}","{'Phụ kiện trong hộp': ['Ngăn đựng nước', 'Sách HDSD', 'Dock sạc', 'Bộ lọc hiệu suất cao', 'Chổi ven', 'Chổi vệ sinh']}"
28,00850600,Robot hút bụi Takdir V3-1s VC,Mua ngay,Takdir,Gia dụng thông minh,Robot hút bụi,"['Vừa hút bụi, vừa lau sàn', 'Lực hút mạnh mẽ 2000 Pa', 'Dung lượng pin  5200 mAh']",3890000,1490000,62,2024-10-27T23:59:00.000+07:00,"['Giảm 5% cho đơn từ 53,000đ', 'Giảm ngay 1 triệu khi mở thẻ tín dụng VPBank', 'Giảm đến 700.000đ khi thanh toán trả góp qua Kredivo', 'Giảm đến 1 triệu trả góp qua thẻ Visa']",https://fptshop.com.vn/may-hut-bui/robot-hut-bui-takdir-v3-1s-vc?sku=00850600,https://cdn2.fptshop.com.vn/unsafe/2022_12_14_638066147224949699_robot-hut-bui-takdir-v3-1s-vc-dd.jpg,Đen,"{'Model': 'V31s', 'Xuất xứ': ['Trung Quốc'], 'Thời điểm ra mắt': '08/2021', 'Thời gian bảo hành (tháng)': 12, 'Hướng dẫn bảo quản': 'Để nơi khô ráo, nhẹ tay, dễ vỡ.', 'Màu sắc': ['Đen']}","{'Kích thước': '49*12*37 cm', 'Trọng lượng sản phẩm': [{'displayValue': '3626 g', 'value': 3626}]}","{'Loại máy hút bụi': ['Robot hút bụi'], 'Công suất hút': '2000 Pa', 'Độ ồn lớn nhất': ['50 - 65 dB'], 'Bộ lọc bụi cho máy': ['HEPA E12'], 'Công nghệ hút bụi': ['Công nghệ tăng áp kép hút rãnh khe sâu 4mm'], 'Chế độ hút thông minh': ['Chế độ chạy hút cạnh tường', 'Chế độ lốc xoáy', 'Chế độ tự động', 'Chế độ xoắn ốc', 'Chế độ zigzag'], 'Dung tích bình chứa': ['Hộp nước: 0.2 lít', 'Hộp bụi: 0.6 lít'], 'Thời gian sử dụng': ['2 - 3 giờ Chế độ bình thường'], 'Thời gian sạc đầy': ['3 - 4 giờ'], 'Đầu hút bụi': ['Đầu hút khe'], 'Ứng dụng kết nối': ['SmartThings']}","{'Dung lượng pin': [{'displayValue': '4400 mAh', 'value': 4400}]}","{'Tính năng': ['3 chế độ lau dọn: Chế độ mặc định, Im lặng, Tối đa', '3 chế độ vệ sinh: quét, hút và lau nhà.', 'Cảnh báo khi pin yếu', 'Chống va đập', 'Dễ dàng thao tác', 'Điền khiển từ xa'], 'Tiện ích': ['Cảnh báo thay bộ lọc', 'Chế độ Eco tiết kiệm điện', 'Có chổi vệ sinh máy', 'Dễ vệ sinh', 'Đèn cảnh báo lỗi trên robot', 'Phát hiện sự cố', 'Tự ngắt khi sạc đầy']}","{'Phụ kiện trong hộp': ['Adapter', 'Chân đế', 'Chổi chính', 'Chổi vệ sinh', 'Dock sạc']}"
29,00800917,"Hộp Khăn lau rung Ecovacs T8, T8 Aivi, N8 pro, T9 (hộp 10c)",Mua ngay,Ecovacs,Gia dụng thông minh,Robot hút bụi,[],279000,279000,0,,"['Giảm 5% cho đơn từ 53,000đ', 'Giảm ngay 1 triệu khi mở thẻ tín dụng VPBank', 'Giảm đến 700.000đ khi thanh toán trả góp qua Kredivo', 'Giảm đến 1 triệu trả góp qua thẻ Visa']",https://fptshop.com.vn/phu-kien/hop-khan-lau-rung-t8-t8-aivi-n8-pro-t9-hop-10c?sku=00800917,https://cdn2.fptshop.com.vn/unsafe/2022_3_31_637843357066171994_hop-khan-lau-rung-t8-t8-aivi-n8-pro-t9-hop-10c-trang-1.jpg,Trắng,"{'Model': 'Deebot OZMO T8 AIVI', 'Xuất xứ': ['Trung Quốc'], 'Thời điểm ra mắt': '2021', 'Hướng dẫn bảo quản': 'Để nơi khô ráo, nhẹ tay, dễ vỡ.', 'Màu sắc': ['Trắng']}","{'Kích thước': '28x11x2 cm', 'Trọng lượng sản phẩm': [{'displayValue': '300 g', 'value': 300}]}","{'Loại máy hút bụi': ['Robot hút bụi'], 'Công suất hút': '3000 Pa', 'Độ ồn lớn nhất': ['22 - 66 dB'], 'Bộ lọc bụi cho máy': ['HEPA'], 'Chế độ hút thông minh': ['Chế độ tự động'], 'Dung tích bình chứa': ['Hộp bụi: 0.43 lít']}","{'Dung lượng pin': [{'displayValue': '5200 mAh', 'value': 5200}]}","{'Tính năng': ['3 chế độ vệ sinh: quét, hút và lau nhà.']}",{'Phụ kiện trong hộp': ['10 miếng giẻ lau']}
30,00864452,Robot hút bụi Xiaomi Robot Vacuum S10,Mua ngay,Xiaomi,Gia dụng thông minh,Robot hút bụi,"['Đế sạc ', 'Hút bụi lau sàn 2 in 1', 'Lực hút 4000 Pa ']",8490000,4490000,47,2024-10-31T23:59:00.000+07:00,"['Giảm 5% cho đơn từ 53,000đ', 'Giảm ngay 1 triệu khi mở thẻ tín dụng VPBank', 'Giảm đến 700.000đ khi thanh toán trả góp qua Kredivo', 'Giảm đến 1 triệu trả góp qua thẻ Visa']",https://fptshop.com.vn/may-hut-bui/robot-hut-bui-xiaomi-robot-vacuum-s10?sku=00864452,https://cdn2.fptshop.com.vn/unsafe/2023_3_14_638144061147042408_robot-hut-bui-xiaomi-robot-vacuum-s10-2.jpg,Trắng,"{'Model': 'Robot Vacuum S10', 'Xuất xứ': ['Trung Quốc'], 'Thời điểm ra mắt': '2023', 'Thời gian bảo hành (tháng)': 12, 'Hướng dẫn bảo quản': 'Để nơi khô ráo, nhẹ tay, dễ vỡ.', 'Màu sắc': ['Trắng']}","{'Kích thước': '350 x 350 x 94.5 mm', 'Trọng lượng sản phẩm': [{'displayValue': '4.8 kg', 'value': 4.8}]}","{'Công suất hút': '4000 Pa', 'Chế độ hút thông minh': ['Chế độ chạy hút cạnh tường', 'Chế độ zigzag'], 'Ứng dụng kết nối': ['Mi Home']}","{'Dung lượng pin': [{'displayValue': '3200 mAh', 'value': 3200}]}",,"{'Phụ kiện trong hộp': ['Dây cáp sạc', 'Dock sạc', 'Dụng cụ vệ sinh robot']}"
31,00906619,Robot lau kính Ecovacs Winbot W1 Pro,Mua ngay,Ecovacs,Gia dụng thông minh,Robot hút bụi,"['Dây đai chống trượt ', 'Điều khiển giọng nói ', 'Lực hút 2800 Pa ']",12900000,8900000,31,2024-10-31T23:59:00.000+07:00,"['Chủ thẻ OCB: Giảm thêm 500,000đ', 'Giảm 5% cho đơn từ 53,000đ', 'Giảm ngay 1 triệu khi mở thẻ tín dụng VPBank', 'Giảm đến 700.000đ khi thanh toán trả góp qua Kredivo', 'Giảm đến 1 triệu trả góp qua thẻ Visa']",https://fptshop.com.vn/may-hut-bui/robot-lau-kinh-ecovacs-winbot-w1-pro?sku=00906619,https://cdn2.fptshop.com.vn/unsafe/2024_3_4_638451623876793947_robot-lau-kinh-ecovacs-winbot-w1-pro-3.jpg,Trắng,"{'Model': 'Winbot W1 Pro', 'Xuất xứ': ['Trung Quốc'], 'Thời điểm ra mắt': '2023', 'Thời gian bảo hành (tháng)': 12, 'Hướng dẫn bảo quản': 'Để nơi khô ráo, nhẹ tay, dễ vỡ.', 'Màu sắc': ['Trắng']}","{'Kích thước': '267 x 268 x 77.5 mm', 'Trọng lượng sản phẩm': [{'displayValue': '1.5 kg', 'value': 1.5}]}","{'Loại máy hút bụi': ['Robot hút bụi'], 'Công suất': ['96 W'], 'Công suất hút': '2800 Pa', 'Độ ồn lớn nhất': ['58 dB'], 'Bộ lọc bụi cho máy': ['HEPA'], 'Chế độ hút thông minh': ['Chế độ WIN-SLAM 3.0'], 'Thời gian sử dụng': ['30 - 50 Phút'], 'Ứng dụng kết nối': ['Ecovacs Home']}",,"{'Tính năng': ['Phát hiện cạnh chống lóa', 'Khăn sợi nhỏ', 'Hệ thống leo dốc ổn định', 'Lập kế hoạch di chuyển thông minh'], 'Tiện ích': ['Ghi nhớ vị trí', 'Chọn chế độ phun nước', 'Điều chỉnh đường đi', 'Theo dõi đường đi']}",
32,00783660,Robot hút bụi lau nhà Ecovacs Deebot T9 Trắng,Mua ngay,Ecovacs,Gia dụng thông minh,Robot hút bụi,"['Vừa hút bụi, vừa lau sàn', 'Lực hút mạnh mẽ 3000 Pa', 'Tự động xả rác ']",14990000,8990000,40,2024-10-31T23:59:00.000+07:00,"['Chủ thẻ OCB: Giảm thêm 500,000đ', 'Giảm 5% cho đơn từ 53,000đ', 'Giảm ngay 1 triệu khi mở thẻ tín dụng VPBank', 'Giảm đến 700.000đ khi thanh toán trả góp qua Kredivo', 'Giảm đến 1 triệu trả góp qua thẻ Visa']",https://fptshop.com.vn/may-hut-bui/robot-hut-bui-lau-nha-ecovacs-deebot-t9?sku=00783660,https://cdn2.fptshop.com.vn/unsafe/2021_11_18_637728520284444965_00783660-1.jpg,Trắng,"{'Model': 'Deebot T9', 'Xuất xứ': ['Trung Quốc'], 'Thời điểm ra mắt': '2021', 'Thời gian bảo hành (tháng)': 24, 'Màu sắc': ['Trắng']}","{'Kích thước': '35 x 35 x 9,3 cm', 'Trọng lượng sản phẩm': [{'displayValue': '4.6 kg', 'value': 4.6}]}","{'Công suất hút': '3000 Pa', 'Độ ồn lớn nhất': ['65.5 - 75 dBA'], 'Bộ lọc bụi cho máy': ['HEPA'], 'Công nghệ hút bụi': ['Công nghệ tăng áp kép hút rãnh khe sâu 4mm'], 'Dung tích bình chứa': ['Hộp bụi: 0.43 lít'], 'Ứng dụng kết nối': ['Ecovacs Home']}","{'Dung lượng pin': [{'displayValue': '5200 mAh', 'value': 5200}]}","{'Tiện ích': ['Điều khiển bằng điện thoại qua ứng dụng riêng', 'Công nghệ Air Freshener khử mùi làm mát không khí', 'Hệ thống TrueDetect 3D 2.0 phát hiện vật nhỏ giảm mắc kẹt', 'Truemaping giúp robot lập bản đồ']}","{'Phụ kiện trong hộp': ['Dock sạc', 'Dây nguồn', 'Chổi chính', 'Chổi ven', 'Bộ lọc hiệu suất cao', 'Dụng cụ vệ sinh robot', 'Khăn lau', 'Ngăn đựng nước', 'Sáp thơm khử khuẩn']}"
33,00910313,Robot hút bụi lau nhà Xiaomi Vacuum S20,Mua ngay,Xiaomi,Gia dụng thông minh,Robot hút bụi,"['3D map ', 'Hút bụi lau sàn 2 in 1', 'Lực hút 5000 Pa ']",5490000,4990000,9,2024-10-31T23:59:00.000+07:00,"['Giảm 5% cho đơn từ 53,000đ', 'Giảm ngay 1 triệu khi mở thẻ tín dụng VPBank', 'Giảm đến 700.000đ khi thanh toán trả góp qua Kredivo', 'Giảm đến 1 triệu trả góp qua thẻ Visa']",https://fptshop.com.vn/may-hut-bui/robot-hut-bui-lau-nha-xiaomi-vacuum-s20,https://cdn2.fptshop.com.vn/unsafe/00910313_robot_hut_bui_lau_nha_xiaomi_vacuum_s20_9be1c2f648.png,Trắng,"{'Model': 'S20', 'Xuất xứ': ['Trung Quốc'], 'Thời điểm ra mắt': '2024', 'Thời gian bảo hành (tháng)': 24, 'Hướng dẫn bảo quản': 'Để nơi khô ráo, nhẹ tay, dễ vỡ.', 'Màu sắc': ['Trắng']}","{'Kích thước': '32.5 x 32.5 x 9.8 cm', 'Trọng lượng sản phẩm': [{'displayValue': '3.5 kg', 'value': 3.5}]}","{'Loại máy hút bụi': ['Robot hút bụi'], 'Công suất': ['45 W'], 'Công suất hút': '5000 Pa', 'Độ ồn lớn nhất': ['67.9 dB'], 'Bộ lọc bụi cho máy': ['HEPA'], 'Chế độ hút thông minh': ['Chế độ zigzag', 'Chế độ hút tại điểm chỉ định', 'Chế độ làm sạch sâu', 'Chế độ làm sạch tổng thể'], 'Thời gian sử dụng': ['Tối đa 130 phút'], 'Thời gian sạc đầy': ['6.5 giờ'], 'Ứng dụng kết nối': ['Mi Home']}","{'Dung lượng pin': [{'displayValue': '3200 mAh', 'value': 3200}]}","{'Tính năng': ['Điều hướng bằng LDS laser', 'Làm sạch theo đường zigzag và hình chữ Y', 'Nhiều cảm biến tránh va chạm', 'Lưu nhiều bản đồ khác nhau', 'Chọn nơi để làm sạch', 'Lên lịch dọn dẹp'], 'Tiện ích': ['Tự quay về đế/trạm sạc', 'Tương thích với trợ lý ảo', 'Ghi nhớ khu vực chưa vệ sinh', 'Vừa hút vừa lau nhà', 'Hẹn giờ']}","{'Phụ kiện trong hộp': ['Bộ chuyển đổi nguồn', 'Dock sạc', 'Chổi bên', 'Sách HDSD', 'Khung gắn giẻ lau']}"
34,00907663,Robot hút bụi lau nhà Xiaomi Vacuum X20 +,Mua ngay,Xiaomi,Gia dụng thông minh,Robot hút bụi,"['3D map ', 'Thu rác về trạm ', 'Lực hút 5000 Pa ']",12990000,10990000,15,2024-10-31T23:59:00.000+07:00,"['Chủ thẻ OCB: Giảm thêm 500,000đ', 'Giảm 5% cho đơn từ 53,000đ', 'Giảm ngay 1 triệu khi mở thẻ tín dụng VPBank', 'Giảm đến 700.000đ khi thanh toán trả góp qua Kredivo', 'Giảm đến 1 triệu trả góp qua thẻ Visa']",https://fptshop.com.vn/may-hut-bui/robot-hut-bui-lau-nha-xiaomi-vacuum-x20-plus?sku=00907663,https://cdn2.fptshop.com.vn/unsafe/2024_4_19_638491453297513922_robot-hut-bui-lau-nha-xiaomi-vacuum-x20-plus-3.jpg,Trắng,"{'Model': 'X20+', 'Xuất xứ': ['Trung Quốc'], 'Thời điểm ra mắt': '2024', 'Thời gian bảo hành (tháng)': 12, 'Hướng dẫn bảo quản': 'Để nơi khô ráo, nhẹ tay, dễ vỡ.', 'Màu sắc': ['Trắng']}","{'Kích thước': '350 x 353 x 96.5 mm', 'Trọng lượng sản phẩm': [{'displayValue': '7.5 kg', 'value': 7.5}]}","{'Loại máy hút bụi': ['Robot hút bụi'], 'Công suất hút': '6000 Pa', 'Độ ồn lớn nhất': ['70 dB'], 'Bộ lọc bụi cho máy': ['HEPA'], 'Chế độ hút thông minh': ['Chế độ zigzag'], 'Dung tích bình chứa': ['Hộp bụi: 4 lít'], 'Thời gian sử dụng': ['3 giờ'], 'Ứng dụng kết nối': ['Mi Home']}","{'Dung lượng pin': [{'displayValue': '5200 mAh', 'value': 5200}]}","{'Tính năng': ['Tạo lập bản đồ 3D', 'Lưu bản đồ 4 tầng', 'Lau xoay 360 độ Turbo cải tiến', 'Tự động giặt giẻ lau', 'Nâng giẻ lau tự động', 'Sấy khô giẻ bằng khí nóng', 'Công nghệ tránh vật cản Reactive', 'Điều hướng LDS', 'Sạc nhanh hơn 30%'], 'Tiện ích': ['Theo dõi tiến độ dọn dẹp', 'Dọn dẹp phòng đã chọn', 'Vệ sinh theo vùng', 'Tường ảo', 'Thiết lập bản đồ nhiều tầng', '4 chế độ làm sạch', 'Trợ lý ảo Google và Alexaz']}",{'Phụ kiện trong hộp': ['Dock sạc']}
35,00850552,Robot hút bụi 2.7 kg Kyvol E31,Mua ngay,Kyvol,Gia dụng thông minh,Robot hút bụi,"['Lực hút mạnh mẽ 2200 Pa', 'Dung lượng pin 3200 mAh', 'Vừa hút bụi, vừa lau sàn']",6490000,2190000,66,2024-10-27T23:59:00.000+07:00,"['Giảm 5% cho đơn từ 53,000đ', 'Giảm ngay 1 triệu khi mở thẻ tín dụng VPBank', 'Giảm đến 700.000đ khi thanh toán trả góp qua Kredivo', 'Giảm đến 1 triệu trả góp qua thẻ Visa']",https://fptshop.com.vn/may-hut-bui/robot-hut-bui-27-kg-kyvol-e31?sku=00850552,https://cdn2.fptshop.com.vn/unsafe/2022_12_14_638066127790170233_robot-hut-bui-27-kg-kyvol-e31-1.jpg,Đen,"{'Model': 'E31', 'Xuất xứ': ['Trung Quốc'], 'Thời điểm ra mắt': '03/2021', 'Thời gian bảo hành (tháng)': 24, 'Hướng dẫn bảo quản': 'Để nơi khô ráo, nhẹ tay, dễ vỡ.', 'Màu sắc': ['Đen']}","{'Kích thước': '57*11*37 cm', 'Trọng lượng sản phẩm': [{'displayValue': '3867 g', 'value': 3867}]}","{'Loại máy hút bụi': ['Robot hút bụi'], 'Công suất hút': '2200 Pa', 'Độ ồn lớn nhất': ['50 - 65 dB'], 'Bộ lọc bụi cho máy': ['HEPA H13'], 'Công nghệ hút bụi': ['Công nghệ hút chân không'], 'Chế độ hút thông minh': ['Chế độ chạy hút cạnh tường', 'Chế độ lốc xoáy', 'Chế độ xoắn ốc', 'Chế độ tự động', 'Chế độ zigzag'], 'Dung tích bình chứa': ['Hộp bụi: 0.5 lít', 'Hộp nước: 0.3 lít'], 'Thời gian sử dụng': ['140 phút Chế độ bình thường'], 'Thời gian sạc đầy': ['3 - 4 giờ'], 'Đầu hút bụi': ['Đầu hút đa năng'], 'Ứng dụng kết nối': ['SmartThings']}","{'Dung lượng pin': [{'displayValue': '3200 mAh', 'value': 3200}]}","{'Tính năng': ['3 chế độ vệ sinh: quét, hút và lau nhà.', 'Tự động về dock sạc khi dọn dẹp xong', 'Chống va đập', 'Cảnh báo khi pin yếu', 'Điền khiển từ xa', '3 chế độ lau dọn: Chế độ mặc định, Im lặng, Tối đa'], 'Tiện ích': ['Đèn báo sạc đầy', 'Có chổi vệ sinh máy', 'Phát hiện sự cố', 'Tự ngắt khi sạc đầy', 'Cảnh báo thay bộ lọc']}","{'Phụ kiện trong hộp': ['Máng hút chuyên dụng', 'Dock sạc', 'Bàn chải vệ sinh máy', 'Cáp', 'Chổi chính', 'Adapter']}"
36,00907663,Robot hút bụi lau nhà Xiaomi Vacuum X20 +,Mua ngay,Xiaomi,Gia dụng thông minh,Robot hút bụi,"['3D map ', 'Thu rác về trạm ', 'Lực hút 5000 Pa ']",12990000,10990000,15,2024-10-31T23:59:00.000+07:00,"['Chủ thẻ OCB: Giảm thêm 500,000đ', 'Giảm 5% cho đơn từ 53,000đ', 'Giảm ngay 1 triệu khi mở thẻ tín dụng VPBank', 'Giảm đến 700.000đ khi thanh toán trả góp qua Kredivo', 'Giảm đến 1 triệu trả góp qua thẻ Visa']",https://fptshop.com.vn/may-hut-bui/robot-hut-bui-lau-nha-xiaomi-vacuum-x20-plus?sku=00907663,https://cdn2.fptshop.com.vn/unsafe/2024_4_19_638491453297513922_robot-hut-bui-lau-nha-xiaomi-vacuum-x20-plus-3.jpg,Trắng,"{'Model': 'X20+', 'Xuất xứ': ['Trung Quốc'], 'Thời điểm ra mắt': '2024', 'Thời gian bảo hành (tháng)': 12, 'Hướng dẫn bảo quản': 'Để nơi khô ráo, nhẹ tay, dễ vỡ.', 'Màu sắc': ['Trắng']}","{'Kích thước': '350 x 353 x 96.5 mm', 'Trọng lượng sản phẩm': [{'displayValue': '7.5 kg', 'value': 7.5}]}","{'Loại máy hút bụi': ['Robot hút bụi'], 'Công suất hút': '6000 Pa', 'Độ ồn lớn nhất': ['70 dB'], 'Bộ lọc bụi cho máy': ['HEPA'], 'Chế độ hút thông minh': ['Chế độ zigzag'], 'Dung tích bình chứa': ['Hộp bụi: 4 lít'], 'Thời gian sử dụng': ['3 giờ'], 'Ứng dụng kết nối': ['Mi Home']}","{'Dung lượng pin': [{'displayValue': '5200 mAh', 'value': 5200}]}","{'Tính năng': ['Tạo lập bản đồ 3D', 'Lưu bản đồ 4 tầng', 'Lau xoay 360 độ Turbo cải tiến', 'Tự động giặt giẻ lau', 'Nâng giẻ lau tự động', 'Sấy khô giẻ bằng khí nóng', 'Công nghệ tránh vật cản Reactive', 'Điều hướng LDS', 'Sạc nhanh hơn 30%'], 'Tiện ích': ['Theo dõi tiến độ dọn dẹp', 'Dọn dẹp phòng đã chọn', 'Vệ sinh theo vùng', 'Tường ảo', 'Thiết lập bản đồ nhiều tầng', '4 chế độ làm sạch', 'Trợ lý ảo Google và Alexaz']}",{'Phụ kiện trong hộp': ['Dock sạc']}
37,00855996,Robot hút bụi lau nhà Ecovacs Deebot Ozmo T8 Max Plus (DLX11-61+),Mua ngay,Ecovacs,Gia dụng thông minh,Robot hút bụi,"['Lực hút 1600 Pa ', 'Dung lượng pin  5200 mAh', 'Vừa hút bụi, vừa lau sàn']",11900000,6990000,41,2024-10-31T23:59:00.000+07:00,"['Chủ thẻ OCB: Giảm thêm 500,000đ', 'Giảm 5% cho đơn từ 53,000đ', 'Giảm ngay 1 triệu khi mở thẻ tín dụng VPBank', 'Giảm đến 700.000đ khi thanh toán trả góp qua Kredivo', 'Giảm đến 1 triệu trả góp qua thẻ Visa']",https://fptshop.com.vn/may-hut-bui/robot-hut-bui-lau-nha-ecovacs-deebot-t8-max-plus-trang-dlx11-61?sku=00855996,https://cdn2.fptshop.com.vn/unsafe/2022_9_14_637987444373211596_robot-hut-bui-lau-nha-ecovacs-deebot-t8-max-plus-trang-dlx11-61-2.jpg,Trắng,"{'Model': 'Ozmo T8 Max Plus', 'Xuất xứ': ['Nội địa - Trung Quốc'], 'Thời điểm ra mắt': '2021', 'Thời gian bảo hành (tháng)': 24, 'Hướng dẫn bảo quản': 'Để nơi khô ráo, nhẹ tay, dễ vỡ.', 'Màu sắc': ['Trắng']}","{'Kích thước': '352 x 352 x 93 mm', 'Trọng lượng sản phẩm': [{'displayValue': '3700 g', 'value': 3700}]}","{'Loại máy hút bụi': ['Robot hút bụi'], 'Công suất hút': '1600 Pa', 'Độ ồn lớn nhất': ['Dưới 78 dB'], 'Bộ lọc bụi cho máy': ['Lõi lọc 3 lớp', 'HEPA', 'Màng lọc bụi mịn PM10'], 'Công nghệ hút bụi': ['Động cơ không chổi than Nidec'], 'Chế độ hút thông minh': ['Chế độ tự động'], 'Dung tích bình chứa': ['Hộp bụi: 0.45 lít', 'Hộp bụi: 2.5 lít'], 'Thời gian sử dụng': ['180 phút Chế độ bình thường'], 'Thời gian sạc đầy': ['3 - 4 giờ'], 'Đầu hút bụi': ['Đầu hút 2 trong 1'], 'Ứng dụng kết nối': ['Ecovacs Home']}","{'Dung lượng pin': [{'displayValue': '5200 mAh', 'value': 5200}]}","{'Tính năng': ['Điền khiển từ xa', '3 chế độ vệ sinh: quét, hút và lau nhà.', 'Trạm sạc có chức năng dọn dẹp rác của robot', 'Sạc thông minh bảo vệ khi sạc quá mức', '3 chế độ lau dọn: Chế độ mặc định, Im lặng, Tối đa', 'Sạc không dây', 'Setup chế độ trực tiếp trên ứng dụng Ecovacs Home', 'Hẹn giờ dọn dẹp cho từng khu vực'], 'Tiện ích': ['Tự ngắt khi sạc đầy', 'Kết nối qua wifi', 'Hệ thống điều hướng Laser LSD', 'Khay chứa bụi dễ dàng tháo rời để vệ sinh', 'Hệ thống điều hướng thông minh Smart Navi 3.0 lưu nhớ bản đồ', 'Hệ thống lau thông minh OZMO điều chỉnh lượng nước', 'Đèn báo sạc đầy', 'Hẹn giờ', 'Hệ thống TrueDetect 3D 2.0 phát hiện vật nhỏ giảm mắc kẹt', 'Tự quay lại dock sạc khi hết pin']}","{'Phụ kiện trong hộp': ['Sách HDSD', 'Ngăn đựng nước', 'Chổi vệ sinh', 'Bộ lọc hiệu suất cao', 'Chổi ven', 'Dock sạc']}"
38,00911472,Dock xả rác tự động Ecovacs T10 (T10 AES),Mua ngay,Ecovacs,Gia dụng thông minh,Robot hút bụi,[],5990000,5990000,0,,"['Giảm 5% cho đơn từ 53,000đ', 'Giảm ngay 1 triệu khi mở thẻ tín dụng VPBank', 'Giảm đến 700.000đ khi thanh toán trả góp qua Kredivo', 'Giảm đến 1 triệu trả góp qua thẻ Visa']",https://fptshop.com.vn/may-hut-bui/dock-xa-rac-tu-dong-ecovacs-t10-t10-aes?sku=00911472,https://cdn2.fptshop.com.vn/unsafe/00911472_dock_xa_rac_tu_dong_ecovacs_t10_t10_aes_33cb972575.png,Trắng,"{'Model': 'T10 EAS', 'Xuất xứ': ['Trung Quốc'], 'Thời điểm ra mắt': '2023', 'Thời gian bảo hành (tháng)': 12, 'Màu sắc': ['Trắng']}","{'Kích thước': '365 x 360 x 350 mm', 'Trọng lượng sản phẩm': [{'displayValue': '5.8 kg', 'value': 5.8}]}","{'Công suất hút': '1000 W', 'Độ ồn lớn nhất': ['80 dB'], 'Chế độ hút thông minh': ['Đang cập nhật']}",,,
39,00911473,Dock xả rác tự động Ecovacs N8 Pro/ T9/ T8/ T8 AIVI/ N10,Mua ngay,Ecovacs,Gia dụng thông minh,Robot hút bụi,[],1990000,1990000,0,,"['Giảm 5% cho đơn từ 53,000đ', 'Giảm ngay 1 triệu khi mở thẻ tín dụng VPBank', 'Giảm đến 700.000đ khi thanh toán trả góp qua Kredivo', 'Giảm đến 1 triệu trả góp qua thẻ Visa']",https://fptshop.com.vn/may-hut-bui/dock-xa-rac-tu-dong-ecovacs-n8-pro-t9-t8-t8-aivi-n10?sku=00911473,https://cdn2.fptshop.com.vn/unsafe/00911473_dock_xa_rac_tu_dong_ecovacs_n8_pro_t9_t8_t8_aivi_n10_d7775167d0.png,Trắng,"{'Model': 'CH1918', 'Xuất xứ': ['Trung Quốc'], 'Thời điểm ra mắt': '2023', 'Thời gian bảo hành (tháng)': 12, 'Màu sắc': ['Trắng']}","{'Kích thước': '380 x 320 x 420 mm', 'Trọng lượng sản phẩm': [{'displayValue': '3 kg', 'value': 3}]}","{'Công suất hút': '1200 W', 'Độ ồn lớn nhất': ['78 dB'], 'Chế độ hút thông minh': ['Đang cập nhật']}",,,
40,00800911,Hộp phụ kiện Ecovacs OZMO U2 Pro,Mua ngay,Ecovacs,Gia dụng thông minh,Robot hút bụi,[],565000,559000,1,2024-10-31T23:59:00.000+07:00,"['Giảm 5% cho đơn từ 53,000đ', 'Giảm ngay 1 triệu khi mở thẻ tín dụng VPBank', 'Giảm đến 700.000đ khi thanh toán trả góp qua Kredivo', 'Giảm đến 1 triệu trả góp qua thẻ Visa']",https://fptshop.com.vn/phu-kien/hop-phu-kien-ozmo-u2-pro?sku=00800911,https://cdn2.fptshop.com.vn/unsafe/2024_1_9_638404151646901513_hop-phu-kien-ozmo-u2-pro-2.jpg,Trắng,"{'Xuất xứ': ['Trung Quốc'], 'Thời điểm ra mắt': '2021', 'Hướng dẫn bảo quản': 'Để nơi khô ráo, nhẹ tay, dễ vỡ.', 'Màu sắc': ['Trắng']}","{'Kích thước': '33x5x17 cm', 'Trọng lượng sản phẩm': [{'displayValue': '300 g', 'value': 300}]}","{'Loại máy hút bụi': ['Robot hút bụi'], 'Công suất hút': '2000 Pa', 'Độ ồn lớn nhất': ['65.5 - 72 dB'], 'Bộ lọc bụi cho máy': ['HEPA'], 'Chế độ hút thông minh': ['Chế độ tự động'], 'Dung tích bình chứa': ['0.8 lít']}","{'Dung lượng pin': [{'displayValue': '3200 mAh', 'value': 3200}]}",{'Tính năng': ['Tự động về dock sạc khi dọn dẹp xong']},"{'Phụ kiện trong hộp': ['2 cặp chổi ven', '1 chổi chính', '3 tấm lọc bụi']}"
41,00798029,Robot hút bụi lau nhà Ecovacs Deebot X1 OMNI,Mua ngay,Ecovacs,Gia dụng thông minh,Robot hút bụi,"['Vừa hút bụi, vừa lau sàn', 'Lực hút mạnh mẽ 5000 Pa', 'Dung lượng pin  5200 mAh']",31900000,17490000,45,2024-10-31T23:59:00.000+07:00,"['Chủ thẻ OCB: Giảm thêm 500,000đ', 'Giảm 5% cho đơn từ 53,000đ', 'Giảm ngay 1 triệu khi mở thẻ tín dụng VPBank', 'Giảm đến 700.000đ khi thanh toán trả góp qua Kredivo', 'Giảm đến 1 triệu trả góp qua thẻ Visa']",https://fptshop.com.vn/may-hut-bui/robot-hut-bui-lau-nha-ecovacs-deebot-x1-omni?sku=00798029,https://cdn2.fptshop.com.vn/unsafe/2022_2_21_637810512118142575_robot-hut-bui-lau-nha-ecovacs-deebot-x1-omni-denxam-1.jpg,Đen,"{'Model': 'Deebot X1 OMNI', 'Xuất xứ': ['Trung Quốc'], 'Thời điểm ra mắt': '2022', 'Thời gian bảo hành (tháng)': 24, 'Hướng dẫn bảo quản': 'Để nơi khô ráo, nhẹ tay, dễ vỡ.', 'Màu sắc': ['Đen']}","{'Kích thước': '35 x 35 x 9.3 cm', 'Trọng lượng sản phẩm': [{'displayValue': '5.2 kg', 'value': 5.2}]}","{'Loại máy hút bụi': ['Robot hút bụi'], 'Công suất hút': '5000 Pa', 'Độ ồn lớn nhất': ['62 dB'], 'Bộ lọc bụi cho máy': ['HEPA'], 'Công nghệ hút bụi': ['Động cơ không chổi than Nidec'], 'Chế độ hút thông minh': ['Chế độ tự động'], 'Dung tích bình chứa': ['Hộp bụi: 2 lít'], 'Ứng dụng kết nối': ['Ecovacs Home']}","{'Dung lượng pin': [{'displayValue': '5200 mAh', 'value': 5200}]}","{'Tính năng': ['3 chế độ vệ sinh: quét, hút và lau nhà.'], 'Tiện ích': ['Hệ thống điều hướng thông minh Smart Navi 3.0 lưu nhớ bản đồ', 'Đèn cảnh báo lỗi trên robot', 'Điều khiển bằng điện thoại qua ứng dụng riêng']}","{'Phụ kiện trong hộp': ['Dụng cụ vệ sinh robot', 'Dock sạc', 'Dây nguồn']}"
42,00798028,Robot hút bụi lau nhà Ecovacs Deebot N8,Mua ngay,Ecovacs,Gia dụng thông minh,Robot hút bụi,"['Vừa hút bụi, vừa lau sàn', 'Dung lượng pin 3200 mAh', 'Lực hút mạnh mẽ 2300 Pa']",10900000,6990000,36,2024-10-31T23:59:00.000+07:00,"['Giảm 5% cho đơn từ 53,000đ', 'Giảm ngay 1 triệu khi mở thẻ tín dụng VPBank', 'Giảm đến 700.000đ khi thanh toán trả góp qua Kredivo', 'Giảm đến 1 triệu trả góp qua thẻ Visa']",https://fptshop.com.vn/may-hut-bui/robot-hut-bui-lau-nha-ecovacs-deebot-n8?sku=00798028,https://cdn2.fptshop.com.vn/unsafe/2022_2_21_637810517740435859_robot-hut-bui-lau-nha-ecovacs-deebot-n8-trang-1.jpg,Trắng,"{'Model': 'Deebot N8', 'Xuất xứ': ['Trung Quốc'], 'Thời điểm ra mắt': '2022', 'Thời gian bảo hành (tháng)': 24, 'Hướng dẫn bảo quản': 'Để nơi khô ráo, nhẹ tay, dễ vỡ.', 'Màu sắc': ['Trắng']}","{'Kích thước': '345 x 345 x 93 mm', 'Trọng lượng sản phẩm': [{'displayValue': '3.8 kg', 'value': 3.8}]}","{'Loại máy hút bụi': ['Robot hút bụi'], 'Công suất hút': '2300 Pa', 'Độ ồn lớn nhất': ['59 dB'], 'Bộ lọc bụi cho máy': ['HEPA'], 'Công nghệ hút bụi': ['Động cơ không chổi than Nidec'], 'Chế độ hút thông minh': ['Chế độ chạy hút cạnh tường'], 'Dung tích bình chứa': ['Hộp bụi: 0.47 lít'], 'Ứng dụng kết nối': ['Ecovacs Home']}","{'Dung lượng pin': [{'displayValue': '3200 mAh', 'value': 3200}]}",{'Tính năng': ['Tự động về dock sạc khi dọn dẹp xong']},"{'Phụ kiện trong hộp': ['Chổi ven', 'Dock sạc', 'Sách HDSD', 'Khăn lau']}"
43,00864453,Robot hút bụi Xiaomi Robot Vacuum X10,Đặt cọc,Xiaomi,Gia dụng thông minh,Robot hút bụi,"['Trạm sạc ', '3D map ', 'Lực hút 4000 Pa ']",12990000,6990000,46,2024-10-31T23:59:00.000+07:00,"['Giảm 5% cho đơn từ 53,000đ', 'Giảm ngay 1 triệu khi mở thẻ tín dụng VPBank', 'Giảm đến 700.000đ khi thanh toán trả góp qua Kredivo', 'Giảm đến 1 triệu trả góp qua thẻ Visa']",https://fptshop.com.vn/may-hut-bui/robot-hut-bui-xiaomi-robot-vacuum-x10?sku=00864453,https://cdn2.fptshop.com.vn/unsafe/2023_3_14_638144068286345537_robot-hut-bui-xiaomi-robot-vacuum-x10-2.jpg,Trắng,"{'Model': 'Robot Vacuum X10', 'Xuất xứ': ['Trung Quốc'], 'Thời điểm ra mắt': '2023', 'Thời gian bảo hành (tháng)': 12, 'Hướng dẫn bảo quản': 'Để nơi khô ráo, nhẹ tay, dễ vỡ.', 'Màu sắc': ['Trắng']}","{'Kích thước': '353 x 350 x 98.8 mm', 'Trọng lượng sản phẩm': [{'displayValue': '7.4 kg', 'value': 7.4}]}","{'Công suất hút': '4000 Pa', 'Chế độ hút thông minh': ['Chế độ chạy hút cạnh tường'], 'Thời gian sử dụng': ['180 phút'], 'Ứng dụng kết nối': ['Mi Home']}","{'Dung lượng pin': [{'displayValue': '5200 mAh', 'value': 5200}]}",,"{'Phụ kiện trong hộp': ['Dây cáp sạc', 'Dock sạc', 'Dụng cụ vệ sinh robot']}"
44,00797667,Robot hút bụi Xiaomi Mi Vacuum Mop 2 Pro,Mua ngay,Xiaomi,Gia dụng thông minh,Robot hút bụi,"['Hệ thống lọc HEPA ', 'Lực hút 3000 Pa ', 'Tần số rung 10.000 lần/phút']",9990000,6990000,30,2024-10-31T23:59:00.000+07:00,"['Giảm 5% cho đơn từ 53,000đ', 'Giảm ngay 1 triệu khi mở thẻ tín dụng VPBank', 'Giảm đến 700.000đ khi thanh toán trả góp qua Kredivo', 'Giảm đến 1 triệu trả góp qua thẻ Visa']",https://fptshop.com.vn/may-hut-bui/robot-hut-bui-xiaomi-mi-vacuum-mop-2-pro?sku=00797667,https://cdn2.fptshop.com.vn/unsafe/2022_2_15_637805312448430941_robot-hut-bui-xiaomi-mi-vacuum-mop-2-pro-trang-1.jpg,Trắng,"{'Model': 'Mi Mop 2 Pro', 'Xuất xứ': ['Trung Quốc'], 'Thời điểm ra mắt': '2022', 'Thời gian bảo hành (tháng)': 12, 'Hướng dẫn bảo quản': 'Để nơi khô ráo, nhẹ tay, dễ vỡ.', 'Màu sắc': ['Trắng']}","{'Kích thước': '353 x 353 x 96,5 mm', 'Trọng lượng sản phẩm': [{'displayValue': '7 kg', 'value': 7}]}","{'Loại máy hút bụi': ['Robot hút bụi'], 'Công suất hút': '3000 Pa', 'Độ ồn lớn nhất': ['72 dB'], 'Bộ lọc bụi cho máy': ['HEPA'], 'Công nghệ hút bụi': ['Động cơ không chổi than Nidec'], 'Chế độ hút thông minh': ['Chế độ chạy hút cạnh tường'], 'Dung tích bình chứa': ['Hộp bụi: 0.45 lít'], 'Ứng dụng kết nối': ['Mi Home']}","{'Dung lượng pin': [{'displayValue': '5200 mAh', 'value': 5200}]}",{'Tính năng': ['Tự động về dock sạc khi dọn dẹp xong']},"{'Phụ kiện trong hộp': ['Dây nguồn', 'Dock sạc']}"
45,00797670,Robot hút bụi Xiaomi Mi Vacuum Mop 2 Pro,Mua ngay,Xiaomi,Gia dụng thông minh,Robot hút bụi,"['Hệ thống lọc HEPA ', 'Lực hút 3000 Pa ', 'Tần số rung 10.000 lần/phút']",9990000,6990000,30,2024-10-31T23:59:00.000+07:00,"['Giảm 5% cho đơn từ 53,000đ', 'Giảm ngay 1 triệu khi mở thẻ tín dụng VPBank', 'Giảm đến 700.000đ khi thanh toán trả góp qua Kredivo', 'Giảm đến 1 triệu trả góp qua thẻ Visa']",https://fptshop.com.vn/may-hut-bui/robot-hut-bui-xiaomi-mi-vacuum-mop-2-pro?sku=00797670,https://cdn2.fptshop.com.vn/unsafe/2022_2_15_637805312455305918_robot-hut-bui-xiaomi-mi-vacuum-mop-2-pro-den-1.jpg,Đen,"{'Model': 'Mi Mop 2 Pro', 'Xuất xứ': ['Trung Quốc'], 'Thời điểm ra mắt': '2022', 'Thời gian bảo hành (tháng)': 12, 'Hướng dẫn bảo quản': 'Để nơi khô ráo, nhẹ tay, dễ vỡ.', 'Màu sắc': ['Trắng']}","{'Kích thước': '353 x 353 x 96,5 mm', 'Trọng lượng sản phẩm': [{'displayValue': '7 kg', 'value': 7}]}","{'Loại máy hút bụi': ['Robot hút bụi'], 'Công suất hút': '3000 Pa', 'Độ ồn lớn nhất': ['72 dB'], 'Bộ lọc bụi cho máy': ['HEPA'], 'Công nghệ hút bụi': ['Động cơ không chổi than Nidec'], 'Chế độ hút thông minh': ['Chế độ chạy hút cạnh tường'], 'Dung tích bình chứa': ['Hộp bụi: 0.45 lít'], 'Ứng dụng kết nối': ['Mi Home']}","{'Dung lượng pin': [{'displayValue': '5200 mAh', 'value': 5200}]}",{'Tính năng': ['Tự động về dock sạc khi dọn dẹp xong']},"{'Phụ kiện trong hộp': ['Dây nguồn', 'Dock sạc']}"
46,00811393,Robot hút bụi Xiaomi Vacuum Mop 2 Ultra Đen,Mua ngay,Xiaomi,Gia dụng thông minh,Robot hút bụi,"['Hệ thống lọc HEPA ', 'Trạm sạc ', 'Lực hút 4000 Pa ']",16990000,11990000,29,2024-10-31T23:59:00.000+07:00,"['Giảm 5% cho đơn từ 53,000đ', 'Giảm ngay 1 triệu khi mở thẻ tín dụng VPBank', 'Giảm đến 700.000đ khi thanh toán trả góp qua Kredivo', 'Giảm đến 1 triệu trả góp qua thẻ Visa']",https://fptshop.com.vn/may-hut-bui/robot-hut-bui-xiaomi-vacuum-mop-2-ultra?sku=00811393,https://cdn2.fptshop.com.vn/unsafe/2022_5_10_637877882873027138_robot-hut-bui-xiaomi-vacuum-mop-2-ultra-1.jpg,Đen,"{'Model': 'Robot hút bụi Xiaomi Vacuum Mop 2 Ultra - Demo', 'Xuất xứ': ['Trung Quốc'], 'Thời điểm ra mắt': '03/2022', 'Thời gian bảo hành (tháng)': 12, 'Hướng dẫn bảo quản': 'Để nơi khô ráo, nhẹ tay, dễ vỡ.', 'Màu sắc': ['Đen']}","{'Kích thước': '353 x 350 x 98.8 mm', 'Trọng lượng sản phẩm': [{'displayValue': '4.15 kg', 'value': 4.15}]}","{'Loại máy hút bụi': ['Robot hút bụi'], 'Công suất hút': '4000 Pa', 'Độ ồn lớn nhất': ['70 dB'], 'Bộ lọc bụi cho máy': ['HEPA'], 'Chế độ hút thông minh': ['Chế độ tự động'], 'Dung tích bình chứa': ['Hộp bụi: 0.5 lít', 'Hộp nước: 0.2 lít'], 'Ứng dụng kết nối': ['Mi Home']}","{'Dung lượng pin': [{'displayValue': '5200 mAh', 'value': 5200}]}","{'Tính năng': ['Tự động về dock sạc khi dọn dẹp xong', 'Hẹn giờ dọn dẹp cho từng khu vực', '3 chế độ lau dọn: Chế độ mặc định, Im lặng, Tối đa', 'Lực hút trạm sạc lên đên 16500Pa', 'Thiết lập tường ảo/ Khu vực giới hạn', 'Trạm sạc có chức năng dọn dẹp rác của robot', 'Điền khiển từ xa'], 'Tiện ích': ['Hệ thống điều hướng Laser LSD', 'Kết nối qua wifi', 'Khay chứa bụi dễ dàng tháo rời để vệ sinh', 'Có thể leo vật cản 20 mm', 'Tự quay lại dock sạc khi hết pin', 'Thiết lập bản đồ di chuyển thông minh', 'Hỗ trợ điều khiển giọng nói', 'Điều khiển bằng điện thoại qua ứng dụng riêng', 'Cung cấp bản đồ căn nhà trên ứng dụng Mi Home', 'Hệ thống phát hiện vật cản S-cross 3D và cảm biến ToF', 'Quét bản đồ 360 độ']}","{'Phụ kiện trong hộp': ['Ngăn đựng nước', 'Dụng cụ vệ sinh robot', 'Dock sạc', 'Sách HDSD', 'Khăn lau', 'Chổi ven', 'Dây sạc']}"
47,00793857,Robot hút bụi lau nhà Ecovacs Deebot N8 Pro,Mua ngay,Ecovacs,Gia dụng thông minh,Robot hút bụi,"['Vừa hút bụi, vừa lau sàn', 'Dung lượng pin 3200 mAh', 'Lực hút mạnh mẽ 2600 Pa']",11900000,4990000,58,2024-10-31T23:59:00.000+07:00,"['Giảm 5% cho đơn từ 53,000đ', 'Giảm ngay 1 triệu khi mở thẻ tín dụng VPBank', 'Giảm đến 700.000đ khi thanh toán trả góp qua Kredivo', 'Giảm đến 1 triệu trả góp qua thẻ Visa']",https://fptshop.com.vn/may-hut-bui/robot-hut-bui-lau-nha-ecovacs-deebot-n8-pro?sku=00793857,/,Trắng,"{'Model': 'Deebot N8 Pro', 'Xuất xứ': ['Trung Quốc'], 'Thời điểm ra mắt': '2021', 'Thời gian bảo hành (tháng)': 12, 'Màu sắc': ['Trắng']}","{'Kích thước': '35 x 35 x 9.3 cm', 'Trọng lượng sản phẩm': [{'displayValue': '4.1 kg', 'value': 4.1}]}","{'Công suất hút': '2600 Pa', 'Độ ồn lớn nhất': ['65.5 - 72 dB'], 'Bộ lọc bụi cho máy': ['HEPA'], 'Công nghệ hút bụi': ['Công nghệ tăng áp kép hút rãnh khe sâu 4mm'], 'Dung tích bình chứa': ['Hộp bụi: 0.43 lít'], 'Ứng dụng kết nối': ['Ecovacs Home']}","{'Dung lượng pin': [{'displayValue': '3200 mAh', 'value': 3200}]}","{'Tiện ích': ['Đèn cảnh báo lỗi trên robot', 'Truemaping giúp robot lập bản đồ', 'Điều khiển bằng điện thoại qua ứng dụng riêng']}","{'Phụ kiện trong hộp': ['Dock sạc', 'Dây nguồn', 'Chổi ven', 'Chổi chính', 'Bộ lọc hiệu suất cao', 'Dụng cụ vệ sinh robot', 'Khăn lau', 'Ngăn đựng nước']}"
48,00707244,Máy hút bụi Xiaomi Mop Essential,Mua ngay,Xiaomi,Gia dụng thông minh,Robot hút bụi,"['Lực hút 2200 Pa ', 'Hệ thống lọc bụi  3 lớp', ""Thời gian hoạt động 90'""]",5990000,2990000,50,2024-10-31T23:59:00.000+07:00,"['Giảm 5% cho đơn từ 53,000đ', 'Giảm ngay 1 triệu khi mở thẻ tín dụng VPBank', 'Giảm đến 700.000đ khi thanh toán trả góp qua Kredivo', 'Giảm đến 1 triệu trả góp qua thẻ Visa']",https://fptshop.com.vn/may-hut-bui/may-hut-bui-xiaomi-mop-essential?sku=00707244,https://cdn2.fptshop.com.vn/unsafe/2020_8_11_637327621648483367_xiaomi-mop-essential-trang-2.png,Trắng,"{'Model': 'Máy hút bụi Mop Essential', 'Xuất xứ': ['Trung Quốc'], 'Thời điểm ra mắt': '2020', 'Thời gian bảo hành (tháng)': 12, 'Hướng dẫn bảo quản': 'Để nơi khô ráo, nhẹ tay, dễ vỡ.', 'Màu sắc': ['Trắng']}","{'Kích thước': '82 mm', 'Trọng lượng sản phẩm': [{'displayValue': '6.5 kg', 'value': 6.5}]}","{'Công suất hút': '2200 Pa', 'Độ ồn lớn nhất': ['65 dB'], 'Bộ lọc bụi cho máy': ['Nylon', 'HEPA', 'Sponge'], 'Công nghệ hút bụi': ['Động cơ không chổi than Nidec'], 'Ứng dụng kết nối': ['Mi Home']}","{'Dung lượng pin': [{'displayValue': '2500 mAh', 'value': 2500}]}","{'Tiện ích': ['Quy hoạch đường đi bằng con quay hồi chuyển', 'Điều khiển bằng điện thoại qua ứng dụng riêng', 'Hỗ trợ điều khiển giọng nói', 'Tự chạy về đốc sạc khi pin còn dưới 20%', 'Có thể leo vật 1.7 cm', 'Bình nước điều khiển điện 3 cấp điều chỉnh nước']}","{'Phụ kiện trong hộp': ['Chổi chính', 'Dock sạc', 'Dây nguồn']}"
49,00910783,Robot hút bụi lau nhà Samsung VR05R5050WK/SV,Đặt cọc,Samsung,Gia dụng thông minh,Robot hút bụi,"['Đế sạc ', 'Hút bụi lau sàn 2 in 1', ""Dùng 150', sạc 4h ""]",7890000,4690000,41,2024-10-31T23:59:00.000+07:00,"['Giảm 5% cho đơn từ 53,000đ', 'Giảm ngay 1 triệu khi mở thẻ tín dụng VPBank', 'Giảm đến 700.000đ khi thanh toán trả góp qua Kredivo', 'Giảm đến 1 triệu trả góp qua thẻ Visa']",https://fptshop.com.vn/may-hut-bui/robot-hut-bui-lau-nha-samsung-vr05r5050wksv,https://cdn2.fptshop.com.vn/unsafe/00910783_robot_hut_bui_lau_nha_samsung_vr05r5050wksv_118d5cbedc.png,Đen,"{'Model': 'VR05R5050WK/SV', 'Xuất xứ': ['Trung Quốc'], 'Thời điểm ra mắt': '2021', 'Thời gian bảo hành (tháng)': 12, 'Màu sắc': ['Đen']}","{'Kích thước': '34 x 8.5 x 34 cm', 'Trọng lượng sản phẩm': [{'displayValue': '3 kg', 'value': 3}]}","{'Công suất': ['55 W'], 'Công suất hút': '4200 Pa', 'Độ ồn lớn nhất': ['77 dB'], 'Bộ lọc bụi cho máy': ['Bộ lọc trước động cơ'], 'Công nghệ hút bụi': ['Hệ thống cảm biến thông minh'], 'Chế độ hút thông minh': ['Đang cập nhật'], 'Thời gian sử dụng': ['150 phút'], 'Thời gian sạc đầy': ['4 giờ'], 'Ứng dụng kết nối': ['SmartThings']}","{'Dung lượng pin': [{'displayValue': '3400 mAh', 'value': 3400}]}","{'Tiện ích': ['Cảm biến chống rơi, chống va chạm', 'Điều khiển qua kết nối trên điện thoại thông minh', 'Tự quay về đế/trạm sạc', 'Vừa hút vừa lau nhà', 'Điều khiển bằng remote']}","{'Phụ kiện trong hộp': ['Chổi vệ sinh', 'Dây sạc', 'Bộ lọc', 'Điều khiển', 'Vải lau', 'Chổi phụ', 'Đế nam châm', 'Đế sạc']}"
50,00783658,Robot hút bụi lau nhà Ecovacs Deebot Ozmo 920 Đen,Mua ngay,Ecovacs,Gia dụng thông minh,Robot hút bụi,"['Vừa hút bụi, vừa lau sàn', 'Dung lượng pin 3200 mAh', 'Lực hút mạnh mẽ 3200 Pa']",9900000,7490000,24,2024-10-31T23:59:00.000+07:00,"['Giảm 5% cho đơn từ 53,000đ', 'Giảm ngay 1 triệu khi mở thẻ tín dụng VPBank', 'Giảm đến 700.000đ khi thanh toán trả góp qua Kredivo', 'Giảm đến 1 triệu trả góp qua thẻ Visa']",https://fptshop.com.vn/may-hut-bui/robot-hut-bui-lau-nha-ecovacs-deebot-ozmo-920?sku=00783658,https://cdn2.fptshop.com.vn/unsafe/2022_9_26_637997861431228440_robot-hut-bui-lau-nha-ecovacs-deebot-ozmo-920-den-1.jpg,Đen,"{'Model': 'Deebot OZMO 920', 'Xuất xứ': ['Trung Quốc'], 'Thời điểm ra mắt': '2019', 'Thời gian bảo hành (tháng)': 24, 'Màu sắc': ['Đen']}","{'Kích thước': '35 x 35 x 9,3 cm', 'Trọng lượng sản phẩm': [{'displayValue': '4.1 kg', 'value': 4.1}]}","{'Công suất hút': '1200 Pa', 'Độ ồn lớn nhất': ['65.5 - 72 dB'], 'Bộ lọc bụi cho máy': ['HEPA'], 'Công nghệ hút bụi': ['Công nghệ hút chân không'], 'Dung tích bình chứa': ['Hộp bụi: 0.43 lít'], 'Ứng dụng kết nối': ['Ecovacs Home']}","{'Dung lượng pin': [{'displayValue': '3200 mAh', 'value': 3200}]}","{'Tính năng': ['3 chế độ vệ sinh: quét, hút và lau nhà.'], 'Tiện ích': ['Đèn cảnh báo lỗi trên robot', 'Điều khiển bằng điện thoại qua ứng dụng riêng', 'Hệ thống điều hướng thông minh Smart Navi 3.0 lưu nhớ bản đồ']}","{'Phụ kiện trong hộp': ['Ngăn đựng nước', 'Khăn lau', 'Dụng cụ vệ sinh robot', 'Chổi chính', 'Máng hút chuyên dụng', 'Chổi ven', 'Dây nguồn', 'Dock sạc', 'Bộ lọc hiệu suất cao']}"
51,00783659,Robot hút bụi Neato Botvac Connected D302 Xám,Mua ngay,Neato,Gia dụng thông minh,Robot hút bụi,"['Tường ảo thông minh ', 'Lực hút 1200 Pa ', 'Dung lượng pin 2100 mAh']",9900000,6990000,29,2024-10-31T23:59:00.000+07:00,"['Giảm 5% cho đơn từ 53,000đ', 'Giảm ngay 1 triệu khi mở thẻ tín dụng VPBank', 'Giảm đến 700.000đ khi thanh toán trả góp qua Kredivo', 'Giảm đến 1 triệu trả góp qua thẻ Visa']",https://fptshop.com.vn/may-hut-bui/robot-hut-bui-neato-botvac-connected-d302?sku=00783659,https://cdn2.fptshop.com.vn/unsafe/2022_10_7_638007523685701882_robot-hut-bui-neato-botvac-connected-d302-2.jpg,Xám,"{'Model': 'Botvac D3 Connected', 'Xuất xứ': ['Mỹ'], 'Thời điểm ra mắt': '2020', 'Thời gian bảo hành (tháng)': 24, 'Màu sắc': ['Xám']}","{'Kích thước': '34.8 x 34.8 x 10 cm', 'Trọng lượng sản phẩm': [{'displayValue': '3.1 kg', 'value': 3.1}]}","{'Loại máy hút bụi': ['Robot hút bụi'], 'Công suất hút': '1200 Pa', 'Độ ồn lớn nhất': ['65.5 - 75 dBA'], 'Bộ lọc bụi cho máy': ['HEPA'], 'Công nghệ hút bụi': ['Công nghệ hút chân không'], 'Chế độ hút thông minh': ['Chế độ chạy hút cạnh tường'], 'Ứng dụng kết nối': ['Neato']}","{'Dung lượng pin': [{'displayValue': '2100 mAh', 'value': 2100}]}","{'Tính năng': ['Chống va đập'], 'Tiện ích': ['Điều khiển bằng điện thoại qua ứng dụng riêng', 'Đèn cảnh báo lỗi trên robot']}","{'Phụ kiện trong hộp': ['Dock sạc', 'Dây nguồn', 'Chổi chính', 'Bộ lọc hiệu suất cao', 'Dụng cụ vệ sinh robot']}"
52,00800912,Hộp Khăn lau Ecovacs OZMO U2 Pro,Mua ngay,Ecovacs,Gia dụng thông minh,Robot hút bụi,[],285000,279000,2,2024-10-31T23:59:00.000+07:00,"['Giảm 5% cho đơn từ 53,000đ', 'Giảm ngay 1 triệu khi mở thẻ tín dụng VPBank', 'Giảm đến 700.000đ khi thanh toán trả góp qua Kredivo', 'Giảm đến 1 triệu trả góp qua thẻ Visa']",https://fptshop.com.vn/phu-kien/hop-khan-lau-ozmo-u2-pro?sku=00800912,https://cdn2.fptshop.com.vn/unsafe/2024_1_9_638404134396640137_hop-khan-lau-ozmo-u2-pro-1.jpg,Trắng,"{'Model': 'Deebot U2 Pro', 'Xuất xứ': ['Trung Quốc'], 'Thời điểm ra mắt': '2021', 'Hướng dẫn bảo quản': 'Để nơi khô ráo, nhẹ tay, dễ vỡ.', 'Màu sắc': ['Trắng']}","{'Kích thước': '12x2x16', 'Trọng lượng sản phẩm': [{'displayValue': '150 ', 'value': 150}]}","{'Loại máy hút bụi': ['Robot hút bụi'], 'Công suất hút': '2000 Pa', 'Độ ồn lớn nhất': ['65.5 - 72 dB'], 'Bộ lọc bụi cho máy': ['HEPA'], 'Chế độ hút thông minh': ['Chế độ tự động'], 'Dung tích bình chứa': ['0.8 lít']}","{'Dung lượng pin': [{'displayValue': '3200 mAh', 'value': 3200}]}",{'Tính năng': ['Nghe đài FM']},{'Phụ kiện trong hộp': ['Khăn lau']}
53,00850533,Robot hút bụi 3.5 kg Kyvol S31,Mua ngay,Kyvol,Gia dụng thông minh,Robot hút bụi,"['Lực hút mạnh mẽ 3000 Pa', 'Dung lượng pin  5200 mAh', 'Vừa hút bụi, vừa lau sàn']",12490000,3990000,68,2024-10-27T23:59:00.000+07:00,"['Giảm 5% cho đơn từ 53,000đ', 'Giảm ngay 1 triệu khi mở thẻ tín dụng VPBank', 'Giảm đến 700.000đ khi thanh toán trả góp qua Kredivo', 'Giảm đến 1 triệu trả góp qua thẻ Visa']",https://fptshop.com.vn/may-hut-bui/robot-hut-bui-35-kg-kyvol-s31?sku=00850533,https://cdn2.fptshop.com.vn/unsafe/2022_12_14_638066075479889916_robot-hut-bui-35-kg-kyvol-s31-1.jpg,Đen,"{'Model': 'S31', 'Xuất xứ': ['Trung Quốc'], 'Thời điểm ra mắt': '06/2021', 'Thời gian bảo hành (tháng)': 24, 'Hướng dẫn bảo quản': 'Để nơi khô ráo, nhẹ tay, dễ vỡ.', 'Màu sắc': ['Đen']}","{'Kích thước': '40*44*46 cm', 'Trọng lượng sản phẩm': [{'displayValue': '13493 g', 'value': 13493}]}","{'Loại máy hút bụi': ['Robot hút bụi'], 'Công suất hút': '3000 Pa', 'Độ ồn lớn nhất': ['50 - 65 dB'], 'Bộ lọc bụi cho máy': ['HEPA'], 'Công nghệ hút bụi': ['Công nghệ hút chân không'], 'Chế độ hút thông minh': ['Chế độ chạy hút cạnh tường', 'Chế độ lốc xoáy', 'Chế độ xoắn ốc', 'Chế độ tự động', 'Chế độ zigzag'], 'Dung tích bình chứa': ['Hộp bụi: 0.65 lít', 'Hộp nước: 0.35 lít'], 'Thời gian sử dụng': ['2 - 6 giờ Chế độ bình thường'], 'Thời gian sạc đầy': ['4 giờ'], 'Đầu hút bụi': ['Đầu hút đa năng']}","{'Dung lượng pin': [{'displayValue': '5200 mAh', 'value': 5200}]}","{'Tính năng': ['3 chế độ vệ sinh: quét, hút và lau nhà.'], 'Tiện ích': ['Điều khiển bằng điện thoại qua ứng dụng riêng', 'Bánh xe di chuyển', 'Bật giọng nói (VoiceOn)', 'Có chổi vệ sinh máy', 'Có thể leo vật 1.7 cm', 'Dễ vệ sinh', 'Hệ thống điều hướng Laser LSD', 'Hệ thống lập bản đồ TrueMapping 3D 2.0', 'Khoang chứa bụi có thể tháo rời', 'Tiết kiệm điện']}","{'Phụ kiện trong hộp': ['Adapter', 'Chân đế', 'Dụng cụ vệ sinh robot']}"
54,00783653,Robot hút bụi lau nhà Ecovacs Deebot U2 Pro,Mua ngay,Ecovacs,Gia dụng thông minh,Robot hút bụi,"['Lực hút 1500 Pa ', 'Vừa hút bụi, vừa lau sàn', 'Dung lượng pin 3200 mAh']",6990000,3990000,43,2024-10-31T23:59:00.000+07:00,"['Giảm 5% cho đơn từ 53,000đ', 'Giảm ngay 1 triệu khi mở thẻ tín dụng VPBank', 'Giảm đến 700.000đ khi thanh toán trả góp qua Kredivo', 'Giảm đến 1 triệu trả góp qua thẻ Visa']",https://fptshop.com.vn/may-hut-bui/robot-hut-bui-lau-nha-ecovacs-deebot-u2-pro?sku=00783653,https://cdn2.fptshop.com.vn/unsafe/2022_8_26_637971154490558390_00783653-anh-1.jpg,Đen,"{'Model': 'Deebot U2 Pro', 'Xuất xứ': ['Trung Quốc'], 'Thời điểm ra mắt': '2020', 'Thời gian bảo hành (tháng)': 24, 'Màu sắc': ['Đen']}","{'Kích thước': '35 x 35 x 7,9 cm', 'Trọng lượng sản phẩm': [{'displayValue': '3.6 kg', 'value': 3.6}]}","{'Công suất hút': '1500 Pa', 'Độ ồn lớn nhất': ['65.5 - 75 dBA'], 'Bộ lọc bụi cho máy': ['HEPA'], 'Công nghệ hút bụi': ['Công nghệ hút chân không'], 'Dung tích bình chứa': ['Hộp bụi: 0.4 lít'], 'Ứng dụng kết nối': ['Ecovacs Home']}","{'Dung lượng pin': [{'displayValue': '3200 mAh', 'value': 3200}]}","{'Tính năng': ['3 chế độ vệ sinh: quét, hút và lau nhà.'], 'Tiện ích': ['Điều khiển bằng điện thoại qua ứng dụng riêng', 'Đèn cảnh báo lỗi trên robot']}","{'Phụ kiện trong hộp': ['Dây nguồn', 'Bộ lọc hiệu suất cao', 'Ngăn đựng rác', 'Chổi ven', 'Chổi chính', 'Khăn lau', 'Dock sạc', 'Ngăn đựng nước', 'Dụng cụ vệ sinh robot']}"
55,00850534,Robot hút bụi 3.14 kg Kyvol D7,Mua ngay,Kyvol,Gia dụng thông minh,Robot hút bụi,"['Vừa hút bụi, vừa lau sàn', 'Dung lượng pin 3200 mAh', 'Lực hút mạnh mẽ 3000 Pa']",7990000,2790000,65,2024-10-27T23:59:00.000+07:00,"['Giảm 5% cho đơn từ 53,000đ', 'Giảm ngay 1 triệu khi mở thẻ tín dụng VPBank', 'Giảm đến 700.000đ khi thanh toán trả góp qua Kredivo', 'Giảm đến 1 triệu trả góp qua thẻ Visa']",https://fptshop.com.vn/may-hut-bui/robot-hut-bui-314-kg-kyvol-d7?sku=00850534,https://cdn2.fptshop.com.vn/unsafe/2022_12_14_638066084628350784_robot-hut-bui-314-kg-kyvol-d7-1.jpg,Đen,"{'Model': 'D7', 'Xuất xứ': ['Trung Quốc'], 'Thời điểm ra mắt': '06/2021', 'Thời gian bảo hành (tháng)': 24, 'Hướng dẫn bảo quản': 'Để nơi khô ráo, nhẹ tay, dễ vỡ.', 'Màu sắc': ['Đen']}","{'Kích thước': '55*13*40 cm', 'Trọng lượng sản phẩm': [{'displayValue': '4767 g', 'value': 4767}]}","{'Loại máy hút bụi': ['Robot hút bụi'], 'Công suất hút': '3000 Pa', 'Độ ồn lớn nhất': ['50 - 65 dB'], 'Bộ lọc bụi cho máy': ['HEPA H13'], 'Công nghệ hút bụi': ['Công nghệ hút chân không'], 'Chế độ hút thông minh': ['Chế độ lốc xoáy', 'Chế độ chạy hút cạnh tường', 'Chế độ tự động', 'Chế độ zigzag', 'Chế độ xoắn ốc'], 'Dung tích bình chứa': ['Hộp bụi: 0.5 lít', 'Hộp nước: 0.4 lít'], 'Thời gian sử dụng': ['140 phút Chế độ bình thường'], 'Thời gian sạc đầy': ['3 - 4 giờ'], 'Đầu hút bụi': ['Đầu hút bàn chải']}","{'Dung lượng pin': [{'displayValue': '3200 mAh', 'value': 3200}]}","{'Tính năng': ['3 chế độ lau dọn: Chế độ mặc định, Im lặng, Tối đa', 'Cảnh báo khi pin yếu', 'Kết nối với điện thoại bằng Wifi', '3 chế độ vệ sinh: quét, hút và lau nhà.', 'Điền khiển từ xa', 'Dễ dàng thao tác', 'Chống va đập'], 'Tiện ích': ['Các bộ phận tháo rời', 'Hẹn giờ', 'Quét bản đồ 360 độ', 'Đèn cảnh báo lỗi trên robot']}","{'Phụ kiện trong hộp': ['Adapter', 'Chổi vệ sinh']}"
56,00910433,Robot hút bụi lau nhà Samsung VR7MD96514G/SV,Đặt cọc,Samsung,Gia dụng thông minh,Robot hút bụi,"['Cảm biến chống rơi ', 'Trạm sạc ', 'Lực hút 6000 Pa ']",29986000,26990000,10,2024-10-31T23:59:00.000+07:00,"['Giảm 5% cho đơn từ 53,000đ', 'Giảm ngay 1 triệu khi mở thẻ tín dụng VPBank', 'Giảm đến 700.000đ khi thanh toán trả góp qua Kredivo', 'Giảm đến 1 triệu trả góp qua thẻ Visa']",https://fptshop.com.vn/may-hut-bui/robot-hut-bui-lau-nha-samsung-vr7md96514gsv?sku=00910433,https://cdn2.fptshop.com.vn/unsafe/00910433_robot_hut_bui_lau_nha_samsung_vr7md96514gsv_54fa3dc06e.png,Trắng Satin,"{'Model': 'VR7MD96514G/SV', 'Xuất xứ': ['Việt Nam'], 'Thời điểm ra mắt': '2024', 'Thời gian bảo hành (tháng)': 12, 'Hướng dẫn bảo quản': 'Để nơi khô ráo, nhẹ tay, dễ vỡ.', 'Màu sắc': ['Trắng Satin']}","{'Kích thước': '359 x 100 x 364 mm', 'Trọng lượng sản phẩm': [{'displayValue': '3.5 kg', 'value': 3.5}]}","{'Loại máy hút bụi': ['Robot hút bụi'], 'Công suất': ['70 W'], 'Công suất hút': '6000 Pa', 'Độ ồn lớn nhất': ['74 dB'], 'Bộ lọc bụi cho máy': ['HEPA'], 'Công nghệ hút bụi': ['Công nghệ Steam Station+', 'Công nghệ dToF Obstacles Detection', 'Công nghệ AI Floor Detect', 'Công nghệ cảm biến dToF LiDAR'], 'Chế độ hút thông minh': ['Chế độ làm sạch sâu', 'Tự động tăng lực hút trên thảm', 'Tự động nhận diện thảm', 'Chế độ làm sạch tổng thể', 'Chế độ làm sạch tại 1 điểm', 'Chế độ zigzag'], 'Dung tích bình chứa': ['2.5 lít'], 'Thời gian sử dụng': ['5 giờ'], 'Ứng dụng kết nối': ['SmartThings']}","{'Dung lượng pin': [{'displayValue': '4861 mAh', 'value': 4861}]}","{'Tính năng': ['Hệ thống cảm biến thông minh'], 'Tiện ích': ['Cảm biến chống rơi, chống va chạm', 'Điều khiển qua kết nối trên điện thoại thông minh', 'Tự động đổ bụi, giặt, sấy khô vải lau', 'Tự quay về đế/trạm sạc', 'Trạm sạc kết hợp thu gom bụi', 'Lưu được 4 bản đồ', 'Tường ảo', 'Vừa hút vừa lau nhà']}","{'Phụ kiện trong hộp': ['Chổi bên', 'Tấm lọc bụi']}"
