,sku,Tên,Trạng thái,Nhãn hàng,Loại,Nhóm,Đặc điểm nổi bật,Giá gốc,Giá hiện tại,Giảm giá,Thời gian kết thúc giảm giá,Khuyến mãi,Link đặt hàng,Ảnh,Màu,Thông tin hàng hóa,Thiết kế và Trọng lượng,Thông số cơ bản,Tính năng và tiện ích
0,00910938,Tủ lạnh Aqua mini một cửa 90 lít AQR-D100FA(BS),Mua ngay,Aqua,Tủ lạnh,Mini,"['1 - 2 người sử dụng ', 'Làm lạnh trực tiếp ', 'Ngăn đá có nắp đậy ']",3390000,3390000,0,,"['Giảm 5% cho đơn từ 53,000đ', 'Giảm ngay 1 triệu khi mở thẻ tín dụng VPBank', 'Giảm đến 700.000đ khi thanh toán trả góp qua Kredivo', 'Giảm đến 1 triệu trả góp qua thẻ Visa']",https://fptshop.com.vn/tu-lanh/aqua-mini-mot-cua-90-lit-aqr-d100fabs?sku=00910938,https://cdn2.fptshop.com.vn/small/tu_lanh_aqua_aqr_d100fa_bs_a4fdc416d6.png,Đen,"{'Model': 'AQR-D100FA(BS)', 'Xuất xứ': ['Việt Nam'], 'Thời điểm ra mắt': '2024', 'Màu sắc': ['Đen']}","{'Kích thước': 'Cao 76.9 cm x Rộng 47cm x Sâu 48.4 cm', 'Trọng lượng sản phẩm': [{'displayValue': '18 kg', 'value': 18}], 'Chất liệu': ['Cửa tủ Kính chịu lực', 'Khay Nhựa']}","{'Loại tủ': ['Tủ lạnh Mini'], 'Dung tích sử dụng': ['Tổng: 93 lít', 'Sử dụng: 90 lít', 'Ngăn lạnh: 90 lít'], 'Công nghệ tiết kiệm điện': ['Non Inverter'], 'Công nghệ làm lạnh': ['Trực tiếp'], 'Công nghệ kháng khuẩn khử mùi': ['Không'], 'Công nghệ bảo quản thực phẩm': ['Không'], 'Nhãn năng lượng': '5 sao', 'Điện áp': '220 V / 50 Hz'}",
1,00907645,Tủ lạnh Toshiba Inverter 194 lít GR-RT252WE-PMV(52),Mua ngay,Toshiba,Tủ lạnh,Ngăn đá trên,"['2 - 3 người sử dụng ', 'Làm lạnh đa chiều ', 'Nano Fresh Ag+ ']",5990000,5490000,8,2024-10-24T23:59:00.000+07:00,"['Giảm 5% cho đơn từ 53,000đ', 'Giảm ngay 1 triệu khi mở thẻ tín dụng VPBank', 'Giảm đến 700.000đ khi thanh toán trả góp qua Kredivo', 'Giảm đến 1 triệu trả góp qua thẻ Visa']",https://fptshop.com.vn/tu-lanh/toshiba-194-lit-gr-rt252we-pmv52?sku=00907645,https://cdn2.fptshop.com.vn/unsafe/2024_6_10_638536304274133894_toshiba-194-lit-gr-rt252we-pmv52-8.jpg,Đen,"{'Model': 'GR-RT252WE-PMV(52)', 'Xuất xứ': ['Thái Lan'], 'Thời điểm ra mắt': '2023', 'Thời hạn bảo hành sản phẩm': ['Máy nén 2 năm'], 'Màu sắc': ['Đen']}","{'Kích thước': '134.5 x 54.5 x 61.5 cm', 'Trọng lượng sản phẩm': [{'displayValue': '37 kg', 'value': 37}], 'Chất liệu': ['Cửa tủ Kim loại đen Sapphire', 'Khay ngăn lạnh: Kính chịu lực', 'Ống dẫn gas Đồng', 'Lá tản nhiệt Nhôm']}","{'Loại tủ': ['Tủ lạnh lớn - ngăn đá trên - 2 cánh'], 'Dung tích sử dụng': ['Sử dụng: 194 lít', 'Tổng: Hãng không công bố', 'Ngăn đá: 61 lít', 'Ngăn lạnh: 133 lít'], 'Công nghệ tiết kiệm điện': ['Inverter'], 'Công nghệ làm lạnh': ['Làm lạnh đa chiều'], 'Công nghệ kháng khuẩn khử mùi': ['Công nghệ PureBio bộ lọc tinh thể Ag+'], 'Công nghệ bảo quản thực phẩm': ['Công nghệ Multi Air Flow Ngăn Cooling Zone 0°C'], 'Công suất tiêu thụ điện trung bình': ['0.71 kW/ngày'], 'Nhãn năng lượng': 'Đang cập nhật'}",
2,00906186,Tủ lạnh Casper Inverter side by side 458 lít RS-460PG,Mua ngay,Casper,Tủ lạnh,Side by Side,"['4 - 5 người sử dụng ', 'Làm lạnh đa chiều ', 'Bảng điều khiển cảm ứng']",13990000,9490000,32,2024-10-24T23:59:00.000+07:00,"['Chủ thẻ OCB: Giảm thêm 500,000đ', 'Giảm 5% cho đơn từ 53,000đ', 'Giảm ngay 1 triệu khi mở thẻ tín dụng VPBank', 'Giảm đến 700.000đ khi thanh toán trả góp qua Kredivo', 'Giảm đến 1 triệu trả góp qua thẻ Visa']",https://fptshop.com.vn/tu-lanh/casper-458-lit-rs-460pg?sku=00906186,https://cdn2.fptshop.com.vn/unsafe/2024_6_10_638536307431904817_casper-458-lit-rs-460pg-5.jpg,Xám Nhạt,"{'Model': 'RS-460PG', 'Xuất xứ': ['Trung Quốc'], 'Thời điểm ra mắt': '2023', 'Thời hạn bảo hành sản phẩm': ['Máy nén 12 năm', 'Toàn thiết bị 2 năm'], 'Màu sắc': ['Xám Nhạt']}","{'Kích thước': '61 x 83 x 178.5 cm', 'Trọng lượng sản phẩm': [{'displayValue': '70 kg', 'value': 70}], 'Chất liệu': ['Cửa tủ Kim loại phủ sơn tĩnh điện', 'Lòng tủ Nhôm kháng khuẩn', 'Thân tủ Kim loại phủ sơn tĩnh điện']}","{'Loại tủ': ['Tủ lạnh lớn - Side by side'], 'Dung tích sử dụng': ['458 lít'], 'Số người sử dụng': 'Từ 1 - 2 người', 'Công nghệ tiết kiệm điện': ['Inverter'], 'Công nghệ làm lạnh': ['Làm lạnh đa chiều'], 'Công nghệ kháng khuẩn khử mùi': ['Không'], 'Công nghệ bảo quản thực phẩm': ['Không'], 'Công suất tiêu thụ điện trung bình': ['1.3 kW/ngày'], 'Nhãn năng lượng': '3 sao', 'Điện áp': '220 V / 50 Hz'}","{'Tiện ích': ['Bảng điều khiển cảm ứng bên ngoài cửa tủ', 'Cảnh báo cửa mở', 'Đèn LED chiếu sáng', 'Khóa màn hình LED']}"
3,00908793,Tủ lạnh LG Inverter Side By Side 519 lít GR-B256JDS,Mua ngay,LG,Tủ lạnh,Side by Side,"['4 - 5 người sử dụng ', 'Làm lạnh đa chiều ', 'Than hoạt tính khử khuẩn']",19990000,12990000,35,2024-10-24T23:59:00.000+07:00,"['Chủ thẻ OCB: Giảm thêm 500,000đ', 'Giảm 5% cho đơn từ 53,000đ', 'Giảm ngay 1 triệu khi mở thẻ tín dụng VPBank', 'Giảm đến 700.000đ khi thanh toán trả góp qua Kredivo', 'Giảm đến 1 triệu trả góp qua thẻ Visa']",https://fptshop.com.vn/tu-lanh/lg-inverter-side-by-side-519-lit-gr-b256jds?sku=00908793,https://cdn2.fptshop.com.vn/unsafe/2024_6_14_638539546798404654_00908793-lg-gr-b256jds.jpg,Bạc,"{'Model': 'GR-B256JDS', 'Xuất xứ': ['Trung Quốc'], 'Thời điểm ra mắt': '2023', 'Màu sắc': ['Bạc']}","{'Kích thước': '178.6 x 91 x 64.3 cm', 'Trọng lượng sản phẩm': [{'displayValue': '83 kg', 'value': 83}], 'Chất liệu': ['Cửa tủ Kim loại phủ sơn tĩnh điện', 'Khay ngăn lạnh: Kính chịu lực', 'Ống dẫn gas Nhôm', 'Lá tản nhiệt Nhôm']}","{'Loại tủ': ['Tủ lạnh lớn - Side by side'], 'Dung tích sử dụng': ['Tổng: 566 lít', 'Sử dụng: 519 lít', 'Ngăn đá: 184 lít', 'Ngăn lạnh: 335 lít'], 'Số người sử dụng': 'Từ 4-5 người', 'Công nghệ tiết kiệm điện': ['Inverter'], 'Công nghệ làm lạnh': ['Làm lạnh đa chiều'], 'Công nghệ kháng khuẩn khử mùi': ['Bộ lọc than hoạt tính'], 'Công nghệ bảo quản thực phẩm': ['Linear Cooling'], 'Nhãn năng lượng': '4 sao', 'Điện áp': '220 V / 50 Hz'}","{'Tiện ích': ['Có khóa', 'Bảng điều khiển bên ngoài']}"
4,00906183,Tủ lạnh Samsung Inverter 208 lít RT20HAR8DBU/SV,Mua ngay,Samsung,Tủ lạnh,Ngăn đá trên,"['2 - 3 người sử dụng ', 'Làm lạnh đa chiều ', 'Ngăn rau củ Big Box']",7890000,6790000,14,2024-10-24T23:59:00.000+07:00,"['Giảm 5% cho đơn từ 53,000đ', 'Giảm ngay 1 triệu khi mở thẻ tín dụng VPBank', 'Giảm đến 700.000đ khi thanh toán trả góp qua Kredivo', 'Giảm đến 1 triệu trả góp qua thẻ Visa']",https://fptshop.com.vn/tu-lanh/samsung-inverter-208-lit-rt20har8dbusv?sku=00906183,https://cdn2.fptshop.com.vn/unsafe/2024_6_11_638537178415898882_00906183-samsung-rt20har8dbu-sv.jpg,Đen,"{'Model': 'RT20HAR8DBU/SV', 'Xuất xứ': ['Việt Nam'], 'Thời điểm ra mắt': '2020', 'Màu sắc': ['Đen']}","{'Kích thước': 'Cao 144.5 cm - Rộng 55.6 cm - Sâu 60.6 cm', 'Trọng lượng sản phẩm': [{'displayValue': '43 kg', 'value': 43}], 'Chất liệu': ['Cửa tủ Kim loại phủ sơn bóng giả gương', 'Khay Kính chịu lực'], 'Kiểu tủ': '2 cửa ngăn đá trên'}","{'Loại tủ': ['Tủ lạnh'], 'Dung tích sử dụng': ['208 lít'], 'Số người sử dụng': '2 -3 người', 'Công nghệ tiết kiệm điện': ['Digital Inverter'], 'Công nghệ làm lạnh': ['Làm lạnh đa chiều'], 'Công nghệ kháng khuẩn khử mùi': ['Bộ lọc than hoạt tính Deodorizer'], 'Công nghệ bảo quản thực phẩm': ['Ngăn rau củ lớn giữ ẩm Big Box', 'Ngăn Cool Pack'], 'Nhãn năng lượng': '5 sao', 'Điện áp': '220 V'}","{'Tiện ích': ['Hơi lạnh lan tỏa đồng đều trong tủ với công nghệ làm lạnh đa chiều', 'Rau quả luôn tươi ngon mọng nước với ngăn rau quả cân bằng độ ẩm', 'Làm lạnh hiệu quả và tiết kiệm điện năng tối ưu', 'Thực phẩm vẫn được giữ đông lạnh ngay cả lúc không có điện']}"
5,00906633,Tủ lạnh Aqua 130 lít AQR-T150FA(BS),Mua ngay,Aqua,Tủ lạnh,Ngăn đá trên,"['1 - 2 người sử dụng ', 'Làm lạnh gián tiếp ', 'Nano Fresh Ag+ ']",4590000,4590000,0,,"['Giảm 5% cho đơn từ 53,000đ', 'Giảm ngay 1 triệu khi mở thẻ tín dụng VPBank', 'Giảm đến 700.000đ khi thanh toán trả góp qua Kredivo', 'Giảm đến 1 triệu trả góp qua thẻ Visa']",https://fptshop.com.vn/tu-lanh/aqua-130-lit-aqr-t150fabs?sku=00906633,https://cdn2.fptshop.com.vn/unsafe/2024_6_11_638537199487865208_00906633-aqua-aqr-t150fa-bs.jpg,Đen,"{'Model': 'AQR-T150FA(BS)', 'Xuất xứ': ['Việt Nam'], 'Thời điểm ra mắt': '2023', 'Màu sắc': ['Đen']}","{'Kích thước': '48 x 124 x 60 cm', 'Trọng lượng sản phẩm': [{'displayValue': '33 kg', 'value': 33}], 'Chất liệu': ['Cửa tủ Kim loại phủ sơn tĩnh điện', 'Khay Kính chịu lực'], 'Kiểu tủ': '2 cửa ngăn đá trên'}","{'Loại tủ': ['Tủ lạnh'], 'Dung tích sử dụng': ['130 lít'], 'Số người sử dụng': '1 - 2 người', 'Công nghệ tiết kiệm điện': ['Không'], 'Công nghệ làm lạnh': ['Làm lạnh gián tiếp'], 'Công nghệ kháng khuẩn khử mùi': ['Nano Fresh Ag+'], 'Công nghệ bảo quản thực phẩm': ['Ngăn rau quả giữ ẩm'], 'Công suất tiêu thụ điện trung bình': ['1.15 kW/ngày'], 'Nhãn năng lượng': '3 sao', 'Điện áp': '220 V'}","{'Tiện ích': ['Diệt khuẩn, khử mùi hiệu quả', 'Không đóng tuyết', 'Hệ thống đèn LED bền, ít tỏa nhiệt và tiết kiệm năng lượng', 'Chất liệu khay bằng kính chịu lực tốt, dễ dàng di chuyển']}"
6,00909204,Tủ lạnh Aqua Inverter 283 lít AQR-T299FA(SL),Mua ngay,Aqua,Tủ lạnh,Ngăn đá trên,"['2 - 3 người sử dụng ', 'Làm lạnh đa chiều ', 'Khử khuẩn DEO Fresh ']",7990000,7690000,4,2024-10-24T23:59:00.000+07:00,"['Giảm 5% cho đơn từ 53,000đ', 'Giảm ngay 1 triệu khi mở thẻ tín dụng VPBank', 'Giảm đến 700.000đ khi thanh toán trả góp qua Kredivo', 'Giảm đến 1 triệu trả góp qua thẻ Visa']",https://fptshop.com.vn/tu-lanh/aqua-inverter-283-lit-aqr-t299fasl?sku=00909204,https://cdn2.fptshop.com.vn/unsafe/00909204_aqua_aqr_t299fa_sl_0aba7b9c42.png,Đen,"{'Model': 'T299FA(SL)', 'Xuất xứ': ['Việt Nam'], 'Thời điểm ra mắt': '02/2024', 'Màu sắc': ['Đen']}","{'Kích thước': 'Cao 163 cm - Rộng 54.8 cm - Sâu 62.5 cm', 'Trọng lượng sản phẩm': [{'displayValue': '48 kg', 'value': 48}], 'Chất liệu': ['Cửa tủ Thép không gỉ', 'Khay ngăn lạnh: Kính chịu lực', 'Ống dẫn gas Nhôm', 'Lá tản nhiệt Sắt']}","{'Loại tủ': ['Tủ lạnh ngăn đá trên'], 'Dung tích sử dụng': ['Tổng: 298 lít', 'Sử dụng: 283 lít', 'Ngăn đá: 65 lít', 'Ngăn lạnh: 218 lít'], 'Số người sử dụng': 'Từ 2-3 người', 'Công nghệ tiết kiệm điện': ['Inverter'], 'Công nghệ làm lạnh': ['Làm lạnh đa chiều', 'Làm lạnh gián tiếp'], 'Công nghệ kháng khuẩn khử mùi': ['Kháng khuẩn khử mùi DEO Fresh'], 'Công nghệ bảo quản thực phẩm': ['Ngăn trữ lạnh Chiller Box -1 độ C'], 'Nhãn năng lượng': '5 sao', 'Điện áp': '220 V / 50 Hz'}","{'Tiện ích': ['Đèn LED chiếu sáng', 'Ngăn đông mềm trữ thịt cá không cần rã đông']}"
7,00909209,Tủ lạnh Toshiba Inverter Side By Side 596 lít GR-RS775WI-PMV(06)-MG,Mua ngay,Toshiba,Tủ lạnh,Side by Side,"['Phù hợp trên 5 người', 'Làm lạnh đa chiều ', 'Lấy nước ngoài ']",17990000,17490000,3,2024-10-24T23:59:00.000+07:00,"['Chủ thẻ OCB: Giảm thêm 500,000đ', 'Giảm 5% cho đơn từ 53,000đ', 'Giảm ngay 1 triệu khi mở thẻ tín dụng VPBank', 'Giảm đến 700.000đ khi thanh toán trả góp qua Kredivo', 'Giảm đến 1 triệu trả góp qua thẻ Visa']",https://fptshop.com.vn/tu-lanh/toshiba-inverter-side-by-side-596-lit-gr-rs775wi-pmv06-mg?sku=00909209,https://cdn2.fptshop.com.vn/unsafe/00909209_toshiba_gr_rs775wi_pmv_06_mg_ac6e2dc4bf.png,Đen,"{'Model': 'GR-RS775WI-PMV(06)-MG', 'Xuất xứ': ['Trung Quốc'], 'Thời điểm ra mắt': '02/2023', 'Màu sắc': ['Đen']}","{'Kích thước': 'Cao 177.5 cm - Rộng 91 cm - Sâu 70 cm', 'Trọng lượng sản phẩm': [{'displayValue': '88 kg', 'value': 88}], 'Chất liệu': ['Cửa tủ Kim loại phủ sơn tĩnh điện', 'Khay ngăn lạnh: Kính chịu lực', 'Ống dẫn gas Đồng và Sắt', 'Lá tản nhiệt Nhôm Aluminium']}","{'Loại tủ': ['Tủ lạnh lớn - Side by side'], 'Dung tích sử dụng': ['Tổng: 612 lít', 'Sử dụng: 596 lít', 'Ngăn đá: 208 lít', 'Ngăn lạnh: 388 lít'], 'Số người sử dụng': 'Trên 5 người', 'Công nghệ tiết kiệm điện': ['Inverter'], 'Công nghệ làm lạnh': ['Luồng khí lạnh đa chiều Multi Air Flow'], 'Công nghệ kháng khuẩn khử mùi': ['Công nghệ PureAir'], 'Nhãn năng lượng': '4 sao', 'Điện áp': '220 - 240V / 50 Hz'}","{'Tiện ích': ['Điều khiển từ xa trên ứng dụng TSmartLife', 'Có khóa', 'Bảng điều khiển cảm ứng bên ngoài cửa tủ', 'Thiết kế cửa tủ thông minh có thể kéo ra hoàn toàn khi mở cửa tủ 90 độ']}"
8,00909195,Tủ lạnh Samsung Inverter Multi Door 488 lít RF48A4000B4/SV,Mua ngay,Samsung,Tủ lạnh,Tủ nhiều cửa,"['4 - 5 người sử dụng ', 'Chế độ kỳ nghỉ, tiết kiệm', 'Power Freeze làm đá nhanh']",23990000,20490000,15,2024-10-24T23:59:00.000+07:00,"['Chủ thẻ OCB: Giảm thêm 500,000đ', 'Giảm 5% cho đơn từ 53,000đ', 'Giảm ngay 1 triệu khi mở thẻ tín dụng VPBank', 'Giảm đến 700.000đ khi thanh toán trả góp qua Kredivo', 'Giảm đến 1 triệu trả góp qua thẻ Visa']",https://fptshop.com.vn/tu-lanh/tu-lanh-samsung-inverter-multi-door-488-lit-rf48a4000b4sv?sku=00909195,https://cdn2.fptshop.com.vn/unsafe/00909195_samsung_rf48a4000b4_sv_8096d53075.png,Đen,"{'Model': 'RF48A4000B4/SV', 'Xuất xứ': ['Trung Quốc'], 'Thời điểm ra mắt': '02/2021', 'Màu sắc': ['Đen']}","{'Kích thước': 'Cao 179.3 cm - Rộng 83.3 cm - Sâu 74 cm', 'Trọng lượng sản phẩm': [{'displayValue': '99 kg', 'value': 99}], 'Chất liệu': ['Cửa tủ Thép không gỉ', 'Khay ngăn lạnh: Kính chịu lực', 'Ống dẫn gas Đồng', 'Lá tản nhiệt Nhôm']}","{'Loại tủ': ['Tủ lạnh nhiều cửa'], 'Dung tích sử dụng': ['Tổng: 511 lít', 'Ngăn đá: 159 lít', 'Sử dụng: 488 lít', 'Ngăn lạnh: 329 lít'], 'Số người sử dụng': 'Từ 4 - 5 người', 'Công nghệ tiết kiệm điện': ['Inverter'], 'Công nghệ làm lạnh': ['Công nghệ làm đá nhanh Power Freeze', '2 dàn lạnh độc lập Twin Cooling Plus', 'Công nghệ làm lạnh Power Cool'], 'Công nghệ kháng khuẩn khử mùi': ['Bộ lọc than hoạt tính Deodorizer'], 'Công nghệ bảo quản thực phẩm': ['Ngăn rau quả giữ ẩm', 'Công nghệ làm lạnh No Frost'], 'Nhãn năng lượng': '4 sao', 'Điện áp': '220 V / 50 Hz'}","{'Tiện ích': ['Hộp đá xoay di động', 'Có khóa', 'Chuông báo khi quên đóng cửa', 'Bảng điều khiển bên ngoài']}"
9,00908789,Tủ lạnh Sharp Inverter 181 lít SJ-X198V-DG,Mua ngay,Sharp,Tủ lạnh,Ngăn đá trên,"['2 - 3 người sử dụng ', 'Làm lạnh đa chiều ', 'Nano Fresh Ag+ ']",5550000,5550000,0,,"['Giảm 5% cho đơn từ 53,000đ', 'Giảm ngay 1 triệu khi mở thẻ tín dụng VPBank', 'Giảm đến 700.000đ khi thanh toán trả góp qua Kredivo', 'Giảm đến 1 triệu trả góp qua thẻ Visa']",https://fptshop.com.vn/tu-lanh/sharp-inverter-181-lit-sj-x198v-dg?sku=00908789,https://cdn2.fptshop.com.vn/unsafe/2024_6_14_638539590444209820_00908789-sharp-sj-x198v-dg.jpg,Đen,"{'Model': 'SJ-X198V-DG', 'Xuất xứ': ['Trung Quốc'], 'Thời điểm ra mắt': '2024', 'Màu sắc': ['Đen']}","{'Kích thước': '134 x 54.5 x 55.5 cm', 'Trọng lượng sản phẩm': [{'displayValue': '39 kg', 'value': 39}], 'Chất liệu': ['Cửa tủ Kim loại', 'Khay ngăn lạnh: Kính', 'Ống dẫn gas Đồng', 'Lá tản nhiệt Nhôm']}","{'Loại tủ': ['Tủ lạnh ngăn đá trên'], 'Dung tích sử dụng': ['Tổng: 198 lít', 'Sử dụng: 181 lít', 'Ngăn đá: 49 lít', 'Ngăn lạnh: 132 lít'], 'Số người sử dụng': 'Từ 2-3 người', 'Công nghệ tiết kiệm điện': ['Inverter'], 'Công nghệ làm lạnh': ['Làm lạnh đa chiều'], 'Công nghệ kháng khuẩn khử mùi': ['Bộ lọc khử mùi than hoạt tính Nano Ag+'], 'Công nghệ bảo quản thực phẩm': ['Ngăn rau quả giữ ẩm, Ngăn trữ tươi thực phẩm sống Extra Cool Plus -2℃'], 'Nhãn năng lượng': '5 sao', 'Điện áp': '220 - 240V / 50 Hz'}",{'Tiện ích': ['Khay đá di động']}
10,00908500,Tủ lạnh Toshiba Inverter 515 lít GR-RF677WI-PGV(22)-XK,Mua ngay,Toshiba,Tủ lạnh,Tủ nhiều cửa,"['4 - 5 người sử dụng ', 'Làm lạnh đa chiều ', 'PureAir diệt khuẩn ']",17990000,16990000,6,2024-10-24T23:59:00.000+07:00,"['Chủ thẻ OCB: Giảm thêm 500,000đ', 'Giảm 5% cho đơn từ 53,000đ', 'Giảm ngay 1 triệu khi mở thẻ tín dụng VPBank', 'Giảm đến 700.000đ khi thanh toán trả góp qua Kredivo', 'Giảm đến 1 triệu trả góp qua thẻ Visa']",https://fptshop.com.vn/tu-lanh/toshiba-inverter-515-lit-gr-rf677wi-pgv22-xk?sku=00908500,https://cdn2.fptshop.com.vn/unsafe/2024_6_14_638539551430568695_00908500-toshiba-gr-rf677wi-pgv-22-xk.jpg,Đen,"{'Model': 'GR-RF677WI-PGV(22)-XK', 'Xuất xứ': ['Trung Quốc'], 'Thời điểm ra mắt': '2023', 'Thời hạn bảo hành sản phẩm': ['Máy nén 2 năm'], 'Màu sắc': ['Đen']}","{'Kích thước': '189.8 x 83.3 x 64.5 cm', 'Trọng lượng sản phẩm': [{'displayValue': '100.5 kg', 'value': 100.5}], 'Chất liệu': ['Cửa tủ Kính cường lực', 'Khay ngăn lạnh: Kính chịu lực', 'Ống dẫn gas Sắt', 'Ống dẫn gas Đồng', 'Lá tản nhiệt Nhôm']}","{'Loại tủ': ['Tủ lạnh lớn - Side by side'], 'Dung tích sử dụng': ['Tổng: 515 lít', 'Sử dụng: 515 lít', 'Ngăn đá: 170 lít', 'Ngăn lạnh: 345 lít'], 'Số người sử dụng': 'Từ 4- 5 người', 'Công nghệ tiết kiệm điện': ['Inverter'], 'Công nghệ làm lạnh': ['Làm lạnh đa chiều'], 'Công nghệ kháng khuẩn khử mùi': ['Công nghệ PureAir'], 'Công nghệ bảo quản thực phẩm': ['Công nghệ Moisture Zone giữ nguyên hương vị với Flexible Zone'], 'Công suất tiêu thụ điện trung bình': ['1.54 kW/ngày'], 'Nhãn năng lượng': '4 sao', 'Điện áp': '220 - 240V / 50 Hz'}","{'Tiện ích': ['Đèn LED chiếu sáng', 'Làm lạnh nhanh', 'Bảng điều khiển cảm ứng bên ngoài cửa tủ', 'Cảnh báo cửa mở', 'Làm đông nhanh', 'Khay thủy tinh chịu lực', 'Điều khiển từ xa trên ứng dụng TSmartLife']}"
11,00908499,Tủ lạnh Casper SBS dung tích 495L INV RS-460PBW,Mua ngay,Casper,Tủ lạnh,Side by Side,"['4 - 5 người sử dụng ', 'Làm lạnh đa chiều ', 'Lấy nước ngoài ']",15490000,10490000,32,2024-10-24T23:59:00.000+07:00,"['Chủ thẻ OCB: Giảm thêm 500,000đ', 'Giảm 5% cho đơn từ 53,000đ', 'Giảm ngay 1 triệu khi mở thẻ tín dụng VPBank', 'Giảm đến 700.000đ khi thanh toán trả góp qua Kredivo', 'Giảm đến 1 triệu trả góp qua thẻ Visa']",https://fptshop.com.vn/tu-lanh/casper-sbs-dung-tich-495l-inv-rs-460pbw?sku=00908499,https://cdn2.fptshop.com.vn/unsafe/2024_6_14_638539549485698158_00908499-casper-inverter-rs-460pbw.jpg,Đen,"{'Model': 'RS-460PBW', 'Xuất xứ': ['Trung Quốc'], 'Thời điểm ra mắt': '2024', 'Thời hạn bảo hành sản phẩm': ['Máy nén 12 năm'], 'Màu sắc': ['Đen']}","{'Kích thước': '178.5 x 83 x 61 cm', 'Trọng lượng sản phẩm': [{'displayValue': '70 kg', 'value': 70}], 'Chất liệu': ['Cửa tủ Thép không gỉ', 'Khay ngăn lạnh: Kính chịu lực', 'Ống dẫn gas Đồng', 'Dàn lạnh Nhôm']}","{'Loại tủ': ['Tủ lạnh'], 'Dung tích sử dụng': ['Sử dụng: 458 lít', 'Tổng: 495 lít', 'Ngăn đá: 173 lít', 'Ngăn lạnh: 285 lít'], 'Số người sử dụng': 'Từ 1 - 2 người', 'Công nghệ tiết kiệm điện': ['Advanced Inverter'], 'Công nghệ làm lạnh': ['Làm lạnh đa chiều'], 'Công nghệ kháng khuẩn khử mùi': ['Không'], 'Công nghệ bảo quản thực phẩm': ['Không'], 'Công suất tiêu thụ điện trung bình': ['1.3 kW/ngày'], 'Nhãn năng lượng': '4 sao', 'Điện áp': '220 - 240V / 50 Hz'}","{'Tiện ích': ['Đèn LED chiếu sáng', 'Làm lạnh nhanh', 'Bảng điều khiển cảm ứng bên ngoài cửa tủ', 'Cảnh báo cửa mở', 'Làm đông nhanh', 'Tủ có khóa an toàn', 'Công nghệ AI cảnh báo con người']}"
12,00908794,Tủ lạnh Samsung Inverter Side by Side 655 lít RS62R5001B4/SV,Mua ngay,Samsung,Tủ lạnh,Side by Side,"['Phù hợp trên 5 người', 'Làm lạnh vòm ', 'Viền tủ mỏng SpaceMax']",25090000,18790000,25,2024-10-24T23:59:00.000+07:00,"['Chủ thẻ OCB: Giảm thêm 500,000đ', 'Giảm 5% cho đơn từ 53,000đ', 'Giảm ngay 1 triệu khi mở thẻ tín dụng VPBank', 'Giảm đến 700.000đ khi thanh toán trả góp qua Kredivo', 'Giảm đến 1 triệu trả góp qua thẻ Visa']",https://fptshop.com.vn/tu-lanh/samsung-inverter-side-by-side-655-lit-rs62r5001b4sv?sku=00908794,https://cdn2.fptshop.com.vn/unsafe/2024_6_14_638539523625408058_00908794-samsung-rs62r5001b4_sv.jpg,Đen,"{'Model': 'RS62R5001B4/SV', 'Xuất xứ': ['Trung Quốc'], 'Thời điểm ra mắt': '2019', 'Màu sắc': ['Đen']}","{'Kích thước': '178 x 91.2 x 71.6 cm', 'Trọng lượng sản phẩm': [{'displayValue': '101 kg', 'value': 101}], 'Chất liệu': ['Cửa tủ Kim loại phủ sơn tĩnh điện', 'Khay ngăn lạnh: Kính chịu lực', 'Ống dẫn gas Nhôm Aluminium', 'Lá tản nhiệt Nhôm Aluminium']}","{'Loại tủ': ['Tủ lạnh lớn - Side by side'], 'Dung tích sử dụng': ['Tổng: 680 lít', 'Sử dụng: 655 lít', 'Ngăn đá: 237 lít', 'Ngăn lạnh: 418 lít'], 'Số người sử dụng': 'Trên 5 người', 'Công nghệ tiết kiệm điện': ['Inverter'], 'Công nghệ làm lạnh': ['Công nghệ làm lạnh vòm'], 'Công nghệ kháng khuẩn khử mùi': ['Bộ lọc than hoạt tính'], 'Công nghệ bảo quản thực phẩm': ['Viền tủ mỏng SpaceMax tăng thêm không gian lưu trữ thực phẩm'], 'Nhãn năng lượng': '3 sao', 'Điện áp': '220 V / 50 Hz'}","{'Tiện ích': ['Làm đông nhanh', 'Làm lạnh nhanh', 'Khoá trẻ em', 'Chuông báo khi quên đóng cửa', '2 ngăn rau củ quả']}"
13,00910357,Tủ lạnh Hisense mini một cửa 45 lít HR05DB,Mua ngay,Hisense,Tủ lạnh,Mini,"['Phù hợp 1 người sử dụng', 'Làm lạnh trực tiếp ', 'Có bộ điều khiển nhiệt độ']",2790000,2490000,11,2024-10-31T23:59:00.000+07:00,"['Giảm 5% cho đơn từ 53,000đ', 'Giảm ngay 1 triệu khi mở thẻ tín dụng VPBank', 'Giảm đến 700.000đ khi thanh toán trả góp qua Kredivo', 'Giảm đến 1 triệu trả góp qua thẻ Visa']",https://fptshop.com.vn/tu-lanh/hisense-mini-mot-cua-45-lit-hr05db?sku=00910357,https://cdn2.fptshop.com.vn/unsafe/tu_lanh_hisense_hr05db_91b4967640.png,Xám,"{'Model': 'HR05DB', 'Xuất xứ': ['Trung Quốc'], 'Thời điểm ra mắt': '2024', 'Thời hạn bảo hành sản phẩm': ['Động cơ 6 năm'], 'Màu sắc': ['Xám']}","{'Kích thước': 'Dài 44.5 cm - Rộng 46.5 cm - Cao 50 cm', 'Trọng lượng sản phẩm': [{'displayValue': '13.4 kg', 'value': 13.4}], 'Chất liệu': ['Cửa tủ Thép', 'Khay ngăn lạnh: Kính chịu lực']}","{'Loại tủ': ['Tủ lạnh Mini'], 'Dung tích sử dụng': ['Tổng: 45 lít', 'Sử dụng: 45 lít', 'Ngăn lạnh: 45 lít'], 'Công nghệ tiết kiệm điện': ['Non Inverter'], 'Công nghệ làm lạnh': ['Làm lạnh trực tiếp (Có đóng tuyết)'], 'Nhãn năng lượng': '5 sao'}",
14,00908609,Tủ lạnh Toshiba Inverter Multi Door 509 lít GR-RF605WI-PMV(06)-MG,Mua ngay,Toshiba,Tủ lạnh,Tủ nhiều cửa,"['4 - 5 người sử dụng ', 'Làm lạnh đa chiều ', 'Lấy nước ngoài ']",25990000,18490000,29,2024-10-24T23:59:00.000+07:00,"['Chủ thẻ OCB: Giảm thêm 500,000đ', 'Giảm 5% cho đơn từ 53,000đ', 'Giảm ngay 1 triệu khi mở thẻ tín dụng VPBank', 'Giảm đến 700.000đ khi thanh toán trả góp qua Kredivo', 'Giảm đến 1 triệu trả góp qua thẻ Visa']",https://fptshop.com.vn/tu-lanh/toshiba-inverter-multi-door-509-lit-gr-rf605wi-pmv06-mg?sku=00908609,https://cdn2.fptshop.com.vn/unsafe/00908609_toshiba_gr_rf605wi_pmv_06_mg_de342846f4.png,Đen,"{'Model': 'GR-RF605WI-PMV(06)', 'Xuất xứ': ['Trung Quốc'], 'Thời điểm ra mắt': '2022', 'Màu sắc': ['Đen']}","{'Kích thước': '190.5 x 83.3 x 64.8 cm', 'Trọng lượng sản phẩm': [{'displayValue': '100 kg', 'value': 100}], 'Chất liệu': ['Cửa tủ Thép không gỉ', 'Khay ngăn lạnh: Kính chịu lực', 'Ống dẫn gas Nhôm', 'Lá tản nhiệt Nhôm']}","{'Loại tủ': ['Tủ lạnh lớn - Side by side'], 'Dung tích sử dụng': ['Tổng: 509 lít', 'Sử dụng: 509 lít', 'Ngăn đá: 170 lít', 'Ngăn lạnh: 339 lít'], 'Số người sử dụng': 'Từ 4-5 người', 'Công nghệ tiết kiệm điện': ['Inverter'], 'Nhãn năng lượng': '3 sao', 'Điện áp': '220 - 240V / 50 Hz'}",
15,00910359,Tủ lạnh Hisense mini một cửa 94 lít HR09DB,Mua ngay,Hisense,Tủ lạnh,Mini,"['1 - 2 người sử dụng ', 'Làm lạnh trực tiếp ', 'Có bộ điều khiển nhiệt độ']",3290000,2990000,9,2024-10-31T23:59:00.000+07:00,"['Giảm 5% cho đơn từ 53,000đ', 'Giảm ngay 1 triệu khi mở thẻ tín dụng VPBank', 'Giảm đến 700.000đ khi thanh toán trả góp qua Kredivo', 'Giảm đến 1 triệu trả góp qua thẻ Visa']",https://fptshop.com.vn/tu-lanh/hisense-mini-mot-cua-94-lit-hr09db?sku=00910359,https://cdn2.fptshop.com.vn/unsafe/tu_lanh_hisense_hr09db_56ddcb7d9e.png,Đen,"{'Model': 'HR09DB', 'Xuất xứ': ['Trung Quốc'], 'Thời điểm ra mắt': '2024', 'Thời hạn bảo hành sản phẩm': ['Động cơ 6 năm'], 'Màu sắc': ['Đen']}","{'Kích thước': 'Dài 44.8 cm - Rộng 47.5 cm - Cao 84.2 cm', 'Trọng lượng sản phẩm': [{'displayValue': '19.7 kg', 'value': 19.7}], 'Chất liệu': ['Cửa tủ Thép', 'Khay ngăn lạnh: Kính chịu lực']}","{'Loại tủ': ['Tủ lạnh Mini'], 'Dung tích sử dụng': ['Tổng: 94 lít', 'Sử dụng: 94 lít', 'Ngăn lạnh: 94 lít'], 'Công nghệ tiết kiệm điện': ['Non Inverter'], 'Công nghệ làm lạnh': ['Làm lạnh trực tiếp (Có đóng tuyết)'], 'Nhãn năng lượng': '5 sao'}",
16,00912153,Tủ lạnh Hisense Inverter 424 lít RT549N4EW-MBU,Mua ngay,Hisense,Tủ lạnh,Ngăn đá trên,[],11990000,11990000,0,,"['Giảm 5% cho đơn từ 53,000đ', 'Giảm ngay 1 triệu khi mở thẻ tín dụng VPBank', 'Giảm đến 700.000đ khi thanh toán trả góp qua Kredivo', 'Giảm đến 1 triệu trả góp qua thẻ Visa']",https://fptshop.com.vn/tu-lanh/hisense-inverter-424-lit-rt549n4ew-mbu?sku=00912153,https://cdn2.fptshop.com.vn/small/hisense_rt549n4ew_mbu_1_1ad81c072f.png,Trắng,"{'Model': 'RT549N4EW-MBU', 'Xuất xứ': ['Trung Quốc'], 'Thời điểm ra mắt': '2024', 'Màu sắc': ['Trắng']}","{'Kích thước': 'Cao 172 cm - Ngang 68.5 cm - Sâu 70.4 cm', 'Trọng lượng sản phẩm': [{'displayValue': '69.3 kg', 'value': 69.3}], 'Chất liệu': ['Cửa tủ Mặt gương']}","{'Loại tủ': ['Tủ lạnh ngăn đá trên'], 'Dung tích sử dụng': ['Tổng: 424 lít', 'Sử dụng: 424 lít', 'Ngăn đá: 101 lít', 'Ngăn lạnh: 323 lít'], 'Công nghệ tiết kiệm điện': ['Inverter'], 'Công nghệ làm lạnh': ['Luồng khí lạnh đa chiều Multi Air Flow'], 'Công nghệ kháng khuẩn khử mùi': ['Bộ lọc diệt khuẩn, khử mùi Active Hygiene'], 'Công nghệ bảo quản thực phẩm': ['Hoàn toàn không đóng tuyết Total No Frost', 'Ngăn rau củ cân bằng ẩm (Moisture Fresh Crisper)'], 'Nhãn năng lượng': '5 sao'}","{'Tiện ích': ['Ron cửa dễ vệ sinh', 'Khay kéo trượt tiện lợi', 'Khay kệ có thể dịch chuyển', 'Khay kính chịu lực', 'Khay cửa lớn XXL', 'Hệ thống đèn LED dịu nhẹ', 'Khay đá xoay di chuyển linh hoạt']}"
17,00909204,Tủ lạnh Aqua Inverter 283 lít AQR-T299FA(SL),Mua ngay,Aqua,Tủ lạnh,Ngăn đá trên,"['2 - 3 người sử dụng ', 'Làm lạnh đa chiều ', 'Khử khuẩn DEO Fresh ']",7990000,7690000,4,2024-10-24T23:59:00.000+07:00,"['Giảm 5% cho đơn từ 53,000đ', 'Giảm ngay 1 triệu khi mở thẻ tín dụng VPBank', 'Giảm đến 700.000đ khi thanh toán trả góp qua Kredivo', 'Giảm đến 1 triệu trả góp qua thẻ Visa']",https://fptshop.com.vn/tu-lanh/aqua-inverter-283-lit-aqr-t299fasl?sku=00909204,https://cdn2.fptshop.com.vn/unsafe/00909204_aqua_aqr_t299fa_sl_0aba7b9c42.png,Đen,"{'Model': 'T299FA(SL)', 'Xuất xứ': ['Việt Nam'], 'Thời điểm ra mắt': '02/2024', 'Màu sắc': ['Đen']}","{'Kích thước': 'Cao 163 cm - Rộng 54.8 cm - Sâu 62.5 cm', 'Trọng lượng sản phẩm': [{'displayValue': '48 kg', 'value': 48}], 'Chất liệu': ['Cửa tủ Thép không gỉ', 'Khay ngăn lạnh: Kính chịu lực', 'Ống dẫn gas Nhôm', 'Lá tản nhiệt Sắt']}","{'Loại tủ': ['Tủ lạnh ngăn đá trên'], 'Dung tích sử dụng': ['Tổng: 298 lít', 'Sử dụng: 283 lít', 'Ngăn đá: 65 lít', 'Ngăn lạnh: 218 lít'], 'Số người sử dụng': 'Từ 2-3 người', 'Công nghệ tiết kiệm điện': ['Inverter'], 'Công nghệ làm lạnh': ['Làm lạnh đa chiều', 'Làm lạnh gián tiếp'], 'Công nghệ kháng khuẩn khử mùi': ['Kháng khuẩn khử mùi DEO Fresh'], 'Công nghệ bảo quản thực phẩm': ['Ngăn trữ lạnh Chiller Box -1 độ C'], 'Nhãn năng lượng': '5 sao', 'Điện áp': '220 V / 50 Hz'}","{'Tiện ích': ['Đèn LED chiếu sáng', 'Ngăn đông mềm trữ thịt cá không cần rã đông']}"
18,00909209,Tủ lạnh Toshiba Inverter Side By Side 596 lít GR-RS775WI-PMV(06)-MG,Mua ngay,Toshiba,Tủ lạnh,Side by Side,"['Phù hợp trên 5 người', 'Làm lạnh đa chiều ', 'Lấy nước ngoài ']",17990000,17490000,3,2024-10-24T23:59:00.000+07:00,"['Chủ thẻ OCB: Giảm thêm 500,000đ', 'Giảm 5% cho đơn từ 53,000đ', 'Giảm ngay 1 triệu khi mở thẻ tín dụng VPBank', 'Giảm đến 700.000đ khi thanh toán trả góp qua Kredivo', 'Giảm đến 1 triệu trả góp qua thẻ Visa']",https://fptshop.com.vn/tu-lanh/toshiba-inverter-side-by-side-596-lit-gr-rs775wi-pmv06-mg?sku=00909209,https://cdn2.fptshop.com.vn/unsafe/00909209_toshiba_gr_rs775wi_pmv_06_mg_ac6e2dc4bf.png,Đen,"{'Model': 'GR-RS775WI-PMV(06)-MG', 'Xuất xứ': ['Trung Quốc'], 'Thời điểm ra mắt': '02/2023', 'Màu sắc': ['Đen']}","{'Kích thước': 'Cao 177.5 cm - Rộng 91 cm - Sâu 70 cm', 'Trọng lượng sản phẩm': [{'displayValue': '88 kg', 'value': 88}], 'Chất liệu': ['Cửa tủ Kim loại phủ sơn tĩnh điện', 'Khay ngăn lạnh: Kính chịu lực', 'Ống dẫn gas Đồng và Sắt', 'Lá tản nhiệt Nhôm Aluminium']}","{'Loại tủ': ['Tủ lạnh lớn - Side by side'], 'Dung tích sử dụng': ['Tổng: 612 lít', 'Sử dụng: 596 lít', 'Ngăn đá: 208 lít', 'Ngăn lạnh: 388 lít'], 'Số người sử dụng': 'Trên 5 người', 'Công nghệ tiết kiệm điện': ['Inverter'], 'Công nghệ làm lạnh': ['Luồng khí lạnh đa chiều Multi Air Flow'], 'Công nghệ kháng khuẩn khử mùi': ['Công nghệ PureAir'], 'Nhãn năng lượng': '4 sao', 'Điện áp': '220 - 240V / 50 Hz'}","{'Tiện ích': ['Điều khiển từ xa trên ứng dụng TSmartLife', 'Có khóa', 'Bảng điều khiển cảm ứng bên ngoài cửa tủ', 'Thiết kế cửa tủ thông minh có thể kéo ra hoàn toàn khi mở cửa tủ 90 độ']}"
19,00909195,Tủ lạnh Samsung Inverter Multi Door 488 lít RF48A4000B4/SV,Mua ngay,Samsung,Tủ lạnh,Tủ nhiều cửa,"['4 - 5 người sử dụng ', 'Chế độ kỳ nghỉ, tiết kiệm', 'Power Freeze làm đá nhanh']",23990000,20490000,15,2024-10-24T23:59:00.000+07:00,"['Chủ thẻ OCB: Giảm thêm 500,000đ', 'Giảm 5% cho đơn từ 53,000đ', 'Giảm ngay 1 triệu khi mở thẻ tín dụng VPBank', 'Giảm đến 700.000đ khi thanh toán trả góp qua Kredivo', 'Giảm đến 1 triệu trả góp qua thẻ Visa']",https://fptshop.com.vn/tu-lanh/tu-lanh-samsung-inverter-multi-door-488-lit-rf48a4000b4sv?sku=00909195,https://cdn2.fptshop.com.vn/unsafe/00909195_samsung_rf48a4000b4_sv_8096d53075.png,Đen,"{'Model': 'RF48A4000B4/SV', 'Xuất xứ': ['Trung Quốc'], 'Thời điểm ra mắt': '02/2021', 'Màu sắc': ['Đen']}","{'Kích thước': 'Cao 179.3 cm - Rộng 83.3 cm - Sâu 74 cm', 'Trọng lượng sản phẩm': [{'displayValue': '99 kg', 'value': 99}], 'Chất liệu': ['Cửa tủ Thép không gỉ', 'Khay ngăn lạnh: Kính chịu lực', 'Ống dẫn gas Đồng', 'Lá tản nhiệt Nhôm']}","{'Loại tủ': ['Tủ lạnh nhiều cửa'], 'Dung tích sử dụng': ['Tổng: 511 lít', 'Ngăn đá: 159 lít', 'Sử dụng: 488 lít', 'Ngăn lạnh: 329 lít'], 'Số người sử dụng': 'Từ 4 - 5 người', 'Công nghệ tiết kiệm điện': ['Inverter'], 'Công nghệ làm lạnh': ['Công nghệ làm đá nhanh Power Freeze', '2 dàn lạnh độc lập Twin Cooling Plus', 'Công nghệ làm lạnh Power Cool'], 'Công nghệ kháng khuẩn khử mùi': ['Bộ lọc than hoạt tính Deodorizer'], 'Công nghệ bảo quản thực phẩm': ['Ngăn rau quả giữ ẩm', 'Công nghệ làm lạnh No Frost'], 'Nhãn năng lượng': '4 sao', 'Điện áp': '220 V / 50 Hz'}","{'Tiện ích': ['Hộp đá xoay di động', 'Có khóa', 'Chuông báo khi quên đóng cửa', 'Bảng điều khiển bên ngoài']}"
20,00908789,Tủ lạnh Sharp Inverter 181 lít SJ-X198V-DG,Mua ngay,Sharp,Tủ lạnh,Ngăn đá trên,"['2 - 3 người sử dụng ', 'Làm lạnh đa chiều ', 'Nano Fresh Ag+ ']",5550000,5550000,0,,"['Giảm 5% cho đơn từ 53,000đ', 'Giảm ngay 1 triệu khi mở thẻ tín dụng VPBank', 'Giảm đến 700.000đ khi thanh toán trả góp qua Kredivo', 'Giảm đến 1 triệu trả góp qua thẻ Visa']",https://fptshop.com.vn/tu-lanh/sharp-inverter-181-lit-sj-x198v-dg?sku=00908789,https://cdn2.fptshop.com.vn/unsafe/2024_6_14_638539590444209820_00908789-sharp-sj-x198v-dg.jpg,Đen,"{'Model': 'SJ-X198V-DG', 'Xuất xứ': ['Trung Quốc'], 'Thời điểm ra mắt': '2024', 'Màu sắc': ['Đen']}","{'Kích thước': '134 x 54.5 x 55.5 cm', 'Trọng lượng sản phẩm': [{'displayValue': '39 kg', 'value': 39}], 'Chất liệu': ['Cửa tủ Kim loại', 'Khay ngăn lạnh: Kính', 'Ống dẫn gas Đồng', 'Lá tản nhiệt Nhôm']}","{'Loại tủ': ['Tủ lạnh ngăn đá trên'], 'Dung tích sử dụng': ['Tổng: 198 lít', 'Sử dụng: 181 lít', 'Ngăn đá: 49 lít', 'Ngăn lạnh: 132 lít'], 'Số người sử dụng': 'Từ 2-3 người', 'Công nghệ tiết kiệm điện': ['Inverter'], 'Công nghệ làm lạnh': ['Làm lạnh đa chiều'], 'Công nghệ kháng khuẩn khử mùi': ['Bộ lọc khử mùi than hoạt tính Nano Ag+'], 'Công nghệ bảo quản thực phẩm': ['Ngăn rau quả giữ ẩm, Ngăn trữ tươi thực phẩm sống Extra Cool Plus -2℃'], 'Nhãn năng lượng': '5 sao', 'Điện áp': '220 - 240V / 50 Hz'}",{'Tiện ích': ['Khay đá di động']}
21,00908500,Tủ lạnh Toshiba Inverter 515 lít GR-RF677WI-PGV(22)-XK,Mua ngay,Toshiba,Tủ lạnh,Tủ nhiều cửa,"['4 - 5 người sử dụng ', 'Làm lạnh đa chiều ', 'PureAir diệt khuẩn ']",17990000,16990000,6,2024-10-24T23:59:00.000+07:00,"['Chủ thẻ OCB: Giảm thêm 500,000đ', 'Giảm 5% cho đơn từ 53,000đ', 'Giảm ngay 1 triệu khi mở thẻ tín dụng VPBank', 'Giảm đến 700.000đ khi thanh toán trả góp qua Kredivo', 'Giảm đến 1 triệu trả góp qua thẻ Visa']",https://fptshop.com.vn/tu-lanh/toshiba-inverter-515-lit-gr-rf677wi-pgv22-xk?sku=00908500,https://cdn2.fptshop.com.vn/unsafe/2024_6_14_638539551430568695_00908500-toshiba-gr-rf677wi-pgv-22-xk.jpg,Đen,"{'Model': 'GR-RF677WI-PGV(22)-XK', 'Xuất xứ': ['Trung Quốc'], 'Thời điểm ra mắt': '2023', 'Thời hạn bảo hành sản phẩm': ['Máy nén 2 năm'], 'Màu sắc': ['Đen']}","{'Kích thước': '189.8 x 83.3 x 64.5 cm', 'Trọng lượng sản phẩm': [{'displayValue': '100.5 kg', 'value': 100.5}], 'Chất liệu': ['Cửa tủ Kính cường lực', 'Khay ngăn lạnh: Kính chịu lực', 'Ống dẫn gas Sắt', 'Ống dẫn gas Đồng', 'Lá tản nhiệt Nhôm']}","{'Loại tủ': ['Tủ lạnh lớn - Side by side'], 'Dung tích sử dụng': ['Tổng: 515 lít', 'Sử dụng: 515 lít', 'Ngăn đá: 170 lít', 'Ngăn lạnh: 345 lít'], 'Số người sử dụng': 'Từ 4- 5 người', 'Công nghệ tiết kiệm điện': ['Inverter'], 'Công nghệ làm lạnh': ['Làm lạnh đa chiều'], 'Công nghệ kháng khuẩn khử mùi': ['Công nghệ PureAir'], 'Công nghệ bảo quản thực phẩm': ['Công nghệ Moisture Zone giữ nguyên hương vị với Flexible Zone'], 'Công suất tiêu thụ điện trung bình': ['1.54 kW/ngày'], 'Nhãn năng lượng': '4 sao', 'Điện áp': '220 - 240V / 50 Hz'}","{'Tiện ích': ['Đèn LED chiếu sáng', 'Làm lạnh nhanh', 'Bảng điều khiển cảm ứng bên ngoài cửa tủ', 'Cảnh báo cửa mở', 'Làm đông nhanh', 'Khay thủy tinh chịu lực', 'Điều khiển từ xa trên ứng dụng TSmartLife']}"
22,00908791,Tủ lạnh LG Inverter 266 Lít GV-B262PS,Mua ngay,LG,Tủ lạnh,Ngăn đá trên,"['2 - 3 người sử dụng ', 'Làm lạnh đa chiều và cửa', 'Linear Cooling ']",9990000,6390000,36,2024-10-24T23:59:00.000+07:00,"['Giảm 5% cho đơn từ 53,000đ', 'Giảm ngay 1 triệu khi mở thẻ tín dụng VPBank', 'Giảm đến 700.000đ khi thanh toán trả góp qua Kredivo', 'Giảm đến 1 triệu trả góp qua thẻ Visa']",https://fptshop.com.vn/tu-lanh/lg-inverter-264-lit-gv-b262ps?sku=00908791,https://cdn2.fptshop.com.vn/unsafe/2024_6_24_638548393071376273_lg-inverter-264-lit-gv-b262ps-1.jpg,Đen,"{'Model': 'GV-B262PS', 'Xuất xứ': ['Việt Nam'], 'Thời điểm ra mắt': '2022', 'Màu sắc': ['Đen']}","{'Kích thước': '168 x 55.5 x 63.7 cm', 'Trọng lượng sản phẩm': [{'displayValue': '51 kg', 'value': 51}], 'Chất liệu': ['Cửa tủ Kim loại phủ sơn tĩnh điện', 'Khay ngăn lạnh: Kính chịu lực', 'Ống dẫn gas Nhôm', 'Lá tản nhiệt Nhôm']}","{'Loại tủ': ['Tủ lạnh ngăn đá trên'], 'Dung tích sử dụng': ['Ngăn đá: 58 lít', 'Tổng: 287 lít', 'Sử dụng: 266 lít', 'Ngăn lạnh: 208 lít'], 'Số người sử dụng': 'Từ 2-3 người', 'Công nghệ tiết kiệm điện': ['Inverter'], 'Công nghệ làm lạnh': ['DoorCooling làm lạnh từ cánh cửa tủ'], 'Công nghệ kháng khuẩn khử mùi': ['Bộ lọc than hoạt tính'], 'Công nghệ bảo quản thực phẩm': ['Linear Cooling'], 'Nhãn năng lượng': '5 sao', 'Điện áp': '220 V / 50 Hz'}",{'Tiện ích': ['Hộp đá xoay di động']}
23,00908794,Tủ lạnh Samsung Inverter Side by Side 655 lít RS62R5001B4/SV,Mua ngay,Samsung,Tủ lạnh,Side by Side,"['Phù hợp trên 5 người', 'Làm lạnh vòm ', 'Viền tủ mỏng SpaceMax']",25090000,18790000,25,2024-10-24T23:59:00.000+07:00,"['Chủ thẻ OCB: Giảm thêm 500,000đ', 'Giảm 5% cho đơn từ 53,000đ', 'Giảm ngay 1 triệu khi mở thẻ tín dụng VPBank', 'Giảm đến 700.000đ khi thanh toán trả góp qua Kredivo', 'Giảm đến 1 triệu trả góp qua thẻ Visa']",https://fptshop.com.vn/tu-lanh/samsung-inverter-side-by-side-655-lit-rs62r5001b4sv?sku=00908794,https://cdn2.fptshop.com.vn/unsafe/2024_6_14_638539523625408058_00908794-samsung-rs62r5001b4_sv.jpg,Đen,"{'Model': 'RS62R5001B4/SV', 'Xuất xứ': ['Trung Quốc'], 'Thời điểm ra mắt': '2019', 'Màu sắc': ['Đen']}","{'Kích thước': '178 x 91.2 x 71.6 cm', 'Trọng lượng sản phẩm': [{'displayValue': '101 kg', 'value': 101}], 'Chất liệu': ['Cửa tủ Kim loại phủ sơn tĩnh điện', 'Khay ngăn lạnh: Kính chịu lực', 'Ống dẫn gas Nhôm Aluminium', 'Lá tản nhiệt Nhôm Aluminium']}","{'Loại tủ': ['Tủ lạnh lớn - Side by side'], 'Dung tích sử dụng': ['Tổng: 680 lít', 'Sử dụng: 655 lít', 'Ngăn đá: 237 lít', 'Ngăn lạnh: 418 lít'], 'Số người sử dụng': 'Trên 5 người', 'Công nghệ tiết kiệm điện': ['Inverter'], 'Công nghệ làm lạnh': ['Công nghệ làm lạnh vòm'], 'Công nghệ kháng khuẩn khử mùi': ['Bộ lọc than hoạt tính'], 'Công nghệ bảo quản thực phẩm': ['Viền tủ mỏng SpaceMax tăng thêm không gian lưu trữ thực phẩm'], 'Nhãn năng lượng': '3 sao', 'Điện áp': '220 V / 50 Hz'}","{'Tiện ích': ['Làm đông nhanh', 'Làm lạnh nhanh', 'Khoá trẻ em', 'Chuông báo khi quên đóng cửa', '2 ngăn rau củ quả']}"
24,00910357,Tủ lạnh Hisense mini một cửa 45 lít HR05DB,Mua ngay,Hisense,Tủ lạnh,Mini,"['Phù hợp 1 người sử dụng', 'Làm lạnh trực tiếp ', 'Có bộ điều khiển nhiệt độ']",2790000,2490000,11,2024-10-31T23:59:00.000+07:00,"['Giảm 5% cho đơn từ 53,000đ', 'Giảm ngay 1 triệu khi mở thẻ tín dụng VPBank', 'Giảm đến 700.000đ khi thanh toán trả góp qua Kredivo', 'Giảm đến 1 triệu trả góp qua thẻ Visa']",https://fptshop.com.vn/tu-lanh/hisense-mini-mot-cua-45-lit-hr05db?sku=00910357,https://cdn2.fptshop.com.vn/unsafe/tu_lanh_hisense_hr05db_91b4967640.png,Xám,"{'Model': 'HR05DB', 'Xuất xứ': ['Trung Quốc'], 'Thời điểm ra mắt': '2024', 'Thời hạn bảo hành sản phẩm': ['Động cơ 6 năm'], 'Màu sắc': ['Xám']}","{'Kích thước': 'Dài 44.5 cm - Rộng 46.5 cm - Cao 50 cm', 'Trọng lượng sản phẩm': [{'displayValue': '13.4 kg', 'value': 13.4}], 'Chất liệu': ['Cửa tủ Thép', 'Khay ngăn lạnh: Kính chịu lực']}","{'Loại tủ': ['Tủ lạnh Mini'], 'Dung tích sử dụng': ['Tổng: 45 lít', 'Sử dụng: 45 lít', 'Ngăn lạnh: 45 lít'], 'Công nghệ tiết kiệm điện': ['Non Inverter'], 'Công nghệ làm lạnh': ['Làm lạnh trực tiếp (Có đóng tuyết)'], 'Nhãn năng lượng': '5 sao'}",
25,00908795,Tủ lạnh Sharp Inverter Multi Door 362 lít SJ-FX420VG-BK,Mua ngay,Sharp,Tủ lạnh,Tủ nhiều cửa,"['3 - 4 người sử dụng ', 'Làm lạnh đa chiều ', 'Khử mùi Deodorizer ']",17990000,13990000,22,2024-10-24T23:59:00.000+07:00,"['Chủ thẻ OCB: Giảm thêm 500,000đ', 'Giảm 5% cho đơn từ 53,000đ', 'Giảm ngay 1 triệu khi mở thẻ tín dụng VPBank', 'Giảm đến 700.000đ khi thanh toán trả góp qua Kredivo', 'Giảm đến 1 triệu trả góp qua thẻ Visa']",https://fptshop.com.vn/tu-lanh/sharp-inverter-multi-door-362-lit-sj-fx420vg-bk?sku=00908795,https://cdn2.fptshop.com.vn/unsafe/2024_6_14_638539553605172489_00908795-sharp-sj-fx420vg-bk.jpg,Đen,"{'Model': 'SJ-FX420VG-BK', 'Xuất xứ': ['Trung Quốc'], 'Thời điểm ra mắt': '2022', 'Màu sắc': ['Đen']}","{'Kích thước': '180 x 79.5 x 62.5 cm', 'Trọng lượng sản phẩm': [{'displayValue': '86 kg', 'value': 86}], 'Chất liệu': ['Cửa tủ Thép không gỉ', 'Khay ngăn lạnh: Kính chịu lực', 'Ống dẫn gas Nhôm', 'Lá tản nhiệt Nhôm']}","{'Loại tủ': ['Tủ lạnh nhiều cửa'], 'Dung tích sử dụng': ['Tổng: 404 lít', 'Sử dụng: 362 lít', 'Ngăn đá: 125 lít', 'Ngăn lạnh: 237 lít'], 'Số người sử dụng': '3-4 người', 'Công nghệ tiết kiệm điện': ['Inverter'], 'Công nghệ làm lạnh': ['Làm lạnh đa chiều'], 'Công nghệ kháng khuẩn khử mùi': ['Bộ lọc khử mùi Deodorizer'], 'Công nghệ bảo quản thực phẩm': ['Ngăn rau củ giữ ẩm Humidity Control'], 'Nhãn năng lượng': '3 sao', 'Điện áp': '220 - 240V / 50 Hz'}","{'Tiện ích': ['Chế độ kỳ nghỉ', 'Chế độ cấp đông nhanh', 'Chuông báo khi quên đóng cửa', 'Bảng điều khiển bên ngoài']}"
26,00908609,Tủ lạnh Toshiba Inverter Multi Door 509 lít GR-RF605WI-PMV(06)-MG,Mua ngay,Toshiba,Tủ lạnh,Tủ nhiều cửa,"['4 - 5 người sử dụng ', 'Làm lạnh đa chiều ', 'Lấy nước ngoài ']",25990000,18490000,29,2024-10-24T23:59:00.000+07:00,"['Chủ thẻ OCB: Giảm thêm 500,000đ', 'Giảm 5% cho đơn từ 53,000đ', 'Giảm ngay 1 triệu khi mở thẻ tín dụng VPBank', 'Giảm đến 700.000đ khi thanh toán trả góp qua Kredivo', 'Giảm đến 1 triệu trả góp qua thẻ Visa']",https://fptshop.com.vn/tu-lanh/toshiba-inverter-multi-door-509-lit-gr-rf605wi-pmv06-mg?sku=00908609,https://cdn2.fptshop.com.vn/unsafe/00908609_toshiba_gr_rf605wi_pmv_06_mg_de342846f4.png,Đen,"{'Model': 'GR-RF605WI-PMV(06)', 'Xuất xứ': ['Trung Quốc'], 'Thời điểm ra mắt': '2022', 'Màu sắc': ['Đen']}","{'Kích thước': '190.5 x 83.3 x 64.8 cm', 'Trọng lượng sản phẩm': [{'displayValue': '100 kg', 'value': 100}], 'Chất liệu': ['Cửa tủ Thép không gỉ', 'Khay ngăn lạnh: Kính chịu lực', 'Ống dẫn gas Nhôm', 'Lá tản nhiệt Nhôm']}","{'Loại tủ': ['Tủ lạnh lớn - Side by side'], 'Dung tích sử dụng': ['Tổng: 509 lít', 'Sử dụng: 509 lít', 'Ngăn đá: 170 lít', 'Ngăn lạnh: 339 lít'], 'Số người sử dụng': 'Từ 4-5 người', 'Công nghệ tiết kiệm điện': ['Inverter'], 'Nhãn năng lượng': '3 sao', 'Điện áp': '220 - 240V / 50 Hz'}",
27,00910166,Tủ lạnh Sharp Inverter side by side 530 lít SJ-SBX530WD-DG,Mua ngay,Sharp,Tủ lạnh,Side by Side,"['Phù hợp trên 5 người', 'Làm lạnh đa chiều ', 'Lấy nước ngoài ']",19290000,15990000,17,2024-10-24T23:59:00.000+07:00,"['Giảm 5% cho đơn từ 53,000đ', 'Giảm ngay 1 triệu khi mở thẻ tín dụng VPBank', 'Giảm đến 700.000đ khi thanh toán trả góp qua Kredivo', 'Giảm đến 1 triệu trả góp qua thẻ Visa']",https://fptshop.com.vn/tu-lanh/sharp-inverter-side-by-side-530-lit-sj-sbx530wd-dg?sku=00910166,https://cdn2.fptshop.com.vn/unsafe/sharp_sj_sbx530wd_dg_9fc7800df3.png,Đen,"{'Model': 'SJ-SBX530WD-DG', 'Xuất xứ': ['Trung Quốc'], 'Thời điểm ra mắt': '01/2024', 'Thời hạn bảo hành sản phẩm': ['Máy nén 10 năm'], 'Màu sắc': ['Đen']}","{'Kích thước': 'Dài 67 cm - Rộng 91 cm - Cao 177 cm', 'Trọng lượng sản phẩm': [{'displayValue': '81 kg', 'value': 81}], 'Chất liệu': ['Cửa tủ Kim loại', 'Khay Kính chịu lực']}","{'Loại tủ': ['Tủ lạnh'], 'Công nghệ tiết kiệm điện': ['Inverter'], 'Công nghệ làm lạnh': ['Làm lạnh đa chiều'], 'Công nghệ kháng khuẩn khử mùi': ['Bộ lọc khử mùi Deodorizer'], 'Nhãn năng lượng': '4 sao', 'Điện áp': '220 - 240V / 50 Hz'}",{'Tiện ích': ['Chuông báo khi quên đóng cửa']}
28,00912288,Tủ lạnh Toshiba Inverter 253 lít GR-RT329WE-PMV(52),Mua ngay,Toshiba,Tủ lạnh,Ngăn đá trên,[],6890000,6490000,6,2024-10-24T23:59:00.000+07:00,"['Giảm 5% cho đơn từ 53,000đ', 'Giảm ngay 1 triệu khi mở thẻ tín dụng VPBank', 'Giảm đến 700.000đ khi thanh toán trả góp qua Kredivo', 'Giảm đến 1 triệu trả góp qua thẻ Visa']",https://fptshop.com.vn/tu-lanh/toshiba-inverter-253-lit-gr-rt329we-pmv52,https://cdn2.fptshop.com.vn/unsafe/toshiba_gr_rt329we_pmv_52_1_d0a7267af5.png,Xám,"{'Model': 'GR-RT329WE-PMV(52)', 'Xuất xứ': ['Thái Lan'], 'Thời điểm ra mắt': '2023', 'Thời hạn bảo hành sản phẩm': ['Máy nén 10 năm'], 'Màu sắc': ['Xám']}","{'Kích thước': 'Cao 163 cm - Ngang 54.5 cm - Sâu 61.5 cm', 'Trọng lượng sản phẩm': [{'displayValue': '43 kg', 'value': 43}], 'Chất liệu': ['Cửa: Thép phủ gốm']}","{'Loại tủ': ['Tủ lạnh ngăn đá trên'], 'Dung tích sử dụng': ['Tổng: Hãng không công bố', 'Sử dụng: 253 lít', 'Ngăn đá: 61 lít', 'Ngăn lạnh: 192 lít'], 'Số người sử dụng': '2-3 người', 'Công nghệ tiết kiệm điện': ['Inverter'], 'Công nghệ làm lạnh': ['Làm lạnh đa chiều'], 'Công nghệ kháng khuẩn khử mùi': ['Công nghệ PureBio bộ lọc tinh thể Ag+'], 'Công nghệ bảo quản thực phẩm': ['Công nghệ Multi Air Flow Ngăn Cooling Zone 0°C'], 'Nhãn năng lượng': '5 sao', 'Điện áp': '220 V / 50 Hz'}","{'Tiện ích': ['Đèn LED chiếu sáng', 'Hộp đá xoay']}"
29,00909213,Tủ lạnh Samsung Inverter Multi Door Bespoke 648 lít RF59CB66F8S/SV,Mua ngay,Samsung,Tủ lạnh,Tủ nhiều cửa,"['Phù hợp trên 5 người', 'Làm lạnh Power Cool', 'Power Freeze làm đá nhanh']",49890000,46990000,6,2024-10-24T23:59:00.000+07:00,"['Giảm 5% cho đơn từ 53,000đ', 'Giảm ngay 1 triệu khi mở thẻ tín dụng VPBank', 'Giảm đến 700.000đ khi thanh toán trả góp qua Kredivo', 'Giảm đến 1 triệu trả góp qua thẻ Visa']",https://fptshop.com.vn/tu-lanh/samsung-inverter-multi-door-bespoke-648-lit-rf59cb66f8ssv?sku=00909213,https://cdn2.fptshop.com.vn/unsafe/00909213_samsung_rf59cb66f8s_sv_b0a6969e55.png,Trắng,"{'Model': 'RF59CB66F8S/SV', 'Xuất xứ': ['Hàn Quốc'], 'Thời điểm ra mắt': '02/2023', 'Màu sắc': ['Trắng']}","{'Kích thước': 'Cao 177.9 cm - Rộng 91.2 cm - Sâu 72.3 cm', 'Trọng lượng sản phẩm': [{'displayValue': '144 kg', 'value': 144}], 'Chất liệu': ['Cửa tủ Kính Bespoke', 'Khay ngăn lạnh: Kính chịu lực', 'Ống dẫn gas Đồng', 'Dàn lạnh Nhôm']}","{'Loại tủ': ['Tủ lạnh nhiều cửa'], 'Dung tích sử dụng': ['Tổng: 666 lít', 'Sử dụng: 648 lít', 'Ngăn đá: 259 lít', 'Ngăn lạnh: 389 lít'], 'Số người sử dụng': 'Trên 5 người', 'Công nghệ tiết kiệm điện': ['Inverter'], 'Công nghệ làm lạnh': ['Công nghệ làm đá nhanh Power Freeze', 'Công nghệ làm lạnh Power Cool', 'Công nghệ All-around Cooling'], 'Công nghệ kháng khuẩn khử mùi': ['Bộ lọc than hoạt tính'], 'Công nghệ bảo quản thực phẩm': ['Ngăn rau quả giữ ẩm', 'Công nghệ làm lạnh No Frost'], 'Nhãn năng lượng': '3 sao', 'Điện áp': '220 V / 50 Hz'}","{'Tiện ích': ['Thiết kế cửa phụ lấy thực phẩm dễ dàng', 'Quản lí thông minh SmartThings', 'Chuông báo khi quên đóng cửa', 'Bảng điều khiển đèn led', 'Ngăn lấy nước bên trong hạn chế vi khuẩn']}"
30,00907719,Tủ lạnh Aqua mini một cửa 90 lít AQR-D99FA(BS),Mua ngay,Aqua,Tủ lạnh,Mini,"['1 - 2 người sử dụng ', 'Làm lạnh trực tiếp ', 'Đèn LED chiếu sáng']",3290000,3290000,0,,"['Giảm 5% cho đơn từ 53,000đ', 'Giảm ngay 1 triệu khi mở thẻ tín dụng VPBank', 'Giảm đến 700.000đ khi thanh toán trả góp qua Kredivo', 'Giảm đến 1 triệu trả góp qua thẻ Visa']",https://fptshop.com.vn/tu-lanh/tu-lanh-aqua-mini-mot-cua-90-lit-aqr-d99fabs?sku=00907719,https://cdn2.fptshop.com.vn/unsafe/aqua_aqr_d99fa_bs_670216431e.png,Đen,"{'Model': 'AQR-D99FA(BS)', 'Xuất xứ': ['Việt Nam'], 'Thời điểm ra mắt': '2020', 'Thời hạn bảo hành sản phẩm': ['Máy nén 10 năm'], 'Màu sắc': ['Đen']}","{'Kích thước': '80 x 49.5 x 48 cm', 'Trọng lượng sản phẩm': [{'displayValue': '20 kg', 'value': 20}], 'Chất liệu': ['Cửa tủ Thép không gỉ', 'Khay ngăn lạnh: Kính chịu lực', 'Ống dẫn gas Đồng', 'Lá tản nhiệt Nhôm']}","{'Loại tủ': ['Tủ lạnh mini - 1 cánh'], 'Dung tích sử dụng': ['Sử dụng: 90 lít', 'Tổng: 93 lít', 'Ngăn lạnh: 90 lít'], 'Số người sử dụng': 'Từ 1 - 2 người', 'Công nghệ tiết kiệm điện': ['Không'], 'Công nghệ làm lạnh': ['Trực tiếp (có đóng tuyết)'], 'Công nghệ kháng khuẩn khử mùi': ['Không'], 'Công nghệ bảo quản thực phẩm': ['Không'], 'Công suất tiêu thụ điện trung bình': ['0.62 kW/ngày'], 'Nhãn năng lượng': 'Đang cập nhật', 'Điện áp': '220 V / 50 Hz'}",
31,00910120,Tủ lạnh Hisense Inverter 205 lít RT256N4EBN,Mua ngay,Hisense,Tủ lạnh,Ngăn đá trên,"['Làm lạnh đa chiều ', 'Đèn LED chiếu sáng', 'Bảo hành 3 năm']",5990000,5490000,8,2024-10-31T23:59:00.000+07:00,"['Giảm 5% cho đơn từ 53,000đ', 'Giảm ngay 1 triệu khi mở thẻ tín dụng VPBank', 'Giảm đến 700.000đ khi thanh toán trả góp qua Kredivo', 'Giảm đến 1 triệu trả góp qua thẻ Visa']",https://fptshop.com.vn/tu-lanh/hisense-inverter-205-lit-rt256n4ebn,https://cdn2.fptshop.com.vn/unsafe/hisense_rt256n4ebn_0c52af80ac.png,Đen,"{'Model': 'RT256N4EBN', 'Xuất xứ': ['Trung Quốc'], 'Thời điểm ra mắt': '2024', 'Thời hạn bảo hành sản phẩm': ['Động cơ Trọn đời'], 'Màu sắc': ['Đen']}","{'Kích thước': 'Dài 55 cm - Rộng 56.2 cm - Cao 145.6 cm', 'Trọng lượng sản phẩm': [{'displayValue': '43 kg', 'value': 43}], 'Chất liệu': ['Mặt lưng máy: Kim loại', 'Khay Kính chịu lực']}","{'Loại tủ': ['Tủ lạnh ngăn đá trên'], 'Dung tích sử dụng': ['Sử dụng: 205 lít', 'Ngăn đá: 52 lít', 'Ngăn lạnh: 153 lít'], 'Công nghệ tiết kiệm điện': ['Inverter'], 'Công nghệ làm lạnh': ['Luồng khí lạnh đa chiều Multi Air Flow'], 'Công nghệ kháng khuẩn khử mùi': ['Bộ lọc diệt khuẩn, khử mùi Active Hygiene'], 'Công nghệ bảo quản thực phẩm': ['Ngăn rau củ cân bằng ẩm (Moisture Fresh Crisper)'], 'Nhãn năng lượng': '5 sao', 'Điện áp': '220 - 240V / 50 Hz'}","{'Tiện ích': ['Hệ thống đèn LED', 'Khay đá di động']}"
32,00908609,Tủ lạnh Toshiba Inverter Multi Door 509 lít GR-RF605WI-PMV(06)-MG,Mua ngay,Toshiba,Tủ lạnh,Tủ nhiều cửa,"['4 - 5 người sử dụng ', 'Làm lạnh đa chiều ', 'Lấy nước ngoài ']",25990000,18490000,29,2024-10-24T23:59:00.000+07:00,"['Chủ thẻ OCB: Giảm thêm 500,000đ', 'Giảm 5% cho đơn từ 53,000đ', 'Giảm ngay 1 triệu khi mở thẻ tín dụng VPBank', 'Giảm đến 700.000đ khi thanh toán trả góp qua Kredivo', 'Giảm đến 1 triệu trả góp qua thẻ Visa']",https://fptshop.com.vn/tu-lanh/toshiba-inverter-multi-door-509-lit-gr-rf605wi-pmv06-mg?sku=00908609,https://cdn2.fptshop.com.vn/unsafe/00908609_toshiba_gr_rf605wi_pmv_06_mg_de342846f4.png,Đen,"{'Model': 'GR-RF605WI-PMV(06)', 'Xuất xứ': ['Trung Quốc'], 'Thời điểm ra mắt': '2022', 'Màu sắc': ['Đen']}","{'Kích thước': '190.5 x 83.3 x 64.8 cm', 'Trọng lượng sản phẩm': [{'displayValue': '100 kg', 'value': 100}], 'Chất liệu': ['Cửa tủ Thép không gỉ', 'Khay ngăn lạnh: Kính chịu lực', 'Ống dẫn gas Nhôm', 'Lá tản nhiệt Nhôm']}","{'Loại tủ': ['Tủ lạnh lớn - Side by side'], 'Dung tích sử dụng': ['Tổng: 509 lít', 'Sử dụng: 509 lít', 'Ngăn đá: 170 lít', 'Ngăn lạnh: 339 lít'], 'Số người sử dụng': 'Từ 4-5 người', 'Công nghệ tiết kiệm điện': ['Inverter'], 'Nhãn năng lượng': '3 sao', 'Điện áp': '220 - 240V / 50 Hz'}",
33,00912288,Tủ lạnh Toshiba Inverter 253 lít GR-RT329WE-PMV(52),Mua ngay,Toshiba,Tủ lạnh,Ngăn đá trên,[],6890000,6490000,6,2024-10-24T23:59:00.000+07:00,"['Giảm 5% cho đơn từ 53,000đ', 'Giảm ngay 1 triệu khi mở thẻ tín dụng VPBank', 'Giảm đến 700.000đ khi thanh toán trả góp qua Kredivo', 'Giảm đến 1 triệu trả góp qua thẻ Visa']",https://fptshop.com.vn/tu-lanh/toshiba-inverter-253-lit-gr-rt329we-pmv52,https://cdn2.fptshop.com.vn/unsafe/toshiba_gr_rt329we_pmv_52_1_d0a7267af5.png,Xám,"{'Model': 'GR-RT329WE-PMV(52)', 'Xuất xứ': ['Thái Lan'], 'Thời điểm ra mắt': '2023', 'Thời hạn bảo hành sản phẩm': ['Máy nén 10 năm'], 'Màu sắc': ['Xám']}","{'Kích thước': 'Cao 163 cm - Ngang 54.5 cm - Sâu 61.5 cm', 'Trọng lượng sản phẩm': [{'displayValue': '43 kg', 'value': 43}], 'Chất liệu': ['Cửa: Thép phủ gốm']}","{'Loại tủ': ['Tủ lạnh ngăn đá trên'], 'Dung tích sử dụng': ['Tổng: Hãng không công bố', 'Sử dụng: 253 lít', 'Ngăn đá: 61 lít', 'Ngăn lạnh: 192 lít'], 'Số người sử dụng': '2-3 người', 'Công nghệ tiết kiệm điện': ['Inverter'], 'Công nghệ làm lạnh': ['Làm lạnh đa chiều'], 'Công nghệ kháng khuẩn khử mùi': ['Công nghệ PureBio bộ lọc tinh thể Ag+'], 'Công nghệ bảo quản thực phẩm': ['Công nghệ Multi Air Flow Ngăn Cooling Zone 0°C'], 'Nhãn năng lượng': '5 sao', 'Điện áp': '220 V / 50 Hz'}","{'Tiện ích': ['Đèn LED chiếu sáng', 'Hộp đá xoay']}"
34,00909213,Tủ lạnh Samsung Inverter Multi Door Bespoke 648 lít RF59CB66F8S/SV,Mua ngay,Samsung,Tủ lạnh,Tủ nhiều cửa,"['Phù hợp trên 5 người', 'Làm lạnh Power Cool', 'Power Freeze làm đá nhanh']",49890000,46990000,6,2024-10-24T23:59:00.000+07:00,"['Giảm 5% cho đơn từ 53,000đ', 'Giảm ngay 1 triệu khi mở thẻ tín dụng VPBank', 'Giảm đến 700.000đ khi thanh toán trả góp qua Kredivo', 'Giảm đến 1 triệu trả góp qua thẻ Visa']",https://fptshop.com.vn/tu-lanh/samsung-inverter-multi-door-bespoke-648-lit-rf59cb66f8ssv?sku=00909213,https://cdn2.fptshop.com.vn/unsafe/00909213_samsung_rf59cb66f8s_sv_b0a6969e55.png,Trắng,"{'Model': 'RF59CB66F8S/SV', 'Xuất xứ': ['Hàn Quốc'], 'Thời điểm ra mắt': '02/2023', 'Màu sắc': ['Trắng']}","{'Kích thước': 'Cao 177.9 cm - Rộng 91.2 cm - Sâu 72.3 cm', 'Trọng lượng sản phẩm': [{'displayValue': '144 kg', 'value': 144}], 'Chất liệu': ['Cửa tủ Kính Bespoke', 'Khay ngăn lạnh: Kính chịu lực', 'Ống dẫn gas Đồng', 'Dàn lạnh Nhôm']}","{'Loại tủ': ['Tủ lạnh nhiều cửa'], 'Dung tích sử dụng': ['Tổng: 666 lít', 'Sử dụng: 648 lít', 'Ngăn đá: 259 lít', 'Ngăn lạnh: 389 lít'], 'Số người sử dụng': 'Trên 5 người', 'Công nghệ tiết kiệm điện': ['Inverter'], 'Công nghệ làm lạnh': ['Công nghệ làm đá nhanh Power Freeze', 'Công nghệ làm lạnh Power Cool', 'Công nghệ All-around Cooling'], 'Công nghệ kháng khuẩn khử mùi': ['Bộ lọc than hoạt tính'], 'Công nghệ bảo quản thực phẩm': ['Ngăn rau quả giữ ẩm', 'Công nghệ làm lạnh No Frost'], 'Nhãn năng lượng': '3 sao', 'Điện áp': '220 V / 50 Hz'}","{'Tiện ích': ['Thiết kế cửa phụ lấy thực phẩm dễ dàng', 'Quản lí thông minh SmartThings', 'Chuông báo khi quên đóng cửa', 'Bảng điều khiển đèn led', 'Ngăn lấy nước bên trong hạn chế vi khuẩn']}"
35,00907719,Tủ lạnh Aqua mini một cửa 90 lít AQR-D99FA(BS),Mua ngay,Aqua,Tủ lạnh,Mini,"['1 - 2 người sử dụng ', 'Làm lạnh trực tiếp ', 'Đèn LED chiếu sáng']",3290000,3290000,0,,"['Giảm 5% cho đơn từ 53,000đ', 'Giảm ngay 1 triệu khi mở thẻ tín dụng VPBank', 'Giảm đến 700.000đ khi thanh toán trả góp qua Kredivo', 'Giảm đến 1 triệu trả góp qua thẻ Visa']",https://fptshop.com.vn/tu-lanh/tu-lanh-aqua-mini-mot-cua-90-lit-aqr-d99fabs?sku=00907719,https://cdn2.fptshop.com.vn/unsafe/aqua_aqr_d99fa_bs_670216431e.png,Đen,"{'Model': 'AQR-D99FA(BS)', 'Xuất xứ': ['Việt Nam'], 'Thời điểm ra mắt': '2020', 'Thời hạn bảo hành sản phẩm': ['Máy nén 10 năm'], 'Màu sắc': ['Đen']}","{'Kích thước': '80 x 49.5 x 48 cm', 'Trọng lượng sản phẩm': [{'displayValue': '20 kg', 'value': 20}], 'Chất liệu': ['Cửa tủ Thép không gỉ', 'Khay ngăn lạnh: Kính chịu lực', 'Ống dẫn gas Đồng', 'Lá tản nhiệt Nhôm']}","{'Loại tủ': ['Tủ lạnh mini - 1 cánh'], 'Dung tích sử dụng': ['Sử dụng: 90 lít', 'Tổng: 93 lít', 'Ngăn lạnh: 90 lít'], 'Số người sử dụng': 'Từ 1 - 2 người', 'Công nghệ tiết kiệm điện': ['Không'], 'Công nghệ làm lạnh': ['Trực tiếp (có đóng tuyết)'], 'Công nghệ kháng khuẩn khử mùi': ['Không'], 'Công nghệ bảo quản thực phẩm': ['Không'], 'Công suất tiêu thụ điện trung bình': ['0.62 kW/ngày'], 'Nhãn năng lượng': 'Đang cập nhật', 'Điện áp': '220 V / 50 Hz'}",
36,00912276,Tủ Lạnh Sharp Inverter Multi door 401 Lít SJ-FXP480VG-CH,Mua ngay,Sharp,Tủ lạnh,Tủ nhiều cửa,[],20190000,15990000,21,2024-10-31T23:59:00.000+07:00,"['Giảm 5% cho đơn từ 53,000đ', 'Giảm ngay 1 triệu khi mở thẻ tín dụng VPBank', 'Giảm đến 700.000đ khi thanh toán trả góp qua Kredivo', 'Giảm đến 1 triệu trả góp qua thẻ Visa']",https://fptshop.com.vn/tu-lanh/sharp-inverter-multi-door-401-lit-sj-fxp480vg-ch?sku=00912276,https://cdn2.fptshop.com.vn/unsafe/sharp_sj_fxp480vg_ch_1_c5d4980d82.png,Vàng,"{'Model': 'SJ-FXP480VG-CH', 'Xuất xứ': ['Trung Quốc'], 'Thời điểm ra mắt': '2020', 'Thời hạn bảo hành sản phẩm': ['Máy nén 10 năm'], 'Màu sắc': ['Vàng']}","{'Kích thước': 'Cao 180 cm - Ngang 79 cm - Sâu 68 cm', 'Trọng lượng sản phẩm': [{'displayValue': '97 kg', 'value': 97}], 'Chất liệu': ['Cửa: Mặt gương']}","{'Loại tủ': ['Tủ lạnh nhiều cửa'], 'Dung tích sử dụng': ['Tổng: 473 lít', 'Sử dụng: 401 lít', 'Ngăn đá: 133 lít', 'Ngăn lạnh: 268 lít'], 'Số người sử dụng': 'Trên 5 người', 'Công nghệ tiết kiệm điện': ['Inverter'], 'Công nghệ làm lạnh': ['Làm lạnh đa chiều'], 'Công nghệ kháng khuẩn khử mùi': ['Plasmacluster Ion', 'Bộ lọc với các phân tử Ag+Cu Nano'], 'Công nghệ bảo quản thực phẩm': ['Ngăn rau củ giữ ẩm Humidity Control'], 'Công suất tiêu thụ điện trung bình': ['411 kWh/năm'], 'Nhãn năng lượng': '5 sao', 'Điện áp': '220 V / 50 Hz'}","{'Tiện ích': ['Khoá trẻ em', 'Chế độ cấp đông nhanh', 'Chuông báo khi quên đóng cửa', 'Bảng điều khiển bên ngoài']}"
37,00912290,Tủ lạnh LG Inverter 374 lít LTD37BLM,Mua ngay,LG,Tủ lạnh,Ngăn đá trên,[],16790000,9890000,41,2024-10-24T23:59:00.000+07:00,"['Giảm 5% cho đơn từ 53,000đ', 'Giảm ngay 1 triệu khi mở thẻ tín dụng VPBank', 'Giảm đến 700.000đ khi thanh toán trả góp qua Kredivo', 'Giảm đến 1 triệu trả góp qua thẻ Visa']",https://fptshop.com.vn/tu-lanh/lg-inverter-374-lit-ltd37blm,https://cdn2.fptshop.com.vn/unsafe/lg_ltd37blm_1_6651119035.png,Đen,"{'Model': 'LTD37BLM', 'Xuất xứ': ['Indonesia'], 'Thời điểm ra mắt': '2024', 'Thời hạn bảo hành sản phẩm': ['Máy nén 10 năm'], 'Màu sắc': ['Đen']}","{'Kích thước': 'Cao 172 cm - Ngang 70 cm - Sâu 68 cm', 'Trọng lượng sản phẩm': [{'displayValue': '64 kg', 'value': 64}], 'Chất liệu': ['Cửa: Vật liệu PCM']}","{'Loại tủ': ['Tủ lạnh ngăn đá trên'], 'Dung tích sử dụng': ['Tổng: 410 lít', 'Sử dụng: 374 lít', 'Ngăn đá: 88 lít', 'Ngăn lạnh: 286 lít'], 'Số người sử dụng': '3-4 người', 'Công nghệ tiết kiệm điện': ['Inverter'], 'Công nghệ làm lạnh': ['Luồng khí lạnh đa chiều Multi Air Flow', 'DoorCooling làm lạnh từ cánh cửa tủ'], 'Công nghệ kháng khuẩn khử mùi': ['Bộ lọc khử mùi than hoạt tính'], 'Công nghệ bảo quản thực phẩm': ['Linear Cooling'], 'Công suất tiêu thụ điện trung bình': ['398 kWh/năm'], 'Nhãn năng lượng': '5 sao', 'Điện áp': '220 V / 50 Hz'}","{'Tiện ích': ['Khay đá lớn xoay, có thể tháo rời', 'Tay nắm chìm Pocket Handle', 'Làm đông nhanh', 'Lấy nước ngoài']}"
38,00910358,Tủ lạnh Hisense mini một cửa 82 lít HR08DW,Mua ngay,Hisense,Tủ lạnh,Mini,"['1 - 2 người sử dụng ', 'Làm lạnh trực tiếp ', 'Đèn LED chiếu sáng']",4290000,3690000,14,2024-10-31T23:59:00.000+07:00,"['Giảm 5% cho đơn từ 53,000đ', 'Giảm ngay 1 triệu khi mở thẻ tín dụng VPBank', 'Giảm đến 700.000đ khi thanh toán trả góp qua Kredivo', 'Giảm đến 1 triệu trả góp qua thẻ Visa']",https://fptshop.com.vn/tu-lanh/hisense-mini-mot-cua-82-lit-hr08d?sku=00910358,https://cdn2.fptshop.com.vn/unsafe/hisense_hr08dw_1_92135f71a0.png,Trắng,"{'Model': 'HR08DW', 'Xuất xứ': ['Trung Quốc'], 'Thời điểm ra mắt': '2024', 'Màu sắc': ['Trắng']}","{'Kích thước': 'Dài 45.1 cm - Rộng 48 cm - Cao 86.7 cm', 'Trọng lượng sản phẩm': [{'displayValue': '24.6 kg', 'value': 24.6}], 'Chất liệu': ['Cửa tủ Thép', 'Khay ngăn lạnh: Kính chịu lực']}","{'Loại tủ': ['Tủ lạnh Mini'], 'Dung tích sử dụng': ['Tổng: 82 lít', 'Sử dụng: 82 lít', 'Ngăn lạnh: 75 lít', 'Ngăn đá: 7 lít'], 'Công nghệ tiết kiệm điện': ['Non Inverter'], 'Công nghệ làm lạnh': ['Làm lạnh trực tiếp (Có đóng tuyết)'], 'Nhãn năng lượng': '5 sao'}",
39,00912510,Tủ lạnh Electrolux mini một cửa 94 lít EUM0930BD-VN,Hàng sắp về,Electrolux,Tủ lạnh,,[],3990000,3990000,0,,"['Giảm 5% cho đơn từ 53,000đ', 'Giảm ngay 1 triệu khi mở thẻ tín dụng VPBank', 'Giảm đến 700.000đ khi thanh toán trả góp qua Kredivo', 'Giảm đến 1 triệu trả góp qua thẻ Visa']",https://fptshop.com.vn/tu-lanh/electrolux-mini-94-lit-eum0930bd-vn?sku=00912510,https://cdn2.fptshop.com.vn/unsafe/electrolux_mini_94_lit_eum0930bd_vn_4_da44d3a769.jpg,Đen,"{'Model': 'EUM0930BD-VN', 'Xuất xứ': ['Trung Quốc'], 'Thời điểm ra mắt': '2022', 'Màu sắc': ['Đen']}","{'Kích thước': 'Cao 84 cm - Ngang 44.8 cm - Sâu 47.5  cm', 'Trọng lượng sản phẩm': [{'displayValue': '19.7 kg', 'value': 19.7}], 'Chất liệu': ['Cửa tủ Thép phủ sơn', 'Khay ngăn lạnh: Kính']}","{'Loại tủ': ['Tủ lạnh Mini'], 'Dung tích sử dụng': ['Tổng: 94 lít', 'Sử dụng: 94 lít', 'Ngăn lạnh: 94 lít'], 'Công nghệ tiết kiệm điện': ['Non Inverter'], 'Công nghệ làm lạnh': ['Trực tiếp'], 'Công nghệ kháng khuẩn khử mùi': ['Không'], 'Công nghệ bảo quản thực phẩm': ['Không'], 'Nhãn năng lượng': 'Đang cập nhật'}",{'Tiện ích': ['Đèn chiếu sáng trong tủ']}
40,00912509,Tủ lạnh Electrolux mini một cửa 45 lít EUM0500AD-VN,Hàng sắp về,Electrolux,Tủ lạnh,,[],3090000,3090000,0,,"['Giảm 5% cho đơn từ 53,000đ', 'Giảm ngay 1 triệu khi mở thẻ tín dụng VPBank', 'Giảm đến 700.000đ khi thanh toán trả góp qua Kredivo', 'Giảm đến 1 triệu trả góp qua thẻ Visa']",https://fptshop.com.vn/tu-lanh/electrolux-mini-45-lit-eum0500ad-vn?sku=00912509,https://cdn2.fptshop.com.vn/unsafe/electrolux_mini_45_lit_eum0500ad_vn_1_c7b5783ede.jpg,Xám,"{'Model': 'EUM0500AD-VN', 'Xuất xứ': ['Trung Quốc'], 'Thời điểm ra mắt': '2022', 'Màu sắc': ['Xám']}","{'Kích thước': 'Cao 50 cm - Ngang 44.5 cm - Sâu 46.8  cm', 'Trọng lượng sản phẩm': [{'displayValue': '13.4 kg', 'value': 13.4}], 'Chất liệu': ['Cửa tủ Thép phủ sơn', 'Khay ngăn lạnh: Kính']}","{'Loại tủ': ['Tủ lạnh Mini'], 'Dung tích sử dụng': ['Tổng: 46 lít', 'Sử dụng: 45 lít', 'Ngăn lạnh: 45 lít'], 'Công nghệ tiết kiệm điện': ['Non Inverter'], 'Công nghệ làm lạnh': ['Trực tiếp'], 'Công nghệ kháng khuẩn khử mùi': ['Không'], 'Công nghệ bảo quản thực phẩm': ['Không'], 'Nhãn năng lượng': 'Đang cập nhật'}",
41,00912503,Tủ lạnh Hisense Inverter Side By Side 519 lít HS56WBG,Hàng sắp về,Hisense,Tủ lạnh,Side by Side,[],14990000,14190000,5,2024-10-31T23:59:00.000+07:00,"['Giảm 5% cho đơn từ 53,000đ', 'Giảm ngay 1 triệu khi mở thẻ tín dụng VPBank', 'Giảm đến 700.000đ khi thanh toán trả góp qua Kredivo', 'Giảm đến 1 triệu trả góp qua thẻ Visa']",https://fptshop.com.vn/tu-lanh/hisense-inverter-side-by-side-519-lit-hs56wbg,https://cdn2.fptshop.com.vn/unsafe/hisense_hs56wbg_1_823f714f1b.png,Đen,"{'Model': 'HS56WBG', 'Xuất xứ': ['Trung Quốc'], 'Thời điểm ra mắt': '2023', 'Thời hạn bảo hành sản phẩm': ['Máy nén Trọn đời'], 'Màu sắc': ['Đen']}","{'Kích thước': 'Cao 178.5 cm - Ngang 91 cm - Sâu 64.3 cm', 'Trọng lượng sản phẩm': [{'displayValue': '83 kg', 'value': 83}], 'Chất liệu': ['Cửa tủ Mặt kính', 'Khay ngăn lạnh: Kính chịu lực']}","{'Loại tủ': ['Tủ lạnh lớn - Side by side'], 'Dung tích sử dụng': ['Sử dụng: 519 lít', 'Ngăn đá: 185 lít', 'Ngăn lạnh: 334 lít'], 'Công nghệ tiết kiệm điện': ['Inverter'], 'Công nghệ làm lạnh': ['Luồng khí lạnh đa chiều Multi Air Flow'], 'Công nghệ kháng khuẩn khử mùi': ['Bộ lọc diệt khuẩn, khử mùi Anti Bacteria·Purify'], 'Công nghệ bảo quản thực phẩm': ['Hoàn toàn không đóng tuyết Total No Frost'], 'Nhãn năng lượng': '3 sao', 'Điện áp': '220 V / 50 Hz'}","{'Tiện ích': ['Khay đá xoay di chuyển linh hoạt', 'Ron cửa dễ vệ sinh', 'Ngăn rau củ cân bằng ẩm', 'Khay kệ có thể dịch chuyển', 'Khay cửa lớn XXL', 'Khay kính chịu lực', 'Chuông báo khi quên đóng cửa', 'Hệ thống đèn LED dịu nhẹ']}"
42,00912292,Tủ lạnh Aqua Inverter 328 lít AQR-T380FA(SL),Hàng sắp về,Aqua,Tủ lạnh,Ngăn đá trên,[],8290000,7990000,4,2024-10-31T23:59:00.000+07:00,"['Giảm 5% cho đơn từ 53,000đ', 'Giảm ngay 1 triệu khi mở thẻ tín dụng VPBank', 'Giảm đến 700.000đ khi thanh toán trả góp qua Kredivo', 'Giảm đến 1 triệu trả góp qua thẻ Visa']",https://fptshop.com.vn/tu-lanh/aqua-inverter-328-lit-aqr-t380fasl,https://cdn2.fptshop.com.vn/unsafe/aqua_aqr_t380fa_sl_1_a4c268bd26.png,Đen,"{'Model': 'AQR-T380FA(SL)', 'Xuất xứ': ['Việt Nam'], 'Thời điểm ra mắt': '2024', 'Thời hạn bảo hành sản phẩm': ['Máy nén 10 năm'], 'Màu sắc': ['Đen']}","{'Kích thước': 'Cao 163.5 cm - Ngang 59.8 cm - Sâu 69.5 cm', 'Trọng lượng sản phẩm': [{'displayValue': '52 kg', 'value': 52}], 'Chất liệu': ['Cửa: Mặt thép']}","{'Loại tủ': ['Tủ lạnh ngăn đá trên'], 'Dung tích sử dụng': ['Tổng: 345 lít', 'Sử dụng: 328 lít', 'Ngăn đá: 91 lít', 'Ngăn lạnh: 237 lít'], 'Số người sử dụng': '3-4 người', 'Công nghệ tiết kiệm điện': ['Inverter'], 'Công nghệ làm lạnh': ['Làm lạnh đa chiều', 'Làm lạnh gián tiếp'], 'Công nghệ kháng khuẩn khử mùi': ['Kháng khuẩn khử mùi DEO Fresh'], 'Công nghệ bảo quản thực phẩm': ['Ngăn trữ lạnh Chiller Box -1 độ C', 'Ngăn rau củ quả Fresh Box'], 'Công suất tiêu thụ điện trung bình': ['339 kWh/năm'], 'Nhãn năng lượng': '5 sao', 'Điện áp': '220 V / 50 Hz'}","{'Tiện ích': ['Đèn LED chiếu sáng', 'Ngăn đông mềm trữ thịt cá không cần rã đông', 'Hộp đá xoay di động', 'Khay kệ linh hoạt']}"
43,00911965,Tủ lạnh Hisense Inverter Multi Door 427 lít RQ519N4EBU,Hàng sắp về,Hisense,Tủ lạnh,Tủ nhiều cửa,[],13990000,13990000,0,,"['Giảm 5% cho đơn từ 53,000đ', 'Giảm ngay 1 triệu khi mở thẻ tín dụng VPBank', 'Giảm đến 700.000đ khi thanh toán trả góp qua Kredivo', 'Giảm đến 1 triệu trả góp qua thẻ Visa']",https://fptshop.com.vn/tu-lanh/hisense-inverter-multi-door-427-lit-rq519n4ebu?sku=00911965,https://cdn2.fptshop.com.vn/unsafe/hisense_rq519n4ebu_1_4cbde6c7a4.png,Đen,"{'Model': 'RQ519N4EBU', 'Xuất xứ': ['Trung Quốc'], 'Thời điểm ra mắt': '2024', 'Thời hạn bảo hành sản phẩm': ['Máy nén Trọn đời'], 'Màu sắc': ['Đen']}","{'Kích thước': 'Cao 181.7 cm - Rộng 79.4 cm - Sâu 64.3 cm', 'Trọng lượng sản phẩm': [{'displayValue': '87.2 kg', 'value': 87.2}], 'Chất liệu': ['Cửa tủ Gương']}","{'Loại tủ': ['Tủ lạnh nhiều cửa'], 'Dung tích sử dụng': ['Tổng: 436 lít', 'Sử dụng: 427 lít', 'Ngăn đá: 149 lít', 'Ngăn lạnh: 287 lít'], 'Công nghệ tiết kiệm điện': ['Inverter'], 'Công nghệ làm lạnh': ['Luồng khí lạnh đa chiều Multi Air Flow'], 'Công nghệ kháng khuẩn khử mùi': ['Không'], 'Công nghệ bảo quản thực phẩm': ['Ngăn rau củ cân bằng ẩm (Moisture Fresh Crisper)', 'Hoàn toàn không đóng tuyết Total No Frost', 'Ngăn cấp đông mềm linh hoạt'], 'Nhãn năng lượng': '3 sao'}","{'Tiện ích': ['Khay đá xoay di chuyển linh hoạt', 'Ron cửa dễ vệ sinh', 'Ngăn đựng Snack', 'Khay kệ có thể dịch chuyển', 'Khay cửa lớn XXL', 'Khay kính chịu lực', 'Chuông báo khi quên đóng cửa', 'Hệ thống đèn LED dịu nhẹ']}"
44,00912505,Tủ lạnh Toshiba Inverter 409 lít GR-RT535WEA-PMV(06)-MG,Hàng sắp về,Toshiba,Tủ lạnh,,[],15990000,12990000,19,2024-10-31T23:59:00.000+07:00,"['Giảm 5% cho đơn từ 53,000đ', 'Giảm ngay 1 triệu khi mở thẻ tín dụng VPBank', 'Giảm đến 700.000đ khi thanh toán trả góp qua Kredivo', 'Giảm đến 1 triệu trả góp qua thẻ Visa']",https://fptshop.com.vn/tu-lanh/toshiba-inverter-409-lit-gr-rt535wea-pmv06-mg,https://cdn2.fptshop.com.vn/unsafe/toshiba_gr_rt535wea_pmv_06_mg_1_7550d579d9.png,Xám,"{'Model': 'GR-RT535WEA-PMV(06)-MG', 'Xuất xứ': ['Thái Lan'], 'Thời điểm ra mắt': '2023', 'Màu sắc': ['Xám']}","{'Kích thước': 'Cao 172.3 cm - Ngang 70 cm - Sâu 66.3 cm', 'Trọng lượng sản phẩm': [{'displayValue': '70 kg', 'value': 70}], 'Chất liệu': ['Cửa: Thép không gỉ', 'Khay ngăn lạnh: Kính chịu lực']}","{'Loại tủ': ['Tủ lạnh ngăn đá trên'], 'Dung tích sử dụng': ['Sử dụng: 409 lít', 'Ngăn đá: 107 lít', 'Ngăn lạnh: 302 lít'], 'Công nghệ tiết kiệm điện': ['Inverter'], 'Công nghệ làm lạnh': ['Luồng khí lạnh đa chiều Multi Air Flow'], 'Công nghệ kháng khuẩn khử mùi': ['Công nghệ PureBio bộ lọc tinh thể Ag+'], 'Công nghệ bảo quản thực phẩm': ['Ngăn Cooling Zone -1 độ C', 'Ngăn rau quả Origin Fresh điều chỉnh độ ẩm'], 'Nhãn năng lượng': '5 sao', 'Điện áp': '220 V / 50 Hz'}","{'Tiện ích': ['Đèn LED chiếu sáng cả ngăn đông và ngăn lạnh', 'Làm lạnh nhanh', 'Khoá trẻ em', 'Khay kệ linh hoạt']}"
45,00912504,Tủ lạnh Toshiba Inverter Side By Side 555 lít GR-RS696WI-PMV(60)-AG,Hàng sắp về,Toshiba,Tủ lạnh,,[],17990000,17990000,0,,"['Giảm 5% cho đơn từ 53,000đ', 'Giảm ngay 1 triệu khi mở thẻ tín dụng VPBank', 'Giảm đến 700.000đ khi thanh toán trả góp qua Kredivo', 'Giảm đến 1 triệu trả góp qua thẻ Visa']",https://fptshop.com.vn/tu-lanh/toshiba-inverter-side-by-side-555-lit-gr-rs696wi-pmv60-ag,https://cdn2.fptshop.com.vn/unsafe/toshiba_gr_rs696wi_pmv_60_ag_1_57fc84c76c.png,Xám,"{'Model': 'GR-RS696WI-PMV(60)-AG', 'Xuất xứ': ['Trung Quốc'], 'Thời điểm ra mắt': '2024', 'Màu sắc': ['Xám']}","{'Kích thước': 'Cao 176.5 cm - Rộng 89.7 cm - Sâu 70.6 cm', 'Trọng lượng sản phẩm': [{'displayValue': '79 kg', 'value': 79}], 'Chất liệu': ['Cửa: Thép không gỉ', 'Khay ngăn lạnh: Kính chịu lực']}","{'Loại tủ': ['Tủ lạnh lớn - Side by side'], 'Dung tích sử dụng': ['Sử dụng: 555 lít', 'Ngăn đá: 206 lít', 'Ngăn lạnh: 349 lít'], 'Công nghệ tiết kiệm điện': ['Inverter'], 'Công nghệ làm lạnh': ['Làm lạnh đa chiều'], 'Công nghệ kháng khuẩn khử mùi': ['Công nghệ PureAir'], 'Công nghệ bảo quản thực phẩm': ['Làm lạnh và đông siêu nhanh giúp tối ưu bảo quản thực phẩm'], 'Nhãn năng lượng': '4 sao', 'Điện áp': '220 V / 50 Hz'}",{'Tiện ích': ['Bảng điều khiển bên ngoài']}
46,00912500,Tủ lạnh Electrolux Inverter 341 lít ETB3740M-H,Hàng sắp về,Electrolux,Tủ lạnh,,[],13490000,13490000,0,,"['Giảm 5% cho đơn từ 53,000đ', 'Giảm ngay 1 triệu khi mở thẻ tín dụng VPBank', 'Giảm đến 700.000đ khi thanh toán trả góp qua Kredivo', 'Giảm đến 1 triệu trả góp qua thẻ Visa']",https://fptshop.com.vn/tu-lanh/electrolux-inverter-341-lit-etb3740m-h,https://cdn2.fptshop.com.vn/unsafe/electrolux_etb3740m_h_1_63b64bf148.png,Đen,"{'Model': 'ETB3740M-H', 'Xuất xứ': ['Thái Lan'], 'Thời điểm ra mắt': '2024', 'Màu sắc': ['Đen']}","{'Kích thước': 'Cao 175.6 cm - Ngang 59.8 cm - Sâu 65 cm', 'Trọng lượng sản phẩm': [{'displayValue': '63 kg', 'value': 63}], 'Chất liệu': ['Cửa tủ Thép phủ sơn', 'Khay ngăn lạnh: Kính chịu lực']}","{'Loại tủ': ['Tủ lạnh ngăn đá trên'], 'Dung tích sử dụng': ['Tổng: 341 lít', 'Sử dụng: 341 lít', 'Ngăn đá: 73 lít', 'Ngăn lạnh: 267 lít'], 'Công nghệ tiết kiệm điện': ['Inverter'], 'Công nghệ làm lạnh': ['Hệ thống làm lạnh EvenTemp'], 'Công nghệ kháng khuẩn khử mùi': ['Khử mùi TasteGuard giảm 93,5% mùi khó chịu'], 'Công nghệ bảo quản thực phẩm': ['Ngăn đông mềm TasteSeal -2 độ C và ngăn bảo quản rau củ quả TasteLock'], 'Nhãn năng lượng': '5 sao', 'Điện áp': '220 V / 50 Hz'}","{'Tiện ích': ['Lấy nước ngoài', 'Dung tích bình chứa lớn']}"
47,00912499,Tủ lạnh Electrolux Inverter 341 lít ETB3760M-H,Hàng sắp về,Electrolux,Tủ lạnh,,[],14490000,14490000,0,,"['Giảm 5% cho đơn từ 53,000đ', 'Giảm ngay 1 triệu khi mở thẻ tín dụng VPBank', 'Giảm đến 700.000đ khi thanh toán trả góp qua Kredivo', 'Giảm đến 1 triệu trả góp qua thẻ Visa']",https://fptshop.com.vn/tu-lanh/electrolux-inverter-341-lit-etb3760m-h,https://cdn2.fptshop.com.vn/unsafe/electrolux_etb3760m_h_1_c187914d47.png,Đen,"{'Model': 'ETB3760M-H', 'Xuất xứ': ['Thái Lan'], 'Thời điểm ra mắt': '2024', 'Màu sắc': ['Đen']}","{'Kích thước': 'Cao 175.6 cm - Ngang 59.8 cm - Sâu 65 cm', 'Trọng lượng sản phẩm': [{'displayValue': '63 kg', 'value': 63}], 'Chất liệu': ['Cửa tủ Thép phủ sơn', 'Khay ngăn lạnh: Kính chịu lực']}","{'Loại tủ': ['Tủ lạnh ngăn đá trên'], 'Dung tích sử dụng': ['Tổng: 341 lít', 'Sử dụng: 341 lít', 'Ngăn đá: 73 lít', 'Ngăn lạnh: 267 lít'], 'Công nghệ tiết kiệm điện': ['Inverter'], 'Công nghệ làm lạnh': ['Hệ thống làm lạnh EvenTemp'], 'Công nghệ kháng khuẩn khử mùi': ['Khử mùi TasteGuard giảm 93,5% mùi khó chịu'], 'Công nghệ bảo quản thực phẩm': ['Ngăn đông mềm TasteSeal -2 độ C và ngăn bảo quản rau củ quả TasteLock'], 'Nhãn năng lượng': '5 sao', 'Điện áp': '220 V / 50 Hz'}","{'Tiện ích': ['Lấy nước ngoài', 'Dung tích bình chứa lớn', 'Làm đá tự động']}"
48,00912289,Tủ lạnh LG Inverter Side By Side 635 lít GR-D257WB,Hàng sắp về,LG,Tủ lạnh,Side by Side,[],35990000,27990000,22,2024-10-31T23:59:00.000+07:00,"['Giảm 5% cho đơn từ 53,000đ', 'Giảm ngay 1 triệu khi mở thẻ tín dụng VPBank', 'Giảm đến 700.000đ khi thanh toán trả góp qua Kredivo', 'Giảm đến 1 triệu trả góp qua thẻ Visa']",https://fptshop.com.vn/tu-lanh/lg-inverter-side-by-side-635-lit-gr-d257wb,https://cdn2.fptshop.com.vn/unsafe/lg_gr_d257wb_1_2b6297bacd.png,Đen,"{'Model': 'GR-D257WB', 'Xuất xứ': ['Trung Quốc'], 'Thời điểm ra mắt': '2022', 'Thời hạn bảo hành sản phẩm': ['Máy nén 10 năm'], 'Màu sắc': ['Đen']}","{'Kích thước': 'Cao 179 cm - Ngang 91.3 cm - Sâu 73.5 cm', 'Trọng lượng sản phẩm': [{'displayValue': '111 kg', 'value': 111}], 'Chất liệu': ['Cửa: Thép không gỉ']}","{'Loại tủ': ['Tủ lạnh lớn - Side by side'], 'Dung tích sử dụng': ['Tổng: 674 lít', 'Sử dụng: 635 lít', 'Ngăn đá: 219 lít', 'Ngăn lạnh: 416 lít'], 'Số người sử dụng': 'Trên 5 người', 'Công nghệ tiết kiệm điện': ['Inverter'], 'Công nghệ làm lạnh': ['Làm lạnh đa chiều', 'Làm lạnh nhanh', 'DoorCooling làm lạnh từ cánh cửa tủ'], 'Công nghệ kháng khuẩn khử mùi': ['Bộ lọc khử mùi than hoạt tính'], 'Công nghệ bảo quản thực phẩm': ['Ngăn cân bằng ẩm Moist Balance Crisper'], 'Công suất tiêu thụ điện trung bình': ['669 kWh/năm'], 'Nhãn năng lượng': '2 sao', 'Điện áp': '220 V / 50 Hz'}","{'Tiện ích': ['Điều khiển bằng điện thoại qua ứng dụng LG ThinQ', 'Làm lạnh nhanh', 'Hệ thống làm đá tự động nhỏ gọn SpacePlus', 'Có khóa', 'Lấy đá bên ngoài', 'Làm đông nhanh', 'Lấy nước ngoài', 'Làm đá tự động']}"
49,00912286,Tủ Lạnh Aqua Inverter 358 Lít AQR-T410FA(WGB),Hàng sắp về,Aqua,Tủ lạnh,Ngăn đá trên,[],10290000,9990000,3,2024-10-31T23:59:00.000+07:00,"['Giảm 5% cho đơn từ 53,000đ', 'Giảm ngay 1 triệu khi mở thẻ tín dụng VPBank', 'Giảm đến 700.000đ khi thanh toán trả góp qua Kredivo', 'Giảm đến 1 triệu trả góp qua thẻ Visa']",https://fptshop.com.vn/tu-lanh/aqua-inverter-358-lit-aqr-t410fawgb,https://cdn2.fptshop.com.vn/small/aqua_aqr_t410fa_wgb_1_de6c5607c5.png,Đen,"{'Model': 'AQR-T410FA(WGB)', 'Xuất xứ': ['Việt Nam'], 'Thời điểm ra mắt': '2024', 'Thời hạn bảo hành sản phẩm': ['Máy nén 2 năm'], 'Màu sắc': ['Đen']}","{'Kích thước': 'Cao 177.5 cm - Ngang 59.8 cm - Sâu 68 cm', 'Trọng lượng sản phẩm': [{'displayValue': '62 kg', 'value': 62}], 'Chất liệu': ['Cửa: Kính cường lực']}","{'Loại tủ': ['Tủ lạnh ngăn đá trên'], 'Dung tích sử dụng': ['Tổng: 374 lít', 'Sử dụng: 358 lít', 'Ngăn đá: 91 lít', 'Ngăn lạnh: 267 lít'], 'Số người sử dụng': 'Từ 3-4 người', 'Công nghệ tiết kiệm điện': ['Inverter'], 'Công nghệ làm lạnh': ['Làm lạnh gián tiếp', 'Làm lạnh đa chiều'], 'Công nghệ kháng khuẩn khử mùi': ['Kháng khuẩn khử mùi H-DEO Fresh'], 'Công nghệ bảo quản thực phẩm': ['Ngăn trữ lạnh Chiller Box -1 độ C', 'Ngăn rau củ quả Fresh Box'], 'Công suất tiêu thụ điện trung bình': ['386 kWh/năm'], 'Nhãn năng lượng': 'Đang cập nhật', 'Điện áp': '220 V / 50 Hz'}","{'Tiện ích': ['Đèn LED chiếu sáng', 'Hộp đá xoay', 'Khay kệ linh hoạt', 'Lấy nước ngoài']}"
50,00912291,Tủ lạnh LG Inverter 315 Lít GN-M312BL,Hàng sắp về,LG,Tủ lạnh,Ngăn đá trên,[],11990000,8990000,25,2024-10-24T23:59:00.000+07:00,"['Giảm 5% cho đơn từ 53,000đ', 'Giảm ngay 1 triệu khi mở thẻ tín dụng VPBank', 'Giảm đến 700.000đ khi thanh toán trả góp qua Kredivo', 'Giảm đến 1 triệu trả góp qua thẻ Visa']",https://fptshop.com.vn/tu-lanh/lg-inverter-315-lit-gn-m312bl,https://cdn2.fptshop.com.vn/unsafe/lg_gn_m312bl_1_4e7470f70f.png,Đen,"{'Model': 'GN-M312BL', 'Xuất xứ': ['Indonesia'], 'Thời điểm ra mắt': '2021', 'Thời hạn bảo hành sản phẩm': ['Máy nén 10 năm'], 'Màu sắc': ['Đen']}","{'Kích thước': 'Cao 164 cm - Ngang 60 cm - Sâu 70.8 cm', 'Trọng lượng sản phẩm': [{'displayValue': '57 kg', 'value': 57}], 'Chất liệu': ['Cửa: Thép không gỉ']}","{'Loại tủ': ['Tủ lạnh ngăn đá trên'], 'Dung tích sử dụng': ['Tổng: 340 lít', 'Sử dụng: 315 lít', 'Ngăn đá: 80 lít', 'Ngăn lạnh: 235 lít'], 'Số người sử dụng': '3-4 người', 'Công nghệ tiết kiệm điện': ['Inverter'], 'Công nghệ làm lạnh': ['DoorCooling làm lạnh từ cánh cửa tủ'], 'Công nghệ kháng khuẩn khử mùi': ['Bộ lọc khử mùi than hoạt tính'], 'Công nghệ bảo quản thực phẩm': ['Linear Cooling'], 'Công suất tiêu thụ điện trung bình': ['380 kWh/năm'], 'Nhãn năng lượng': '5 sao', 'Điện áp': '220 V / 50 Hz'}",{'Tiện ích': ['Khay đá di động']}
51,00911966,Tủ lạnh Hisense Inverter Multi Door 609 lít RQ768N4EW-KU,Hàng sắp về,Hisense,Tủ lạnh,Tủ nhiều cửa,[],27990000,27990000,0,,"['Giảm 5% cho đơn từ 53,000đ', 'Giảm ngay 1 triệu khi mở thẻ tín dụng VPBank', 'Giảm đến 700.000đ khi thanh toán trả góp qua Kredivo', 'Giảm đến 1 triệu trả góp qua thẻ Visa']",https://fptshop.com.vn/tu-lanh/hisense-inverter-multi-door-609-lit-rq768n4ew-ku?sku=00911966,https://cdn2.fptshop.com.vn/unsafe/hisense_rq768n4ew_ku_1_fb141f1b67.png,Trắng,"{'Model': 'RQ768N4EW-KU', 'Xuất xứ': ['Trung Quốc'], 'Thời điểm ra mắt': '2024', 'Thời hạn bảo hành sản phẩm': ['Máy nén Trọn đời'], 'Màu sắc': ['Trắng']}","{'Kích thước': 'Cao 178.5 cm - Rộng 91.2 cm - Sâu 72.5 cm', 'Trọng lượng sản phẩm': [{'displayValue': '132 kg', 'value': 132}], 'Chất liệu': ['Cửa tủ Gương']}","{'Loại tủ': ['Tủ lạnh nhiều cửa'], 'Dung tích sử dụng': ['Tổng: 609 lít', 'Sử dụng: 609 lít', 'Ngăn lạnh: 393 lít', 'Ngăn đá: 216 lít'], 'Công nghệ tiết kiệm điện': ['Inverter'], 'Công nghệ làm lạnh': ['Luồng khí lạnh đa chiều Multi Air Flow'], 'Công nghệ kháng khuẩn khử mùi': ['Không'], 'Công nghệ bảo quản thực phẩm': ['2 dàn lạnh độc lập', 'Hoàn toàn không đóng tuyết Total No Frost', 'Ngăn chuyển đổi nhiệt độ My Fresh Choice'], 'Nhãn năng lượng': '4 sao'}","{'Tiện ích': ['Khay đá xoay di chuyển linh hoạt', 'Ron cửa dễ vệ sinh', 'Ngăn đựng Snack', 'Khay kệ có thể dịch chuyển', 'Khay cửa lớn XXL', 'Khay kính chịu lực', 'Chuông báo khi quên đóng cửa', 'Hệ thống đèn LED dịu nhẹ']}"
52,00911964,Tủ lạnh Hisense Inverter Side By Side 519 lít RS668N4EW-PU,Hàng sắp về,Hisense,Tủ lạnh,Side by Side,[],15990000,15990000,0,,"['Giảm 5% cho đơn từ 53,000đ', 'Giảm ngay 1 triệu khi mở thẻ tín dụng VPBank', 'Giảm đến 700.000đ khi thanh toán trả góp qua Kredivo', 'Giảm đến 1 triệu trả góp qua thẻ Visa']",https://fptshop.com.vn/tu-lanh/hisense-inverter-multi-door-519-lit-rs668n4ew-pu?sku=00911964,https://cdn2.fptshop.com.vn/unsafe/hisense_rs668n4ew_pu_1_e6d619b87e.png,Hồng,"{'Model': 'RS668N4EW-PU', 'Xuất xứ': ['Trung Quốc'], 'Thời điểm ra mắt': '2024', 'Thời hạn bảo hành sản phẩm': ['Máy nén Trọn đời'], 'Màu sắc': ['Hồng']}","{'Kích thước': 'Cao 178.5 cm - Rộng 91 cm - Sâu 64.3 cm', 'Trọng lượng sản phẩm': [{'displayValue': '83 kg', 'value': 83}], 'Chất liệu': ['Cửa tủ Gương']}","{'Loại tủ': ['Tủ lạnh lớn - Side by side'], 'Dung tích sử dụng': ['Tổng: 519 lít', 'Sử dụng: 519 lít', 'Ngăn đá: 185 lít', 'Ngăn lạnh: 334 lít'], 'Công nghệ tiết kiệm điện': ['Inverter'], 'Công nghệ làm lạnh': ['Luồng khí lạnh đa chiều Multi Air Flow'], 'Công nghệ kháng khuẩn khử mùi': ['Bộ lọc diệt khuẩn, khử mùi Anti Bacteria·Purify'], 'Công nghệ bảo quản thực phẩm': ['Hoàn toàn không đóng tuyết Total No Frost', '2 dàn lạnh độc lập'], 'Nhãn năng lượng': '3 sao'}","{'Tiện ích': ['Khay đá xoay di chuyển linh hoạt', 'Ron cửa dễ vệ sinh', 'Ngăn đựng Snack', 'Khay kệ có thể dịch chuyển', 'Khay cửa lớn XXL', 'Khay kính chịu lực', 'Chuông báo khi quên đóng cửa', 'Hệ thống đèn LED dịu nhẹ']}"
53,00908926,Tủ lạnh Sharp Inverter 181 lít SJ-X198V-SL,Hàng sắp về,Sharp,Tủ lạnh,Ngăn đá trên,"['2 - 3 người sử dụng ', 'Làm lạnh đa chiều ', 'Nano Fresh Ag+ ']",5350000,5350000,0,,"['Giảm 5% cho đơn từ 53,000đ', 'Giảm ngay 1 triệu khi mở thẻ tín dụng VPBank', 'Giảm đến 700.000đ khi thanh toán trả góp qua Kredivo', 'Giảm đến 1 triệu trả góp qua thẻ Visa']",https://fptshop.com.vn/tu-lanh/sharp-inverter-181-lit-sj-x198v-sl?sku=00908926,https://cdn2.fptshop.com.vn/unsafe/sharp_sj_x198v_sl_1_f79db9766c.png,Xám,"{'Model': 'SJ-X198V-SL', 'Xuất xứ': ['Trung Quốc'], 'Thời điểm ra mắt': '2024', 'Màu sắc': ['Xám']}","{'Kích thước': 'Cao 134 cm - Rộng 54.5 cm - Sâu 55.5 cm', 'Trọng lượng sản phẩm': [{'displayValue': '39 kg', 'value': 39}], 'Chất liệu': ['Cửa tủ Kim loại', 'Khay ngăn lạnh: Kính', 'Ống dẫn gas Đồng và Sắt', 'Lá tản nhiệt Nhôm']}","{'Loại tủ': ['Tủ lạnh ngăn đá trên'], 'Dung tích sử dụng': ['Tổng: 198 lít', 'Sử dụng: 181 lít', 'Ngăn đá: 49 lít', 'Ngăn lạnh: 132 lít'], 'Số người sử dụng': 'Từ 2-3 người', 'Công nghệ tiết kiệm điện': ['Inverter'], 'Công nghệ làm lạnh': ['Làm lạnh đa chiều'], 'Công nghệ kháng khuẩn khử mùi': ['Bộ lọc khử mùi than hoạt tính Nano Ag+'], 'Nhãn năng lượng': '5 sao', 'Điện áp': '220 - 240V / 50 Hz'}",{'Tiện ích': ['Khay đá di động']}
54,00908923,Tủ Lạnh Sharp Inverter Multi Door 362 Lít SJ-FX420V-SL,Hàng sắp về,Sharp,Tủ lạnh,Tủ nhiều cửa,"['3 - 4 người sử dụng ', 'Làm lạnh đa chiều ', 'Khử mùi Deodorizer ']",16990000,13490000,21,2024-10-31T23:59:00.000+07:00,"['Giảm 5% cho đơn từ 53,000đ', 'Giảm ngay 1 triệu khi mở thẻ tín dụng VPBank', 'Giảm đến 700.000đ khi thanh toán trả góp qua Kredivo', 'Giảm đến 1 triệu trả góp qua thẻ Visa']",https://fptshop.com.vn/tu-lanh/sharp-inverter-multi-door-362-lit-sj-fx420v-sl?sku=00908923,https://cdn2.fptshop.com.vn/unsafe/sharp_sj_fx420v_sl_1_6958562e67.png,Xám,"{'Model': 'SJ-FX420V-SL', 'Xuất xứ': ['Trung Quốc'], 'Thời điểm ra mắt': '2022', 'Màu sắc': ['Xám']}","{'Kích thước': 'Cao 180 cm - Rộng 79.5 cm - Sâu 61 cm', 'Trọng lượng sản phẩm': [{'displayValue': '79 kg', 'value': 79}], 'Chất liệu': ['Cửa tủ Inox', 'Khay ngăn lạnh: Kính chịu lực', 'Ống dẫn gas Đồng và Sắt', 'Lá tản nhiệt Nhôm']}","{'Loại tủ': ['Tủ lạnh nhiều cửa'], 'Dung tích sử dụng': ['Tổng: 404 lít', 'Sử dụng: 362 lít', 'Ngăn đá: 125 lít', 'Ngăn lạnh: 237 lít'], 'Số người sử dụng': 'Từ 3 - 4 người', 'Công nghệ tiết kiệm điện': ['Inverter'], 'Công nghệ làm lạnh': ['Làm lạnh đa chiều'], 'Công nghệ kháng khuẩn khử mùi': ['Bộ lọc khử mùi Deodorizer'], 'Công nghệ bảo quản thực phẩm': ['Ngăn rau củ giữ ẩm Humidity Control'], 'Nhãn năng lượng': '3 sao', 'Điện áp': '220 - 240V / 50 Hz'}","{'Tiện ích': ['Chế độ cấp đông nhanh', 'Chuông báo khi quên đóng cửa', 'Bảng điều khiển bên ngoài']}"
55,00912510,Tủ lạnh Electrolux mini một cửa 94 lít EUM0930BD-VN,Hàng sắp về,Electrolux,Tủ lạnh,,[],3990000,3990000,0,,"['Giảm 5% cho đơn từ 53,000đ', 'Giảm ngay 1 triệu khi mở thẻ tín dụng VPBank', 'Giảm đến 700.000đ khi thanh toán trả góp qua Kredivo', 'Giảm đến 1 triệu trả góp qua thẻ Visa']",https://fptshop.com.vn/tu-lanh/electrolux-mini-94-lit-eum0930bd-vn?sku=00912510,https://cdn2.fptshop.com.vn/unsafe/electrolux_mini_94_lit_eum0930bd_vn_4_da44d3a769.jpg,Đen,"{'Model': 'EUM0930BD-VN', 'Xuất xứ': ['Trung Quốc'], 'Thời điểm ra mắt': '2022', 'Màu sắc': ['Đen']}","{'Kích thước': 'Cao 84 cm - Ngang 44.8 cm - Sâu 47.5  cm', 'Trọng lượng sản phẩm': [{'displayValue': '19.7 kg', 'value': 19.7}], 'Chất liệu': ['Cửa tủ Thép phủ sơn', 'Khay ngăn lạnh: Kính']}","{'Loại tủ': ['Tủ lạnh Mini'], 'Dung tích sử dụng': ['Tổng: 94 lít', 'Sử dụng: 94 lít', 'Ngăn lạnh: 94 lít'], 'Công nghệ tiết kiệm điện': ['Non Inverter'], 'Công nghệ làm lạnh': ['Trực tiếp'], 'Công nghệ kháng khuẩn khử mùi': ['Không'], 'Công nghệ bảo quản thực phẩm': ['Không'], 'Nhãn năng lượng': 'Đang cập nhật'}",{'Tiện ích': ['Đèn chiếu sáng trong tủ']}
56,00912509,Tủ lạnh Electrolux mini một cửa 45 lít EUM0500AD-VN,Hàng sắp về,Electrolux,Tủ lạnh,,[],3090000,3090000,0,,"['Giảm 5% cho đơn từ 53,000đ', 'Giảm ngay 1 triệu khi mở thẻ tín dụng VPBank', 'Giảm đến 700.000đ khi thanh toán trả góp qua Kredivo', 'Giảm đến 1 triệu trả góp qua thẻ Visa']",https://fptshop.com.vn/tu-lanh/electrolux-mini-45-lit-eum0500ad-vn?sku=00912509,https://cdn2.fptshop.com.vn/unsafe/electrolux_mini_45_lit_eum0500ad_vn_1_c7b5783ede.jpg,Xám,"{'Model': 'EUM0500AD-VN', 'Xuất xứ': ['Trung Quốc'], 'Thời điểm ra mắt': '2022', 'Màu sắc': ['Xám']}","{'Kích thước': 'Cao 50 cm - Ngang 44.5 cm - Sâu 46.8  cm', 'Trọng lượng sản phẩm': [{'displayValue': '13.4 kg', 'value': 13.4}], 'Chất liệu': ['Cửa tủ Thép phủ sơn', 'Khay ngăn lạnh: Kính']}","{'Loại tủ': ['Tủ lạnh Mini'], 'Dung tích sử dụng': ['Tổng: 46 lít', 'Sử dụng: 45 lít', 'Ngăn lạnh: 45 lít'], 'Công nghệ tiết kiệm điện': ['Non Inverter'], 'Công nghệ làm lạnh': ['Trực tiếp'], 'Công nghệ kháng khuẩn khử mùi': ['Không'], 'Công nghệ bảo quản thực phẩm': ['Không'], 'Nhãn năng lượng': 'Đang cập nhật'}",
57,00912503,Tủ lạnh Hisense Inverter Side By Side 519 lít HS56WBG,Hàng sắp về,Hisense,Tủ lạnh,Side by Side,[],14990000,14190000,5,2024-10-31T23:59:00.000+07:00,"['Giảm 5% cho đơn từ 53,000đ', 'Giảm ngay 1 triệu khi mở thẻ tín dụng VPBank', 'Giảm đến 700.000đ khi thanh toán trả góp qua Kredivo', 'Giảm đến 1 triệu trả góp qua thẻ Visa']",https://fptshop.com.vn/tu-lanh/hisense-inverter-side-by-side-519-lit-hs56wbg,https://cdn2.fptshop.com.vn/unsafe/hisense_hs56wbg_1_823f714f1b.png,Đen,"{'Model': 'HS56WBG', 'Xuất xứ': ['Trung Quốc'], 'Thời điểm ra mắt': '2023', 'Thời hạn bảo hành sản phẩm': ['Máy nén Trọn đời'], 'Màu sắc': ['Đen']}","{'Kích thước': 'Cao 178.5 cm - Ngang 91 cm - Sâu 64.3 cm', 'Trọng lượng sản phẩm': [{'displayValue': '83 kg', 'value': 83}], 'Chất liệu': ['Cửa tủ Mặt kính', 'Khay ngăn lạnh: Kính chịu lực']}","{'Loại tủ': ['Tủ lạnh lớn - Side by side'], 'Dung tích sử dụng': ['Sử dụng: 519 lít', 'Ngăn đá: 185 lít', 'Ngăn lạnh: 334 lít'], 'Công nghệ tiết kiệm điện': ['Inverter'], 'Công nghệ làm lạnh': ['Luồng khí lạnh đa chiều Multi Air Flow'], 'Công nghệ kháng khuẩn khử mùi': ['Bộ lọc diệt khuẩn, khử mùi Anti Bacteria·Purify'], 'Công nghệ bảo quản thực phẩm': ['Hoàn toàn không đóng tuyết Total No Frost'], 'Nhãn năng lượng': '3 sao', 'Điện áp': '220 V / 50 Hz'}","{'Tiện ích': ['Khay đá xoay di chuyển linh hoạt', 'Ron cửa dễ vệ sinh', 'Ngăn rau củ cân bằng ẩm', 'Khay kệ có thể dịch chuyển', 'Khay cửa lớn XXL', 'Khay kính chịu lực', 'Chuông báo khi quên đóng cửa', 'Hệ thống đèn LED dịu nhẹ']}"
58,00912292,Tủ lạnh Aqua Inverter 328 lít AQR-T380FA(SL),Hàng sắp về,Aqua,Tủ lạnh,Ngăn đá trên,[],8290000,7990000,4,2024-10-31T23:59:00.000+07:00,"['Giảm 5% cho đơn từ 53,000đ', 'Giảm ngay 1 triệu khi mở thẻ tín dụng VPBank', 'Giảm đến 700.000đ khi thanh toán trả góp qua Kredivo', 'Giảm đến 1 triệu trả góp qua thẻ Visa']",https://fptshop.com.vn/tu-lanh/aqua-inverter-328-lit-aqr-t380fasl,https://cdn2.fptshop.com.vn/unsafe/aqua_aqr_t380fa_sl_1_a4c268bd26.png,Đen,"{'Model': 'AQR-T380FA(SL)', 'Xuất xứ': ['Việt Nam'], 'Thời điểm ra mắt': '2024', 'Thời hạn bảo hành sản phẩm': ['Máy nén 10 năm'], 'Màu sắc': ['Đen']}","{'Kích thước': 'Cao 163.5 cm - Ngang 59.8 cm - Sâu 69.5 cm', 'Trọng lượng sản phẩm': [{'displayValue': '52 kg', 'value': 52}], 'Chất liệu': ['Cửa: Mặt thép']}","{'Loại tủ': ['Tủ lạnh ngăn đá trên'], 'Dung tích sử dụng': ['Tổng: 345 lít', 'Sử dụng: 328 lít', 'Ngăn đá: 91 lít', 'Ngăn lạnh: 237 lít'], 'Số người sử dụng': '3-4 người', 'Công nghệ tiết kiệm điện': ['Inverter'], 'Công nghệ làm lạnh': ['Làm lạnh đa chiều', 'Làm lạnh gián tiếp'], 'Công nghệ kháng khuẩn khử mùi': ['Kháng khuẩn khử mùi DEO Fresh'], 'Công nghệ bảo quản thực phẩm': ['Ngăn trữ lạnh Chiller Box -1 độ C', 'Ngăn rau củ quả Fresh Box'], 'Công suất tiêu thụ điện trung bình': ['339 kWh/năm'], 'Nhãn năng lượng': '5 sao', 'Điện áp': '220 V / 50 Hz'}","{'Tiện ích': ['Đèn LED chiếu sáng', 'Ngăn đông mềm trữ thịt cá không cần rã đông', 'Hộp đá xoay di động', 'Khay kệ linh hoạt']}"
59,00911965,Tủ lạnh Hisense Inverter Multi Door 427 lít RQ519N4EBU,Hàng sắp về,Hisense,Tủ lạnh,Tủ nhiều cửa,[],13990000,13990000,0,,"['Giảm 5% cho đơn từ 53,000đ', 'Giảm ngay 1 triệu khi mở thẻ tín dụng VPBank', 'Giảm đến 700.000đ khi thanh toán trả góp qua Kredivo', 'Giảm đến 1 triệu trả góp qua thẻ Visa']",https://fptshop.com.vn/tu-lanh/hisense-inverter-multi-door-427-lit-rq519n4ebu?sku=00911965,https://cdn2.fptshop.com.vn/unsafe/hisense_rq519n4ebu_1_4cbde6c7a4.png,Đen,"{'Model': 'RQ519N4EBU', 'Xuất xứ': ['Trung Quốc'], 'Thời điểm ra mắt': '2024', 'Thời hạn bảo hành sản phẩm': ['Máy nén Trọn đời'], 'Màu sắc': ['Đen']}","{'Kích thước': 'Cao 181.7 cm - Rộng 79.4 cm - Sâu 64.3 cm', 'Trọng lượng sản phẩm': [{'displayValue': '87.2 kg', 'value': 87.2}], 'Chất liệu': ['Cửa tủ Gương']}","{'Loại tủ': ['Tủ lạnh nhiều cửa'], 'Dung tích sử dụng': ['Tổng: 436 lít', 'Sử dụng: 427 lít', 'Ngăn đá: 149 lít', 'Ngăn lạnh: 287 lít'], 'Công nghệ tiết kiệm điện': ['Inverter'], 'Công nghệ làm lạnh': ['Luồng khí lạnh đa chiều Multi Air Flow'], 'Công nghệ kháng khuẩn khử mùi': ['Không'], 'Công nghệ bảo quản thực phẩm': ['Ngăn rau củ cân bằng ẩm (Moisture Fresh Crisper)', 'Hoàn toàn không đóng tuyết Total No Frost', 'Ngăn cấp đông mềm linh hoạt'], 'Nhãn năng lượng': '3 sao'}","{'Tiện ích': ['Khay đá xoay di chuyển linh hoạt', 'Ron cửa dễ vệ sinh', 'Ngăn đựng Snack', 'Khay kệ có thể dịch chuyển', 'Khay cửa lớn XXL', 'Khay kính chịu lực', 'Chuông báo khi quên đóng cửa', 'Hệ thống đèn LED dịu nhẹ']}"
60,00912502,Tủ lạnh Hisense Inverter 424 lít RT549N4EBU-MBU,Hàng sắp về,Hisense,Tủ lạnh,,[],12990000,12990000,0,,"['Giảm 5% cho đơn từ 53,000đ', 'Giảm ngay 1 triệu khi mở thẻ tín dụng VPBank', 'Giảm đến 700.000đ khi thanh toán trả góp qua Kredivo', 'Giảm đến 1 triệu trả góp qua thẻ Visa']",https://fptshop.com.vn/tu-lanh/hisense-inverter-424-lit-rt549n4ebu-mbu,https://cdn2.fptshop.com.vn/unsafe/hisense_rt549n4ebu_1_7e34ed6608.png,Đen,"{'Model': 'RT549N4EBU-MBU', 'Xuất xứ': ['Trung Quốc'], 'Thời điểm ra mắt': '2024', 'Thời hạn bảo hành sản phẩm': ['Máy nén Trọn đời'], 'Màu sắc': ['Đen']}","{'Kích thước': 'Cao 172 cm - Ngang 68.5 cm - Sâu 70.4 cm', 'Trọng lượng sản phẩm': [{'displayValue': '69.3 kg', 'value': 69.3}], 'Chất liệu': ['Cửa tủ Mặt gương']}","{'Loại tủ': ['Tủ lạnh ngăn đá trên'], 'Dung tích sử dụng': ['Tổng: 424 lít', 'Sử dụng: 424 lít', 'Ngăn đá: 101 lít', 'Ngăn lạnh: 323 lít'], 'Công nghệ tiết kiệm điện': ['Inverter'], 'Công nghệ làm lạnh': ['Luồng khí lạnh đa chiều Multi Air Flow'], 'Công nghệ kháng khuẩn khử mùi': ['Bộ lọc diệt khuẩn, khử mùi Active Hygiene'], 'Công nghệ bảo quản thực phẩm': ['Hoàn toàn không đóng tuyết Total No Frost'], 'Nhãn năng lượng': '5 sao', 'Điện áp': '220 V / 50 Hz'}","{'Tiện ích': ['Khay đá xoay di chuyển linh hoạt', 'Ron cửa dễ vệ sinh', 'Ngăn rau củ cân bằng ẩm', 'Khay kệ có thể dịch chuyển', 'Khay cửa lớn XXL', 'Khay kính chịu lực', 'Hệ thống đèn LED dịu nhẹ']}"
61,00912501,Tủ lạnh Electrolux Inverter 312 lít ETB3440M-H,Hàng sắp về,Electrolux,Tủ lạnh,,[],10990000,10990000,0,,"['Giảm 5% cho đơn từ 53,000đ', 'Giảm ngay 1 triệu khi mở thẻ tín dụng VPBank', 'Giảm đến 700.000đ khi thanh toán trả góp qua Kredivo', 'Giảm đến 1 triệu trả góp qua thẻ Visa']",https://fptshop.com.vn/tu-lanh/electrolux-inverter-312-lit-etb3440m-h,https://cdn2.fptshop.com.vn/unsafe/electrolux_etb3440m_h_1_afd533852c.png,Đen,"{'Model': 'ETB3440M-H', 'Xuất xứ': ['Thái Lan'], 'Thời điểm ra mắt': '2024', 'Màu sắc': ['Đen']}","{'Kích thước': 'Cao 163.5 cm - Ngang 59.8 cm - Sâu 65 cm', 'Trọng lượng sản phẩm': [{'displayValue': '59.9 kg', 'value': 59.9}], 'Chất liệu': ['Cửa tủ Thép phủ sơn', 'Khay ngăn lạnh: Kính chịu lực']}","{'Loại tủ': ['Tủ lạnh ngăn đá trên'], 'Dung tích sử dụng': ['Tổng: 331 lít', 'Sử dụng: 312 lít', 'Ngăn đá: 73 lít', 'Ngăn lạnh: 238 lít'], 'Công nghệ tiết kiệm điện': ['Inverter'], 'Công nghệ làm lạnh': ['Hệ thống làm lạnh EvenTemp'], 'Công nghệ kháng khuẩn khử mùi': ['Khử mùi TasteGuard giảm 93,5% mùi khó chịu'], 'Công nghệ bảo quản thực phẩm': ['Ngăn đông mềm TasteSeal -2 độ C và ngăn bảo quản rau củ quả TasteLock'], 'Nhãn năng lượng': '5 sao', 'Điện áp': '220 V / 50 Hz'}","{'Tiện ích': ['Hộp đá xoay', 'Lấy nước ngoài']}"
62,00912497,Tủ lạnh Electrolux Inverter Multi Door 496 lít EQE4900A-A,Hàng sắp về,Electrolux,Tủ lạnh,,[],23490000,23490000,0,,"['Giảm 5% cho đơn từ 53,000đ', 'Giảm ngay 1 triệu khi mở thẻ tín dụng VPBank', 'Giảm đến 700.000đ khi thanh toán trả góp qua Kredivo', 'Giảm đến 1 triệu trả góp qua thẻ Visa']",https://fptshop.com.vn/tu-lanh/electrolux-inverter-multi-door-496-lit-eqe4900a-a,https://cdn2.fptshop.com.vn/unsafe/electrolux_eqe4900a_a_1_ab4fe22aa5.png,Xám,"{'Model': 'EQE4900A-A', 'Xuất xứ': ['Trung Quốc'], 'Thời điểm ra mắt': '2024', 'Màu sắc': ['Xám']}","{'Kích thước': 'Cao 178 cm - Ngang 70.2 cm - Sâu 83.6 cm', 'Trọng lượng sản phẩm': [{'displayValue': '89 kg', 'value': 89}], 'Chất liệu': ['Cửa tủ Thép phủ sơn', 'Khay ngăn lạnh: Kính chịu lực']}","{'Loại tủ': ['Tủ lạnh nhiều cửa'], 'Dung tích sử dụng': ['Tổng: 496 lít', 'Sử dụng: 496 lít', 'Ngăn đá: 186 lít', 'Ngăn lạnh: 310 lít'], 'Công nghệ tiết kiệm điện': ['Inverter'], 'Công nghệ làm lạnh': ['Hệ thống làm lạnh EvenTemp'], 'Công nghệ kháng khuẩn khử mùi': ['Bộ lọc than hoạt tính'], 'Công nghệ bảo quản thực phẩm': ['Ngăn rau củ bảo quản thực phẩm'], 'Nhãn năng lượng': 'Đang cập nhật', 'Điện áp': '220 - 240V / 50 Hz'}",
63,00912287,Tủ Lạnh Aqua Inverter Multi Door 469 Lít AQR-M536XA(WGB),Hàng sắp về,Aqua,Tủ lạnh,Tủ nhiều cửa,[],18990000,16990000,11,2024-10-31T23:59:00.000+07:00,"['Giảm 5% cho đơn từ 53,000đ', 'Giảm ngay 1 triệu khi mở thẻ tín dụng VPBank', 'Giảm đến 700.000đ khi thanh toán trả góp qua Kredivo', 'Giảm đến 1 triệu trả góp qua thẻ Visa']",https://fptshop.com.vn/tu-lanh/aqua-inverter-multi-door-469-lit-aqr-m536xawgb,https://cdn2.fptshop.com.vn/unsafe/aqua_aqr_m536xa_wgb_1_2de66dc32a.png,Đen,"{'Model': 'AQR-M536XA(WGB)', 'Xuất xứ': ['Thái Lan'], 'Thời điểm ra mắt': '2024', 'Thời hạn bảo hành sản phẩm': ['Máy nén 10 năm'], 'Màu sắc': ['Đen']}","{'Kích thước': 'Cao 181.1 cm - Ngang 83.3 cm - Sâu 65.5 cm', 'Trọng lượng sản phẩm': [{'displayValue': '99 kg', 'value': 99}], 'Chất liệu': ['Cửa: Mặt kính']}","{'Loại tủ': ['Tủ lạnh nhiều cửa'], 'Dung tích sử dụng': ['Tổng: 516 lít', 'Sử dụng: 469 lít', 'Ngăn đá: 151 lít', 'Ngăn lạnh: 318 lít'], 'Số người sử dụng': '4-5 người', 'Công nghệ tiết kiệm điện': ['Inverter'], 'Công nghệ làm lạnh': ['Làm lạnh gián tiếp', 'Làm lạnh 360 độ'], 'Công nghệ kháng khuẩn khử mùi': ['Kháng khuẩn khử mùi H-DEO Fresh'], 'Công nghệ bảo quản thực phẩm': ['Công nghệ cân bằng độ ẩm HCS', 'Làm lạnh đa chiều giúp thực phẩm tươi ngon', 'Ngăn Magic Zone 3 mức điều chỉnh nhiệt độ', 'Ngăn rau cũ giữ ẩm Humidity Zone'], 'Công suất tiêu thụ điện trung bình': ['431,3 kWh/năm'], 'Nhãn năng lượng': '5 sao', 'Điện áp': '220 V / 50 Hz'}","{'Tiện ích': ['Đèn LED chiếu sáng', 'Làm lạnh nhanh', 'Khoá trẻ em', 'Khay đá di động', 'Bảng điều khiển cảm ứng bên ngoài cửa tủ', 'Lấy nước bên ngoài']}"
